wEv0m,7k/B1p3bp/3p2p1/n2r4/5P2/2P5/PP1Nr1PP/3R1RK1 w - - 3 20,d1e1 d5d2 e1e2 d2e2,1485,76,92,1731,advantage hangingPiece middlegame short
DsVbN,r4rk1/pp3pp1/1qp1b2p/3nP3/2B2P2/6N1/PP1Q2PP/R2R3K b - - 2 19,d5f4 d2f4 e6c4 f4c4,1239,79,91,4347,crushing hangingPiece master middlegame short
5yQXf,8/3Bk3/2p1P2p/2Pp4/pKb5/6P1/6P1/8 b - - 3 46,d5d4 b4c4 a4a3 c4b3,1336,78,92,5297,bishopEndgame crushing endgame hangingPiece short
wURGf,8/5N2/6kP/p1P5/P7/4K3/7r/8 w - - 1 52,c5c6 g6f7 c6c7 h2c2 h6h7 f7g7 c7c8q c2c8,1666,76,97,3111,crushing endgame hangingPiece veryLong
8Lo3U,1rbq1rk1/4ppbp/2np1np1/8/1p2P3/1P1P1N2/NB1QBPPP/R4RK1 b - - 1 14,f6e4 d3e4 g7b2 d2b2,1272,77,86,1240,advantage hangingPiece middlegame short
L65Uk,r3k2r/pb1pBppp/2nPp3/2p5/2p5/1P1B4/P2K1PPP/R5NR w kq - 0 13,d3c4 c6e7 d6e7 b7g2 g1e2 g2h1,1784,74,94,13295,advantage discoveredAttack long middlegame trappedPiece
vmkza,8/3p2pp/4kn2/5R2/1B2p3/5p2/2P5/5K2 w - - 2 47,f5f4 g7g5 f4f6 e6f6,1891,77,90,2510,crushing endgame short trappedPiece
71qq8,rnbq1r2/ppp2pk1/5bpp/4p3/2P5/2NBPN2/PP3PPP/R2Q1RK1 w - - 0 11,d1b3 d8d3 a1d1 d3f5,1552,75,93,3554,advantage hangingPiece middlegame short
zv9yf,8/1p3k2/p1p3p1/2P3P1/P6P/1P1K1P2/8/1n6 b - - 0 41,f7e6 d3c2 b1a3 c2b2 a3b5 a4b5,1934,77,93,1984,advantage defensiveMove endgame knightEndgame long trappedPiece
QuRRG,1r2r1k1/1b3p2/5qp1/1P5p/3p4/3B2QP/5PPK/2R1R3 b - - 3 28,e8e1 g3b8 e1e8 b8e8,1284,81,87,1684,crushing fork hangingPiece middlegame short
eTyut,r1bq1rk1/ppp2ppp/3b1n2/6B1/3QB3/5N2/PPP2PPP/R3R1K1 b - - 0 12,d6h2 g1h2 d8d4 f3d4,1385,79,93,1521,advantage hangingPiece middlegame short
LT42j,r2br1k1/qp3p2/p5pB/3pn3/1P1N2Q1/2P5/P5PP/4RR1K b - - 0 29,e5g4 e1e8 g8h7 f1f7 h7h6 e8h8 h6g5 h2h4,1247,74,96,4656,hangingPiece kingsideAttack mate mateIn4 middlegame veryLong
nD5Zw,r3r1k1/1p3ppp/p1b2q2/3pN3/3P1B2/2P5/PP1Q1PPP/R5K1 b - - 3 19,e8e6 f4g5 f6f5 g2g4 f5e4 f2f3 e6e5 f3e4,1849,75,88,802,crushing middlegame trappedPiece veryLong
Rj0jj,8/1pR5/2b1k2P/4r3/8/p3BP2/PrR2KP1/8 w - - 1 39,f2g3 b2c2 h6h7 e5h5,1459,76,100,1498,advantage endgame hangingPiece short
NeLp3,r4rk1/pp2bppp/1qn1pn2/1N1p4/P2P1B2/5B2/1PP2PPP/R2Q1RK1 b - - 0 12,a7a6 f4c7 a6b5 c7b6,1512,75,87,1207,crushing middlegame short trappedPiece
OH3fE,1R6/B4ppk/4p2p/3nP3/7P/6P1/1r1r1PK1/5R2 b - - 4 29,d5e3 a7e3 b2b8 e3d2,1539,78,93,4232,crushing endgame hangingPiece short
w8MGw,2k1r1r1/ppp2p2/3p1Qbp/6p1/3P4/2P1NP2/P1P5/2K1R3 w - - 4 27,c1d2 e8e6 f6e6 f7e6,1238,75,100,1181,advantage endgame short trappedPiece
VhWQb,6rk/p6p/1p3q1B/2p2P2/1P1br3/P4R1Q/6PP/1R5K w - - 0 27,b1f1 e4h4 h3h4 f6h4,1258,81,93,931,crushing middlegame short trappedPiece
tcH3M,5q1k/7p/2p1p3/3p4/8/5R2/P4K2/8 b - - 5 45,f8f3 f2f3 h8g7 a2a4,1182,76,99,937,advantage defensiveMove endgame hangingPiece short
3TAMU,7r/5kp1/2r1p3/p3Pp2/1PpP1Pp1/1qBp2Q1/1P3KP1/3R1R2 w - - 0 29,d1d2 a5b4 c3b4 b3b4,1435,75,89,800,advantage master middlegame short trappedPiece
UXVCE,r1bq1r2/ppp2kpQ/5pn1/2Pp1p2/3P4/4P1P1/PP1N1PP1/R3K1NR w KQ - 0 14,d2f3 f8h8 h7h8 g6h8,1326,76,94,12188,advantage middlegame short trappedPiece
rrUSU,r2qkbnr/pQp2ppp/4b3/2nPp3/8/4P3/PP1P1PPP/RNB1KBNR w KQkq - 1 6,b7c6 e6d7 c6b5 d7b5,1086,82,91,904,advantage defensiveMove opening short trappedPiece
RggZ5,3r2k1/2p2ppp/2p1p3/4P3/Pb1N4/2nbB2P/5PP1/R5KR b - - 4 24,d8d4 e3d4 c3e2 g1h2,1209,82,89,1047,advantage hangingPiece middlegame short
9KqXH,r1q1r1k1/pp2Ppp1/2bb3p/3N4/3P4/5NP1/PP3P1P/2RQR1K1 w - - 1 19,d5b4 d6b4 d4d5 b4e1,1392,77,96,21471,advantage hangingPiece middlegame short
4wbBK,2kr2r1/pb3p1p/2p1pBp1/1n2P3/Q3B1q1/8/PP3PPP/3R1RK1 w - - 5 21,e4f3 g4a4 d1d8 g8d8,1253,79,92,2409,crushing hangingPiece middlegame short
SWqr1,2N5/3k4/1P4pp/4p3/3bP1K1/6P1/8/8 w - - 1 45,c8e7 d7e7 b6b7 d4a7,1663,78,92,1349,crushing defensiveMove endgame hangingPiece short
IdUxy,8/2p5/8/2PP4/8/3R2p1/4K2k/2b5 w - - 7 78,d3g3 h2g3 d5d6 c7c6 d6d7 c1g5,1999,74,95,2278,crushing defensiveMove endgame hangingPiece long quietMove
2cyEU,2rq4/2r5/p1P2Rpk/1pR5/1P2p3/2QpP1P1/7P/6K1 w - - 10 40,c5h5 h6h5 c3e5 h5h6,1368,76,93,2408,crushing defensiveMove endgame hangingPiece short
cOWAT,r3r1k1/pp3p1p/3p2pB/4p3/2P1P2q/1P2Q2P/P5P1/R5K1 b - - 3 20,e8e6 h6g5 h4h5 g2g4 h5g5 e3g5,1435,74,100,1141,advantage endgame long trappedPiece
oilOm,2kr3r/1pp2ppp/p1n2n2/1NbpqP2/Q1P2B2/6N1/PP4PP/R4R1K b - - 4 16,e5b2 a1b1 b2b1 f1b1,1935,77,93,4522,advantage middlegame short trappedPiece
soAqD,r1b1k1r1/ppp2p1Q/2n1p1p1/4BnN1/2PPK3/q2B4/P4PPP/R1R5 b q - 20 22,c6e5 h7g8 a3f8 g8f8,1850,77,93,6627,crushing hangingPiece master middlegame short
H0Dq9,r4r1k/p4Npp/1p6/2pQp3/3p3b/5P1R/PPP1q1PP/3R3K b - - 6 26,f8f7 d5a8 h4d8 a8d8 f7f8 d8f8,1376,77,96,11150,hangingPiece kingsideAttack long master mate mateIn3 middlegame
oJdRD,8/8/5k2/2KP1p2/4b3/6P1/4B3/8 b - - 0 50,e4d5 c5d5 f5f4 g3g4 f4f3 e2f3,1844,76,91,717,bishopEndgame crushing endgame hangingPiece long quietMove
d86oA,r3kb1r/pp3p2/2p1qp2/3p3p/3pPQb1/1B1P4/PPPN1PPP/R3K2R w KQkq - 0 13,h2h3 f8d6 f4d6 e6d6,1837,73,94,15583,advantage middlegame short trappedPiece
NoMim,r4k1r/p3qBp1/1p1p1b2/1Pp2QN1/P7/7P/5PP1/R3K2R w KQ - 1 25,g5e6 f8f7 e1g1 e7e6,1300,81,93,1475,crushing hangingPiece middlegame short
n8yOf,r4rk1/5Rpp/4p3/p3b2N/4Q3/1P5P/1q4P1/5R1K b - - 0 31,f8f7 e4a8 e5b8 a8b8 f7f8 f1f8,1220,80,92,4068,hangingPiece long mate mateIn3 middlegame
ANy44,r7/p5k1/4pP2/1p6/2nP1P2/2PQP3/Pq1NK3/R6r b - - 0 25,g7f7 a1h1 b2d2 d3d2 c4d2 e2d2,1405,76,91,1895,advantage hangingPiece long middlegame
b72OJ,8/8/8/2k5/1p2K3/3nNP2/8/8 b - - 2 56,b4b3 e4d3 b3b2 d3c2 b2b1r c2b1,1372,82,92,1462,crushing endgame hangingPiece knightEndgame long
YQl3u,5N2/1p6/p7/2b2p1P/2B5/4p1k1/PPP5/1K6 w - - 1 50,h5h6 c5f8 h6h7 f8g7,1587,76,97,1842,crushing endgame hangingPiece short
YUlKY,r2q1b1r/1p2k1pB/p3pnb1/2pp2B1/3n4/2N2N1Q/PPP2PPP/2KR3R w - - 5 13,c3d5 d8d5 g5f6 g7f6,1360,75,86,1625,crushing hangingPiece middlegame short
jOVT5,8/8/3p4/1P1Pb1kb/2P1P3/4K2p/8/R7 w - - 4 58,b5b6 e5a1 b6b7 h3h2 b7b8q h2h1q,1751,76,96,2307,advancedPawn crushing endgame hangingPiece long promotion
xbmuj,r4rk1/ppp3pp/4bp2/2q1n3/4QB2/2PB3P/P4PP1/R2R2K1 b - - 3 17,e5d3 e4e6 g8h8 d1d3,1143,76,96,1518,advantage hangingPiece intermezzo middlegame short
xjFHx,4r1k1/bpp2r2/p2pp2p/2P3p1/1P1PPp1q/P4P1P/Q4PKB/R2R4 b - - 0 26,h6h5 h2g3 h4g3 f2g3,1714,75,89,1084,crushing middlegame short trappedPiece
q8EZn,b4rk1/2q1bppp/B4n2/2p1B3/1rN5/7P/P1Q2PP1/1RR3K1 b - - 0 24,b4b1 e5c7 b1c1 c2c1,1331,76,91,594,advantage hangingPiece middlegame short
hFQUg,r1bqkbnr/pp2n1p1/2pp3p/3Pp1N1/2Q1Pp2/2N5/PPP2PPP/R1B1KB1R w KQkq - 0 9,d5c6 h6g5 c6b7 c8b7,1692,77,89,1600,advantage hangingPiece opening short
euETx,4rrk1/1b3p2/p1p3pp/2ppp1Pq/7P/3P2Q1/PPP1N2R/5R1K b - - 1 27,e5e4 e2f4 h5f3 f1f3,1350,76,92,1647,advantage middlegame short trappedPiece
4Ruto,2r3k1/pp3pp1/4p2p/3p4/2r5/PR1Q2P1/q1P2P1P/1R4K1 b - - 6 25,b7b6 b3b2 a2b1 b2b1,1350,73,94,26036,advantage endgame short trappedPiece
IkHpG,r3kr2/pp3pp1/2nbp2p/3p2N1/2pP4/2P1P1P1/qPQKBPP1/3R3R w q - 2 16,g5e6 f7e6 d1a1 a2b3 c2b3 c4b3,1428,78,90,3935,advantage hangingPiece long middlegame
m0yCr,r1b1nrk1/1pq3pp/p1n1pp2/3pP1N1/5B2/1B6/PP2QPPP/R2R2K1 w - - 0 16,e5f6 c7f4 g5e6 c8e6 e2e6 g8h8,1929,77,90,885,advantage hangingPiece long middlegame
e1PUp,5rk1/ppp2ppp/2n5/4p3/PP6/2P4P/Q2P2PK/RNq5 b - - 1 17,c6e7 b1a3 c1a1 a2a1,1006,77,95,2297,advantage endgame quietMove short trappedPiece
CIQ2r,1r2k2r/5pp1/4p1n1/p2qP3/P1Pn2P1/5NK1/1PQNb3/R6R w k - 0 26,c4d5 d4c2 h1h8 g6h8,1542,77,93,2416,advantage hangingPiece middlegame short
Fo4fr,r2qk3/ppp5/3ppn2/2b1p2r/3nP2B/2NP4/PPPQ1PP1/R3K2R w KQq - 0 17,h4f6 h5h1,1156,75,97,1996,hangingPiece mate mateIn1 middlegame oneMove
liCHp,1k5r/p2rbBpp/b2p4/1p6/4q1P1/3nBN1P/PP3Q2/K1RR4 w - - 2 27,d1d3 e4d3 f3e1 d3e4,1649,76,100,881,advantage hangingPiece middlegame short
jCGLz,5r1k/7p/3ppq2/p4pR1/4P2Q/P5PK/5P1P/8 w - - 2 36,g5g8 h8g8 h4f6 f8f6,1544,79,93,3859,crushing endgame hangingPiece short
YpNUl,r4knr/pp3ppp/1bnN1q2/3Q4/5B2/5P2/PPP1PP1P/R3KB1R w KQ - 3 11,d6e4 f6f4 d5d6 f4d6,1904,78,91,1878,advantage hangingPiece opening short
ksjP5,r2qk2r/ppp3p1/2nppn1p/2b1p3/P3P3/2PP1N1P/1P1B1PP1/RN1QK2R b KQkq - 0 9,e8g8 b2b4 c5b6 a4a5 b6f2 e1f2,1848,80,92,1804,advantage long opening trappedPiece
i7UvT,4rrk1/8/5q1p/p4bp1/Np3p2/nP1B1Q1P/2P2PP1/R3R1K1 w - - 6 32,e1e8 f6a1 g1h2 f8e8,1453,78,94,20180,advantage hangingPiece intermezzo middlegame short
KhzPI,r2r2kb/p2Rpp1p/6pP/3Q4/3n4/1P2B1P1/P4PK1/1q6 b - - 4 25,d8d7 d5a8 d7d8 a8d8,1456,79,93,5313,hangingPiece mate mateIn2 middlegame short
JDQDl,r1bk1r2/ppp1bBQp/2np4/6N1/8/6q1/PP1PK3/R1B5 b - - 1 22,e7g5 g7f8 d8d7 f8e8,1134,76,95,2129,hangingPiece mate mateIn2 middlegame short
mmxVC,r3rk2/p2b2p1/1p2q2p/1Q2np1P/P7/1BP2N2/P4P2/1R2R1K1 w - - 0 26,b3e6 e5f3 g1f1 d7b5 b1b5 f3e1,1711,75,95,8541,advantage fork hangingPiece long middlegame
ozypv,r2q1rk1/1Qp1n3/pb3p2/3p1p1p/3P1P2/2P4P/PP3PB1/R1B1R1K1 w - - 0 20,c1d2 a8a7 b7a7 b6a7,1521,78,92,1046,advantage middlegame short trappedPiece
eLTpM,r3kb1r/1ppq1ppp/p1n2n2/1B2p3/4P3/2N2Q1P/PPPP2P1/R1B2R1K w kq - 0 11,c3d5 a6b5 d5f6 g7f6 f3f6 h8g8,1661,79,92,1253,crushing hangingPiece long opening
ZZZi1,r3k1nr/pppq1pp1/2nb4/4p3/2PpN3/P2P1NP1/1P2PP2/R1BQRbKB w kq - 1 13,g1f1 h8h1 f3g1 d7h3,1695,75,100,767,hangingPiece mate mateIn2 opening pin short
QE98W,2r3k1/1p3pp1/p3p2p/3p4/3PnP2/1PrN3P/2P1R1P1/2R3K1 b - - 3 30,c3b3 c2b3 c8c1 d3c1,1177,75,96,3379,advantage endgame hangingPiece short
gk2xA,r5kb/2q1rp1p/bn1p2pB/1p6/2pNPQ2/2P5/1PB2PPP/R4RK1 w - - 2 23,d4b5 a6b5 a1a8 b6a8,1130,75,97,736,advantage hangingPiece master middlegame short
h5NYO,3r1bk1/1b1q4/2p1p1p1/Q3PpPp/PpP5/1P3N2/1B3PP1/1R4K1 w - - 1 29,f3d4 d8a8 a5b6 a8a6 b6b7 d7b7,1873,77,95,16715,crushing long middlegame trappedPiece
oHeJI,2r3k1/2P2pp1/b7/4p3/4P3/B1Q3Pp/4qP1P/2R3K1 b - - 3 38,c8c7 c3c7 e2f3 c7d8 g8h7 d8h4,1327,75,97,3608,advantage endgame hangingPiece long
19vn5,r1b1r1k1/1p1nbpp1/pqn1p2p/4P3/8/P1N2NBP/1P2BPP1/R2Q1RK1 b - - 2 15,b6b2 c3a4 b2a1 d1a1,1519,79,94,1826,advantage opening short trappedPiece
Dax3n,r3r1k1/2p1bppp/p1pp1n2/8/N3P3/1P2Q3/q2B1PPP/2R1R1K1 b - - 1 18,a2a3 c1a1 a3a1 e1a1,1372,76,86,857,advantage middlegame short trappedPiece
qiSSf,2rqr1k1/1b3pp1/p6p/1p2bN2/8/P3Q3/BP1R1PPP/R5K1 b - - 0 25,e5h2 g1h2 e8e3 d2d8,1466,77,95,14800,advantage hangingPiece middlegame short
fizu2,r4rk1/1p3ppp/2pq4/p2p1b2/P2P4/1QP1P3/4BPPP/R2R2K1 w - - 0 17,b3b7 f8b8 b7a8 b8a8,1538,74,97,15999,crushing middlegame short trappedPiece
FxOif,2kr2r1/pppq3p/4R1p1/8/3P2Q1/2P5/P1P3PP/5RK1 w - - 1 21,f1f7 d7f7 e6e7 f7f5 g4f5 g6f5,1630,78,91,837,crushing endgame hangingPiece long
2KX8F,7k/p1p2R1p/4Q1p1/2p2nq1/5R2/7P/PP3PP1/3r2K1 w - - 5 32,g1h2 g5f4 g2g3 f4f2,1168,76,95,7809,endgame hangingPiece mate mateIn2 short
VY6rJ,3q1r2/pp3pbk/2n1b1pp/3p4/3P3N/4P3/PPQ1N1PP/3R1RK1 w - - 1 22,e2f4 d8h4 f4e6 f7e6 f1f8 g7f8,1400,80,88,609,advantage hangingPiece long middlegame
BCju6,3r3r/1pk3p1/pNp1p1bp/5p2/3qP1P1/3B1Q1P/2P1K3/RR6 w - - 2 28,b6c4 f5e4 f3f4 e6e5 f4e5 d4e5 c4e5 e4d3,1645,77,95,4150,advantage fork middlegame trappedPiece veryLong
7wqWN,r1bqk2r/1p3pp1/5n2/p2pb2p/8/PP1BP3/3N1PPP/1RBQ1RK1 b kq - 1 13,e5h2 g1h2 f6g4 h2g1,1313,77,91,2920,crushing defensiveMove hangingPiece opening short
zcHUt,1r1k1b2/pp4p1/2p1pq2/3p4/3P2PP/8/2P1Q3/2K2R2 b - - 1 32,f6h4 f1f8 d8c7 e2e5 c7b6 f8b8,1542,76,93,3104,crushing deflection endgame exposedKing hangingPiece long master
oa2Gt,rnbqk1nr/p4ppp/3bp3/1p1pN3/2pP4/2P1P1B1/PP3PPP/RN1QKB1R b KQkq - 1 7,f7f6 d1h5 g7g6 e5g6 h7g6 h5h8,1204,81,93,6945,crushing long opening pin trappedPiece
3zdup,2b2rk1/r4ppp/pq2pn2/3p4/B7/4RN2/PPP2PPP/R2Q2K1 b - - 2 18,b6b2 e3b3 b2a1 d1a1,1406,76,93,1183,advantage master middlegame short trappedPiece
sm3Xj,r4rk1/pp2npbp/1qn1p1p1/3p4/3P1B2/1P1BPN1P/P1R1QPP1/5RK1 b - - 4 15,c6b4 f4c7 b4c2 c7b6,1484,77,94,2292,crushing middlegame short trappedPiece
y2AEp,r3k2r/ppqb1pp1/2nbpn1p/1B1pN3/3P1B2/2P4P/PP3PP1/RN1QK2R w KQkq - 6 11,e5f7 e8f7 f4d6 c7d6,1344,79,91,510,advantage hangingPiece middlegame short
Q1TC4,r1b1kb1r/p1p2ppp/8/1p1P4/3nB2q/2P5/PP1P1PPP/RNBQK2R w KQkq - 1 10,e4d3 c8g4 c3d4 g4d1,1159,77,90,2113,advantage opening short trappedPiece
nuvJT,r3kb1r/1p1b1ppp/pqn1p3/3pP3/3P4/P1N1PN2/1P2B1PP/R2Q1RK1 b kq - 0 12,b6b2 c3a4 b2a1 d1a1,1445,75,94,14739,crushing opening short trappedPiece
hpmLy,r1b2r2/1pq3pk/p2p1b1p/2pB1p2/2Pn4/1P4P1/PB1QNP1P/R3R1K1 b - - 1 17,d4f3 d5f3 f6b2 d2b2,1061,83,90,546,advantage hangingPiece middlegame short
lkVJY,4k3/p1p3rp/1p1np3/4N1P1/2PP4/r2P1KP1/P1R5/2B5 b - - 6 30,d6f7 c1a3 f7e5 d4e5,1310,77,94,10016,crushing endgame hangingPiece master masterVsMaster short superGM
ITeN8,r2q1rk1/1b2b1pp/p1n1p1n1/1p1pPp2/3P1P2/1Q1BBN2/PPRN2PP/5RK1 w - - 4 15,f1c1 c6a5 b3c3 a8c8 c3c8 b7c8,1976,76,93,5980,advantage long middlegame trappedPiece
Kystz,8/2R2p1k/p5p1/1p1br2p/4P3/3B2P1/P1Q2PKP/4q3 b - - 0 38,d5e6 f2f4 h5h4 f4e5,1815,76,94,6957,crushing endgame master short trappedPiece
VgeM7,1r3r2/4ppkp/p1ppbnp1/q7/4P1P1/2N2P2/PPPQB2P/1K1R3R b - - 0 15,b8b2 b1b2 f8b8 b2a1,1356,81,95,9818,advantage defensiveMove hangingPiece middlegame short
beVQl,5rk1/pbR2p1p/1p2p1p1/4Q3/P7/8/1P1qBPPP/6K1 b - - 1 20,b7a6 e2a6 d2d1 a6f1,1235,83,93,1109,advantage endgame hangingPiece short
tXYXF,rn2k2r/pp3ppp/2p1b3/3n4/1q1P4/P1N2N2/1P3PPP/R2QKB1R b KQkq - 0 12,b4b2 c3a4 d5c3 a4b2,1997,74,93,5776,advantage opening short trappedPiece
yz3Fk,r1br2k1/1p2bpp1/pqnppn1p/8/2P1PP1B/P1NB1N2/1P4PP/R2Q1R1K b - - 7 14,b6b2 c3a4 b2a1 d1a1,1675,75,88,2026,advantage middlegame short trappedPiece
JbG11,r3r1k1/1pp3p1/p3p2p/8/3b1Bn1/2N4P/PP2RPP1/4R1K1 b - - 0 19,e6e5 h3g4 d4c3 b2c3,1609,72,95,23636,advantage hangingPiece middlegame short
nEJyK,r1bq1rk1/p2nppbp/2pp2p1/2p1P3/8/1P1P1N2/PBP2PPP/RN1Q1RK1 w - - 1 10,e5d6 g7b2 d6e7 d8e7,1295,77,87,2573,advantage hangingPiece opening short
hKIZB,4rrk1/1p3pq1/p2p2n1/3P2N1/P1P4Q/8/1P4PP/4RR1K w - - 1 30,e1e8 g6h4 e8f8 g7f8,1792,78,98,3635,advantage hangingPiece middlegame short
yHsZa,2k2b1r/pppq2pp/3rp3/2Q5/3P2b1/2N1P3/PP1BNP2/R3K2R w KQ - 3 16,c5a7 d6a6 a7a6 b7a6,1312,77,94,5022,advantage middlegame short trappedPiece
qbY6O,3Q2n1/bk3q2/p1p2p2/1p2n1pp/1Pp1P3/P5P1/5PBP/3R1RK1 w - - 7 33,d1d6 a7b6 d8b6 b7b6,1660,76,90,1602,crushing middlegame short trappedPiece
4qD82,r1b2rk1/pp3p1p/2n1p1p1/8/3P2q1/1P1B1N1P/P4PP1/R2QK2R b KQ - 0 17,g4g2 h1h2 g2h2 f3h2,1958,75,95,1392,advantage middlegame short trappedPiece
b2p77,1rrn4/Qp1q1pkp/4p1p1/1R6/2Pp4/3P2PP/4PPB1/1R4K1 w - - 5 27,h3h4 b8a8 a7b6 a8a6 b6a6 b7a6,1898,75,88,953,advantage long master middlegame trappedPiece
7pSbD,r4rk1/1b1qppbp/p2p1np1/1p1N4/3NPP2/4BQ1P/PPP3P1/R4RK1 b - - 3 13,f6e4 f3e4 e7e6 d5b6 b7e4 b6d7,1699,76,92,537,advantage fork hangingPiece long middlegame
4NjDQ,r3k2r/pp3pp1/2pQ1n1p/4N1q1/2P1p3/1P2P2b/PBB2PPP/R4RK1 w kq - 1 16,c2e4 f6e4 d6d7 h3d7,1637,77,100,1287,crushing hangingPiece middlegame pin short
3hXTm,r2q1rk1/5pp1/2pp3p/4b2Q/Np2P3/1P1P3P/1P4P1/R4RK1 b - - 1 20,e5b2 a4b2 a8a1 f1a1,1306,75,98,4356,advantage hangingPiece middlegame short
eIAHM,2k1r1r1/pp1n1p2/2p4p/3n4/N2p1B1Q/qP1P3P/P1R1PP2/5K1R b - - 5 21,d5b4 f4c1 b4c2 c1a3,1813,75,89,643,advantage master masterVsMaster middlegame short trappedPiece
eMoVC,r1b1k2r/pp3ppp/1qp2n2/8/8/Q3P3/P2B1PPP/2R1KB1R b Kkq - 2 13,c8e6 d2a5 b6a5 a3a5,1152,80,94,2000,advantage middlegame short trappedPiece
oqiq9,rnb1kbnr/pp2pppp/8/3q2N1/4p3/8/PPQP1PPP/RNB1KB1R b KQkq - 3 6,d5g5 c2c8,1356,77,88,771,hangingPiece mate mateIn1 oneMove opening
hhhpv,r5k1/pp1n1ppp/2pb2q1/3p1n2/3P4/P2Q1N1P/1PPBNPP1/R5K1 b - - 5 15,f5h4 f3h4 g6d3 c2d3,1409,76,88,782,advantage hangingPiece middlegame short
COzAf,r5k1/ppp2rp1/3p2np/3Pp3/2P1Q1q1/3N2P1/PP3P1P/R3R1K1 b - - 3 21,g4h3 e4g6 f7f6 g6e4,1563,79,93,1574,crushing hangingPiece master middlegame short
xkgFG,b3Bb2/1qr2k2/4pBnp/4P2Q/1nP5/8/1P3PPP/3R2K1 b - - 2 25,f7e8 h5g6 c7f7 d1d8,1186,76,86,1241,hangingPiece mate mateIn2 middlegame operaMate short
DnwnC,r4rk1/pp1n2pp/2p1p3/5n2/2PPq3/P7/3QBBPP/R4RK1 b - - 3 19,f8f6 e2f3 e4f3 g2f3,1908,77,89,1394,crushing middlegame short trappedPiece
GtSBJ,5rk1/ppp1bppp/4p3/6P1/4QB1P/2P2P2/PPKR1q2/8 b - - 6 22,f2h4 d2h2 h4h2 f4h2,1338,77,93,2231,advantage endgame short trappedPiece
pfNXB,N1b3nr/ppBk1ppp/4p1n1/2p5/3p4/3P1QP1/PPP2KBq/R7 b - - 5 16,g8f6 a1h1 h2h1 g2h1,1627,74,95,4560,crushing middlegame short trappedPiece
Y01Jj,r4rk1/pp2bppp/2np4/2p1p2n/2P1N3/PP2PPPq/1B1PN3/R2Q1RK1 b - - 2 14,f7f5 e4f2 h3g3 e2g3,1655,77,93,2927,advantage middlegame short trappedPiece
3cABw,2r3k1/Rb1r1n1p/1p2pp2/3p4/1PP2P2/2N2BP1/7P/3R2K1 w - - 0 26,c4d5 c8c3 d5e6 d7d1 f3d1 f7d6,1708,75,100,520,advantage defensiveMove hangingPiece long middlegame
apNe1,2k1r3/ppp2pp1/2q2n1p/4p3/1Pb5/2Pr1NNP/P3QPP1/2R1K2R b K - 5 20,d3c3 c1c3 c4e2 c3c6 e2f3 c6f6,1637,74,85,2029,advantage hangingPiece long middlegame
XyHAP,r2q2k1/2p3p1/p2b3p/1p6/4Q1b1/PP4Nr/1BP2P2/R4RK1 b - - 0 23,d6g3 e4g4 g3f2 f1f2 d8g5 g4g5,1517,78,94,9206,advantage hangingPiece long middlegame
FPRRO,1r2r1k1/p2b1ppp/3p1q2/2p5/N1P1P1n1/P2P2PB/3N1P1P/3Q1RK1 b - - 1 27,g4e3 f2e3 d7a4 d1a4,1482,82,92,3678,advantage hangingPiece middlegame short
hAHoT,2r3k1/R4r2/3ppbNB/3n3p/1PpP4/2P2Pq1/2Q3P1/4R1K1 w - - 1 32,a7f7 g3e1 g1h2 g8f7,1916,74,100,687,advantage hangingPiece intermezzo master middlegame short
ouKZm,rn1qk1r1/pp3pBp/1b1p4/5b2/2BPn3/5Q2/PPP3PP/RN2K1NR w KQq - 1 11,c4f7 e8f7 f3f5 f7g7,1218,78,94,787,advantage hangingPiece middlegame short
4QILF,3r1rk1/pp3pp1/7p/1Bp5/Q7/2P5/PP3q2/3RR2K w - - 14 32,d1d8 f2e1 h1g2 f8d8,1191,74,95,4607,crushing endgame hangingPiece intermezzo short
boP90,3r3r/Qpk5/p1qb1N1p/2p3p1/5p2/4B3/PP3PPP/R4RK1 w - - 0 30,e3c5 d6c5 a7c5 c6c5,1139,88,92,1862,crushing middlegame short trappedPiece
9YQz0,r2q1bnr/pppbkBp1/3p3p/n3p3/3PP3/1QP2N2/PP3PPP/RNB2RK1 w - - 1 10,b3d5 c7c6 d5d6 e7d6,1606,78,91,2565,advantage opening short trappedPiece
8hcbj,r2q1rk1/1p3ppp/p4B2/3pR3/B5b1/2PP4/PP1N1bPP/R2Q2K1 w - - 0 15,g1f2 d8f6 d2f3 g4f3 d1f3 f6e5,1571,77,94,1690,advantage capturingDefender fork hangingPiece long middlegame
jTO3f,r4r2/p1p1ppbk/2p1q3/3p1P2/3P2p1/2P1P3/PP6/R1BQ1RK1 b - - 0 19,e6e4 f1f4 e4f4 e3f4,1192,75,96,6009,advantage middlegame short trappedPiece
fCyBL,r2qk2r/pp1bbppp/2n1pn2/1B2P3/8/2N2N2/PPP3PP/R1BQK2R b KQkq - 0 10,c6e5 f3e5 d7b5 d1d8 a8d8 c3b5,1649,78,96,8473,advantage hangingPiece long opening
Crazs,2rr2k1/1bq2p1n/6p1/ppBpp1P1/2nP4/2PBPN2/2Q2PK1/2R4R w - - 0 27,h1h7 g8h7 d3g6 f7g6 c1h1 h7g7,1943,82,92,2545,advantage hangingPiece long middlegame
pI8zI,8/1p5k/p5pp/2Pq4/1P6/P2pRNPP/5P2/6K1 b - - 0 35,d5d4 f3d4 d3d2 e3d3,1676,75,94,927,crushing endgame hangingPiece master short
swwn0,r4rk1/2q1nppp/p2bp3/1p1p4/1P1P1P2/N1P4P/1P3QP1/R1B2RK1 w - - 3 17,a3b5 a6b5 a1a8 f8a8,1337,77,86,1256,advantage hangingPiece middlegame short
u9EF9,r1b1kr2/ppp3qp/7n/3Nnpp1/2B1p2N/PP2P1PP/3PQP2/2R1K2R w Kq - 0 19,d5c7 g7c7 c4b5 e5c6,1626,80,92,1930,advantage defensiveMove hangingPiece middlegame short
p80xw,r4rk1/1p1bbppp/1p2pn2/3p4/1P6/P1NP1NP1/R3PPBP/2R3K1 b - - 0 15,e7b4 a3b4 a8a2 c3a2,1303,76,93,1125,advantage hangingPiece middlegame short
QtGfV,r4rk1/p3bppp/2pp1n2/q5B1/4P3/2N5/PP1Q1PPP/R3R1K1 b - - 5 14,a8d8 c3d5 a5d2 d5e7 g8h8 g5d2,1932,74,95,9712,crushing long middlegame sacrifice trappedPiece
araow,6k1/pp2qrpp/2p1p1p1/2N5/1nPr4/1P6/P3QPPP/R3R1K1 w - - 0 21,e2e6 e7c5 e6c8 f7f8,1804,79,90,1269,crushing hangingPiece middlegame short
66uyR,r4b1r/pp3kpp/2n1b3/qN1Q4/5B2/2P5/PP3nPP/R3KBNR w KQ - 1 12,b5d6 f8d6 d5a5 c6a5 f4d6 f2h1,1362,76,91,625,advantage long middlegame trappedPiece
NiEyb,r4r2/ppp2p2/2n3pk/4p3/3pP2q/P2P1N1b/1PP1BPn1/R1Q2K1R b - - 3 32,h4f4 h1h3 h6g7 f1g2 f4c1 a1c1,1694,76,94,14163,crushing hangingPiece long middlegame
0pwqH,1r2k2r/p1Qn1pp1/1p1b3p/3qp3/8/4B3/PP3PPP/RN3RK1 w k - 1 17,c7a7 b8a8 b1c3 d5c6 a7a8 c6a8,1642,72,96,16529,advantage long middlegame trappedPiece
PYGIu,rn2k2r/pbppq1bp/1p2pp2/7R/2BPP2N/2N5/PPP2PP1/R2QK3 w Qkq - 1 12,h4g6 h7g6 h5h8 g7h8,1422,78,94,11602,advantage hangingPiece middlegame short
Oxp1T,r6r/1pp1kpp1/p2b1n1p/3Pp1B1/8/3R1N2/PPP2PPP/2K1R3 w - - 0 15,f3e5 h6g5 e5g6 e7d7,1378,76,93,1971,advantage hangingPiece middlegame short
2eUp5,8/p3Q2k/2p3bp/p6P/5p2/8/1P1q2PK/8 b - - 1 47,h7g8 h5g6 d2d5 e7h7,1533,80,93,6944,crushing endgame hangingPiece master masterVsMaster short
GAFYf,r1b2rk1/1n2qp2/p2p1b1p/2pP2N1/2P1P2P/N4B2/P2Q1P2/1R3R1K w - - 0 25,g5h3 c8h3 d2h6 h3f1,1641,82,90,1628,crushing hangingPiece middlegame short
0D62O,r1r3k1/1p3p1p/4pBp1/pq6/1bR4Q/4P2P/P4PP1/5RK1 w - - 4 22,h4h7 g8h7 c4h4 b5h5 h4h5 g6h5,1606,74,95,10340,crushing hangingPiece long middlegame
lFz6x,r1bq1r1k/1pp2p2/p2p4/2bNp1Np/2BnP2P/3P1P2/PPPQ4/R3K1R1 w Q - 4 17,g5f7 f8f7 d2h6 f7h7 g1g8 d8g8,1087,76,98,3759,crushing hangingPiece long middlegame
fiGgX,8/3k1b2/5K2/3P3p/7P/p7/B7/8 b - - 5 54,f7g8 f6g7 g8d5 a2d5,1782,77,90,4650,bishopEndgame crushing endgame master short trappedPiece
QijvZ,2rqnrk1/1p2ppbp/p3b1p1/4P3/P2B2P1/1BN2Q2/1PP4P/R4RK1 w - - 1 17,b3e6 d8d4 g1h1 f7e6,1600,79,93,5444,crushing hangingPiece intermezzo middlegame short
P9ag1,3r1r1k/1p2n1pp/p1b1p2q/3pP3/P1pQ1PP1/2P3BP/1P5K/R3RB2 b - - 2 28,e7g6 g4g5 h6h5 f1e2 h5e2 e1e2,1181,75,96,7830,advantage long master middlegame trappedPiece
YvbFr,r4rk1/3bqp1p/p3pnp1/2pp4/3P1P1Q/2NB4/PPP3PP/4RRK1 w - - 0 17,c3d5 f6d5 h4e7 d5e7,1232,76,93,695,advantage hangingPiece middlegame short
7BxLg,8/P3n1kp/1b3p2/8/5pP1/1PB2B1P/8/6K1 w - - 1 40,c3d4 b6d4 g1g2 d4a7,1471,77,95,4042,advantage endgame hangingPiece master short
7QmwH,r3r1k1/pp3ppp/2p5/2Rp1n2/3Pn3/N2QPN2/Pq3PPP/1R4K1 b - - 1 17,b2a2 c5c2 a2b1 a3b1,1520,77,87,2760,advantage middlegame short trappedPiece
TT39t,2r3k1/pp3pp1/5P2/b2p2BQ/3q4/P7/4R2P/7K b - - 0 34,c8c1 g5c1 d4d1 h1g2 d1e2 h5e2,1473,76,94,3950,crushing endgame hangingPiece long
wNyz1,r1bq1bnr/pp1p1k1p/2p3p1/n3Q3/4P3/3P4/PPP2PPP/RNB1K1NR b KQ - 0 7,d7d5 e5h8 f8g7 h8h7,1700,75,94,559,advantage hangingPiece opening short
S1U9Q,rr6/6q1/5p2/1p6/4k1p1/3Qn1Pp/P6P/K1N1R3 b - - 3 40,e4e5 e1e3,1278,75,100,1540,hangingPiece mate mateIn1 middlegame oneMove
75nzI,r2q1rk1/pb1nbppp/1p1pp3/2p4n/2PP1B2/1P1BPN2/P2N1PPP/R2QR1K1 w - - 1 11,d3h7 g8h7 f3g5 e7g5 d1h5 g5h6,1510,79,94,5783,advantage hangingPiece long opening
Xwj2I,8/1rB5/1PK5/8/p7/1k6/8/8 b - - 2 80,a4a3 c6b7 a3a2 c7e5 a2a1r e5a1,1014,77,99,2349,crushing endgame hangingPiece long quietMove
6wXhy,r4rk1/pp4pp/3bp1b1/2p5/2PPP1n1/1P3BPq/PB1QN1R1/5RK1 b - - 1 25,g6e4 f3e4 f8f1 g1f1 h3h1 e2g1,1953,80,92,1507,advantage hangingPiece long middlegame
R4a0e,r2q1rk1/pp4pp/2np2n1/4pbN1/1P2N3/P3P3/2P1B1PP/R2Q1RK1 w - - 1 15,e4d6 d8g5 e2c4 g8h8,1366,76,93,14693,advantage defensiveMove hangingPiece middlegame short
al5Rq,2kr1b1r/1pp1pppp/p4n2/3Pq3/Q1P5/4B3/PP2NPPP/R3K2R b KQ - 0 13,e5b2 e3d4 b2a1 d4a1,1566,79,94,1477,advantage middlegame short trappedPiece
1luLk,8/4Nn1P/5P2/1p6/4k1p1/1P2p1K1/P1P5/8 w - - 2 50,e7d5 e4d5 h7h8q f7h8,1642,81,92,1659,crushing endgame hangingPiece knightEndgame short
4yodo,3q2k1/p1p2pp1/7p/8/2b2P2/P1P3Q1/1P2RK1P/8 w - - 5 38,e2c2 d8d1 g3f3 d1c2,1707,75,92,931,crushing endgame short trappedPiece
MaDWG,4rrk1/ppp2q2/1B4p1/2p2n2/3bN3/1P1B1P2/P5PP/3QR2K b - - 2 26,f5g3 e4g3 e8e1 d1e1,1470,75,91,4437,advantage hangingPiece middlegame short
lHDb7,8/k4p2/p1Rb4/1p6/3pP2p/1P1P3r/1P2BP1P/1K6 b - - 3 33,d6h2 e2g4 h3d3 b1c2 d3b3 c2b3,1911,79,92,6786,advantage endgame long trappedPiece
101h3,r7/p1R3Bk/4pp2/q2p4/3P4/1P2PP2/3N1K2/6R1 w - - 0 31,g7f6 a5c7 g1g7 c7g7 f6g7 h7g7,1225,78,87,746,advantage endgame hangingPiece long
JIT9A,3q1b1k/1pPr3p/p3B1p1/P1Q2p2/7P/6P1/1P3PK1/3R4 b - - 0 38,d8c7 c5f8,1047,77,94,959,endgame hangingPiece mate mateIn1 oneMove
a5V0B,r4rk1/pp1n1ppp/8/2bPpP2/4N2q/3B1Q1P/PP4P1/R1B4K b - - 2 20,c5d4 c1g5 h4g5 e4g5,1427,75,94,4162,advantage middlegame short trappedPiece
YiQV8,rn2r1k1/p3qppp/2p1b3/1p1n4/3P4/1QPB4/P2BNPPP/R3R1K1 b - - 1 14,d5f4 e2f4 e6b3 e1e7 e8e7 a2b3,1641,76,90,1040,advantage discoveredAttack hangingPiece long middlegame
ev7ij,r2q1rk1/1p3p2/p1bbp1p1/3pn1Np/3P1P2/2P4Q/PP1N2PP/R4RK1 w - - 0 17,f4e5 d8g5 e5d6 g5d2,1241,78,93,1276,advantage hangingPiece middlegame short
tRPAp,r1bq1rk1/pp1n1pbp/4pNp1/8/3p1B2/2PB1N1P/PPQ2PP1/R3K2R b KQ - 0 12,d8f6 f4g5 f6f3 g2f3,1552,75,92,1096,advantage middlegame short trappedPiece
Zn91y,7Q/4kp2/p6P/1r4p1/1p4q1/P5P1/6K1/8 b - - 0 38,b5e5 h8e5 g4e6 e5e6 e7e6 h6h7,1368,76,90,3095,advancedPawn crushing endgame hangingPiece long
pjGRb,4rr1k/2R3bp/3P2p1/p4p2/q3p3/B3QP2/P5PP/3R3K w - - 2 33,c7g7 a4d1 e3g1 d1g1 h1g1 h8g7,1456,76,94,2156,crushing hangingPiece long middlegame
Jpcqh,3rr1k1/2q2pp1/4b3/1Q2p3/2N5/1P6/5PPP/3RR1K1 b - - 2 26,d8d1 b5e8 g8h7 e1d1,1185,81,93,877,advantage hangingPiece intermezzo master middlegame short
NJ7QX,6k1/pp3ppp/2p5/3p4/NP3B2/P4BPb/2P2q1P/R2Qr2K w - - 2 21,d1e1 f2f3 h1g1 f3g2,1249,78,92,1473,hangingPiece kingsideAttack mate mateIn2 middlegame short
FKLgr,8/1R6/2p2k1p/4n1p1/4K1P1/7P/8/8 w - - 4 59,b7h7 e5f7 e4d4 f6g6 h7f7 g6f7,1780,77,93,2756,crushing endgame long master quietMove trappedPiece
dm0Je,1rb2rk1/4b3/p2p2P1/2pN2P1/3qp3/1P6/P1PQ4/1K4RR b - - 2 24,d4d2 d5e7 g8g7 h1h7,1324,74,98,4320,hangingPiece mate mateIn2 middlegame short
vhsbe,Q1b4r/3pn1pk/pqp4p/1p2P3/P7/2NPP3/1P4PP/R4RK1 w - - 1 19,a4b5 c8b7 a8h8 h7h8,1728,75,94,5031,crushing middlegame pin short trappedPiece
7FUMc,8/6p1/1k5p/1pnR3P/8/p3K3/8/3B4 w - - 0 50,d5c5 b6c5 d1b3 c5b4 b3e6 b4c3,1393,77,90,3197,crushing defensiveMove endgame hangingPiece long
FHKQu,r1bqk2r/pp2npbp/6p1/1N1N4/1P6/5P2/P1P3PP/R2QKB1R w KQkq - 0 14,d5f6 g7f6 d1d8 e8d8 e1c1 c8d7,1663,79,89,1750,advantage hangingPiece long opening
oeTAI,rn3rk1/p1nbppbp/1p4p1/q2PP3/2B5/1PB2N1P/P2Q1PP1/R3K2R b KQ - 4 23,a5a3 c3b4 a3b4 d2b4,1627,80,94,21940,advantage middlegame short trappedPiece
uGONh,5r1k/1p4bp/p5p1/2Q1R3/5p2/1P1P3P/q4PP1/3R2K1 b - - 0 32,g7e5 c5f8,1153,76,95,669,endgame hangingPiece mate mateIn1 oneMove
q8Yar,rn2k1nr/ppp2pp1/4p1p1/3pP1q1/8/4PN1P/PPP2PP1/R1BQK2R b KQkq - 2 10,g5g2 h1h2 g2h2 f3h2,1688,73,94,16869,advantage middlegame short trappedPiece
XdXIm,2r1r3/pb4k1/1p1q1p2/6p1/8/1B5R/PQ3PPP/3R2K1 w - - 0 39,h3h7 g7h7 b2b1 b7e4 d1d6 e4b1,1629,82,93,2482,crushing hangingPiece long middlegame
3Oysp,6k1/p1p3p1/4p1q1/2Pp4/2r1r3/P1P5/1PQ2RP1/R5K1 b - - 5 27,e4e1 a1e1 g6c2 f2c2,1324,80,89,2198,crushing endgame hangingPiece short
PxRkX,5rk1/Qbqn1ppp/2p1pn2/1p6/3P4/4PN2/3NBPPP/2R3K1 w - - 5 17,e2b5 f8a8 c1c6 c7c6 a7a8 b7a8 b5c6 a8c6,1760,76,93,2665,crushing middlegame trappedPiece veryLong
saCmN,r1b2rk1/ppp2ppp/3p2n1/3Pp2n/2P1P2q/P1PBB2P/3QNPP1/R4RK1 b - - 7 13,b7b6 e3g5 h4g5 d2g5,1457,74,96,7369,advantage middlegame short trappedPiece
xGEf6,8/8/3K4/4Pk2/8/3n1p2/5B2/8 w - - 9 60,e5e6 d3f2 e6e7 f2e4,1256,82,92,649,crushing endgame hangingPiece short
9NlBW,7k/1R5P/8/5p2/3n1P2/2K3P1/2p5/r1N5 w - - 5 57,c3d4 a1c1 b7b8 h8h7,1297,81,94,12102,crushing endgame hangingPiece short
cpIDQ,2k2r1r/ppp3p1/2np1nq1/3N2N1/4PQb1/4B1Pp/PP3P1P/R4RK1 b - - 2 17,f6d5 f4g4 c8b8 e4d5,1592,78,93,2966,crushing hangingPiece intermezzo middlegame short
rKa2J,r4r1k/p3bR1p/6p1/4q3/8/1B3Q2/P5PP/5RK1 b - - 0 29,f8f7 f3a8 f7f8 f1f8,1621,74,100,1115,crushing hangingPiece middlegame short
wRdPw,rn2k2r/pp4b1/2pp4/4p1pp/4Pp1q/2NP1K1B/PPPB1PQ1/6R1 b kq - 1 17,h4h3 g2h3 g5g4 g1g4 h5g4 h3g4,1040,78,98,22521,advantage hangingPiece long middlegame
hAtw3,r4rk1/1p3pp1/p1nqpn1p/3p4/3P4/1QPB1N2/PP3PPP/1R3RK1 w - - 0 15,b3b7 f8b8 b7a8 b8a8,1718,75,97,2980,advantage middlegame short trappedPiece
nQdJf,8/8/2p5/5k2/5P1p/4N3/PPP2Pq1/2K5 b - - 1 31,f5f6 e3g2 h4h3 g2e3 h3h2 e3g4 f6f5 g4h2,1599,75,97,5267,crushing endgame exposedKing hangingPiece quietMove veryLong
8r8ED,8/5k2/4bnp1/4R3/5KP1/8/8/8 w - - 8 70,e5e6 f7e6 f4g5 e6f7,1521,77,93,645,crushing defensiveMove endgame hangingPiece short
Rr512,r3kb1r/pppq1ppp/3p4/3N1b2/3nP3/3N4/PPPPQ1PP/R1B1KB1R w KQkq - 1 10,d5c7 d7c7 e4f5 d4e2,1464,78,87,1211,advantage hangingPiece opening short
4HDet,4rrk1/ppB3pp/6q1/3P1p2/2P5/3n1P1b/P1Q3PP/3R1R1K b - - 2 23,d3f4 c7f4 g6g2 c2g2 h3g2 h1g2,1643,77,88,725,crushing hangingPiece long master middlegame
1LMST,3rr1k1/6p1/1p1qp1Qp/p2pR3/4n3/2P5/PP1N1PPP/4R1K1 w - - 1 23,d2e4 d6e5 g6g3 e5g3,1169,81,91,2371,advantage hangingPiece middlegame short
knpAA,2rq2k1/pp3ppp/4rn2/8/P7/1Q1P1N2/1P3PPP/R4RK1 w - - 5 20,b3b7 e6b6 b7a7 c8a8 a7a8 d8a8,1860,75,96,7836,advantage long middlegame trappedPiece
ap5TB,rn1qkbnr/pp3ppp/3p4/2p1p3/2B1P1b1/2N2N2/PPPP1PPP/R1BQK2R w KQkq - 2 5,c4f7 e8f7 f3e5 d6e5,1112,77,93,660,advantage hangingPiece opening short
RfjUo,5rk1/1b3ppp/ppnNp3/8/2P2B2/2n5/P3BPPP/3R2K1 w - - 0 21,d6b7 c3e2 g1f1 e2f4,1039,77,97,2243,crushing fork hangingPiece middlegame short
fkpmN,r1b1k1r1/5p2/p3pp1p/q2N4/3b1P2/P2B4/1PP1Q1PP/1R2K2R w Kq - 1 18,b2b4 a5d5 d3e4 d4c3,1642,75,85,556,advantage hangingPiece master middlegame short
Xm3fI,r4rk1/1p1q1ppp/5n2/1QPpbb2/3N4/P3P3/1P1N1PPP/R1B1K2R w KQ - 1 15,d4f5 d7b5,1213,83,93,593,crushing hangingPiece middlegame oneMove
vaiFu,r1b1k1r1/1p1n1p2/1qp1p3/p2PB2p/PbB1P2P/2N2Pp1/1P2Q1P1/2KR3R w q - 1 23,d5e6 d7e5 e6f7 e5f7,1422,75,95,6660,advantage hangingPiece master middlegame short
Y3uO1,4r1k1/4r3/p5p1/3pP3/5QP1/5b2/PP5R/2R1KBq1 w - - 0 27,h2h8 g8h8 f4h6 e7h7,1451,80,93,975,crushing hangingPiece master middlegame pin short
wLmzF,4r1k1/p2b1pp1/1p5p/3P4/1P6/P3BBP1/1b1K1P1P/1R6 b - - 4 32,b2a3 b1b3 a3b4 b3b4,1565,77,93,10706,crushing endgame short trappedPiece
6NtaD,5r1k/1p2n1pp/p1pq4/Pn1pp3/1P6/2PQ2N1/5PPP/1R3RK1 w - - 1 25,g3e4 d5e4 d3d6 b5d6,1109,79,95,2752,advantage hangingPiece middlegame short
3E4pl,r6k/2p3pp/p2q2b1/1p1Qp1B1/1P1b4/P2P3P/B4rP1/RN1KR3 b - - 5 21,d4a1 d5a8 f2f8 a8d5,1916,77,91,1412,advantage hangingPiece middlegame short
BtRhP,2r4k/4pprp/p2p4/1p1P1Q2/2P4P/1P1Bq3/P5P1/4RK2 b - - 4 26,e3g3 f5c8 g7g8 c8h3,1713,72,94,15876,crushing endgame hangingPiece short
FTobr,2r3k1/p1r1qpp1/3p1n1p/1p2nP2/3pPB2/3P3P/PPP1R1B1/2R1Q1K1 b - - 5 20,e5d3 c2d3 c7c1 f4c1,1464,76,89,890,advantage hangingPiece middlegame short
a00KN,r3r1k1/p1p2p2/2bp2p1/4b3/P1B1N2q/1R1Q3P/2P2PP1/4R1K1 w - - 3 20,c4f7 g8f7 d3c4 d6d5 c4c6 d5e4,1589,77,90,2543,advantage fork hangingPiece long middlegame
Ji7LK,r3kbnr/pppbqppp/2np4/8/2PNP3/2N5/PP3PPP/R1BQKB1R w KQkq - 3 7,f1d3 c6d4 c3d5 e7d8,1685,75,85,2249,advantage defensiveMove hangingPiece opening short
Wl0QL,r1b2rk1/ppp2ppp/2qp1n2/1B6/3bP3/2N2P2/PPPBQ1PP/2KR3R b - - 3 12,c6b6 c3a4 c7c6 a4b6,1623,75,94,3094,crushing middlegame short trappedPiece
cWTHN,rn1q1rk1/2p2ppp/ppNbp3/1B1p4/Q2PbB2/2P1P3/PP3PPP/R4RK1 b - - 1 13,a6b5 a4a8 b8c6 a8c6 d6f4 e3f4,1395,76,93,1311,advantage hangingPiece long middlegame
CmoHw,1r6/KP3ppp/3kp3/2Rn4/8/8/6PP/8 w - - 19 45,a7b8 d6c5 b8c8 d5e7 c8d8 e7c6,1832,77,94,3055,crushing endgame hangingPiece long
6HxB9,2rr3k/1b4pp/pQ3p2/1p1pq3/1P6/P4B1P/2R2PP1/2R3K1 b - - 3 26,c8c2 b6d8 e5e8 d8e8,1230,76,85,875,backRankMate hangingPiece mate mateIn2 middlegame short
eayBM,r2q1rk1/pp1n1ppp/1np1p3/4P2b/1bPP4/2NBBN1P/PP4P1/R2Q1RK1 w - - 7 13,d3h7 g8h7 g2g4 h5g6,1565,76,85,1893,advantage defensiveMove hangingPiece middlegame short
oKCQM,5rk1/5p2/3q3p/p4Qp1/4B3/PP2BKPP/3r4/8 b - - 7 33,d6g6 e3d2 g6f5 e4f5,1815,78,90,2443,advantage endgame hangingPiece short
tf9bH,r2q1rk1/1ppn2pp/p3p1b1/8/2PQ2Pb/2N1B3/PP2BP2/3RR1K1 b - - 1 18,d7f6 g4g5 d8d4 d1d4 h4g5 e3g5,1854,74,95,11012,advantage long middlegame trappedPiece
VKA1L,r1br2k1/pp1pppbp/1qn2np1/1B6/3NP3/2N1BP2/PPPQ2PP/R3K2R w KQ - 3 10,d4e6 d7e6 e3b6 d8d2 e1d2 a7b6,1370,77,93,2818,advantage discoveredAttack hangingPiece intermezzo long middlegame
vl7mX,3r2k1/pb2qp1p/1p4pQ/2p1p3/B3n3/2P2N1P/PP3PP1/4R1K1 w - - 0 24,e1e4 b7e4 f3g5 f7f5,1991,74,93,3805,crushing defensiveMove hangingPiece master masterVsMaster middlegame short
dDHEV,r3r1k1/1pq2ppp/pn1b2n1/3p4/7B/P1P4P/1PQNNPP1/1R3RK1 w - - 2 19,h4g3 e8e2 g3d6 c7d6,1724,75,87,2714,crushing hangingPiece middlegame short
FPF8d,rnbqkbnr/p4ppp/2p1p3/1p2N3/2pPP3/6P1/PP3P1P/RNBQKB1R b KQkq - 0 6,f7f6 d1h5 g7g6 e5g6 h7g6 h5h8,1271,74,95,13619,crushing long opening trappedPiece
hq1eP,r6k/p1p3p1/3pb3/4p1rp/4P3/5PN1/PPP2RPP/R5K1 w - - 0 22,h2h4 g5g3 g1h2 g3g6,1438,78,86,749,advantage endgame hangingPiece short
MLcmB,r3k2r/1p3ppp/p3pn2/2b5/P1Bn4/1P2B3/5PPP/RN3K1R b kq - 2 14,d4b3 c4b3 c5e3 f2e3,1238,77,92,6948,advantage hangingPiece middlegame short
n6362,r1b1kb1r/1p2pppp/pqn2n2/2pp4/3P1B2/P1N1PNP1/1PP2P1P/R2QKB1R b KQkq - 0 7,b6b2 c3a4 b2a1 d1a1,1406,74,96,10756,advantage middlegame short trappedPiece
TdGW0,r4rk1/1p1b1pp1/p1pp1q2/6B1/1P1bPP2/1P1P2QP/4N1P1/5R1K b - - 4 23,f6e6 e2d4 e6g6 f4f5,1774,77,88,1341,advantage hangingPiece middlegame short
AOGCG,r3k2r/pp1bbppp/nq2pn2/2p5/2BP1B2/P1N1PN2/1P3PPP/R2QK2R b KQkq - 2 11,b6b2 c3a4 b2a1 d1a1,1437,77,94,3368,advantage middlegame short trappedPiece
WEnDu,1k5r/pP4pp/P1p3q1/1p1p2n1/1P2r3/6P1/4QP2/R1B2BK1 w - - 0 29,e2e4 g5e4 c1f4 e4d6,1973,77,90,1333,crushing hangingPiece middlegame short
N4a7U,2r3k1/1pq2pp1/p5Qp/4n3/2BP4/B1P4P/P4PP1/4RK2 w - - 1 22,e1e5 c7c4 f1g1 f7g6,1576,78,93,11224,crushing endgame hangingPiece short
GPFHZ,r1b1k1nr/pp3ppp/4p3/4q3/1bBN4/1P6/P2B1PPP/RN1QK2R w KQkq - 1 11,e1f1 e5d4 c4b5 c8d7,1065,76,97,2414,advantage hangingPiece opening short
mFepj,R2r2k1/3Prpp1/p1n4p/1p6/3R4/1P5P/5KP1/8 b - - 2 43,c6d4 a8d8 g8h7 d8h8 h7g6 d7d8q,1487,74,85,687,advancedPawn clearance crushing endgame hangingPiece long promotion
bd0zK,5k2/3R4/5q2/5B2/5P1p/5PNK/7P/8 w - - 0 53,d7f7 f8f7 h3g4 h4g3,1798,77,92,2397,advantage endgame hangingPiece master short
02FSn,r2qk2r/1pp3p1/p1nbbn1p/3p1p2/3P4/PQN1PN1P/1PPB1P2/R3KB1R w KQkq - 0 13,b3b7 c6a5 b7a8 d8a8,1411,77,93,1769,crushing master middlegame short trappedPiece
CpMdz,1q4k1/R2Rbrp1/2p2p1p/2p1p3/4P3/1PP1BN1P/1P3PP1/6K1 w - - 1 21,e3c5 e7c5 d7f7 c5a7,1348,76,99,2506,advantage hangingPiece master middlegame short
dVCI7,r1bqkbnr/pP3ppp/1n2p3/8/2Q5/8/PP2PPPP/RNB1KBNR b KQkq - 0 7,b6c4 b7a8q f8b4 b1c3,1607,75,94,5823,advancedPawn advantage defensiveMove hangingPiece opening promotion short
OkDdo,r2q2kb/pp3p1p/3p2pB/2pP1b2/2P1r3/8/PP1QBPPP/3R1RK1 b - - 7 18,d8h4 h6g5 e4e2 g5h4 e2d2 d1d2,1693,75,94,9520,advantage long middlegame trappedPiece
MBrfZ,r2q1rk1/pp2npbp/6pB/3pN3/1n1P2b1/2NB4/PP1Q1PPP/R3K2R b KQ - 7 13,f7f6 e5g4 g7h6 g4h6,1975,75,93,4721,crushing hangingPiece kingsideAttack middlegame short
SNxqt,r1b1k1r1/3p1p1p/pqp1p2Q/8/2BbP1n1/2P5/PP3PPP/RNB2R1K w q - 3 13,h6h7 g8h8 h7h8 d4h8,1865,71,95,20692,crushing opening short trappedPiece
J7Iaq,4r1k1/p4pbp/2B3p1/2p5/2Pp4/P2P1Q1P/2q2PP1/1R4K1 w - - 5 24,c6e8 c2b1 g1h2 b1b8 g2g3 b8e8,1964,75,96,2398,advantage endgame fork hangingPiece long
oucZK,3q1rk1/6pp/p2p4/3Pp1b1/PRr1Pp2/5N1P/3Q1PP1/5RK1 b - - 2 23,d8a5 b4c4 a5d2 f3d2,1399,78,94,11458,crushing hangingPiece middlegame short
NUw3Y,r1b2rk1/pp1q1pp1/3p2np/2p1n3/4P3/1BP3BP/PPP2QP1/R3K1NR w KQ - 0 14,e1c1 c5c4 b3c4 e5c4,1409,77,94,17250,advantage middlegame short trappedPiece
Mn1Iv,2r3k1/1pB1qp1p/p5p1/3P4/P7/6P1/RbQ2PBP/6K1 b - - 0 26,c8c7 c2b2 e7e1 g2f1 c7c1 b2e2 e1e2 a2e2,1814,83,92,620,advantage endgame hangingPiece veryLong
eC15C,r2r2k1/pp1n1ppp/1qp1bn2/8/N3PB2/5N2/PP1QBbPP/R2R3K b - - 3 15,d7c5 a4b6 d8d2 b6a8,1915,76,93,1011,crushing master middlegame short trappedPiece
B13zh,1rb2qnQ/ppN5/2nR2k1/5pPp/5P1P/1P6/P4PB1/6K1 b - - 0 27,f8d6 h8g8,1230,83,93,1576,hangingPiece master mate mateIn1 middlegame oneMove
7eBEI,r1bqr1k1/pp3p2/2p2n1p/2bPp3/2B3p1/2NP1QBP/PPP2PP1/1R3RK1 w - - 0 14,h3g4 c8g4 f3f6 d8f6,1285,78,92,2197,advantage middlegame short trappedPiece
e0Dki,6k1/4qpp1/p2B2p1/8/3R2PP/5r2/4r3/5R1K w - - 0 34,d6e7 f3f1,1257,78,96,1947,endgame hangingPiece mate mateIn1 oneMove
0bu4O,1rb2rk1/5p1p/p1p1p1p1/2pq2N1/5Q1P/K1P1RP2/P7/4R3 b - - 2 26,c5c4 f4b8 d5a5 a3b2 a5b5 b8b5,1740,78,93,3429,crushing hangingPiece long middlegame
jGJql,r7/5pk1/4p1p1/b2b2P1/pR1N1P2/P1R1P3/5K2/8 w - - 3 38,b4a4 a5c3 a4a8 d5a8,1011,76,97,877,advantage endgame hangingPiece short
I7Ndp,8/7k/1p2P1p1/3B2P1/PpP4K/1Pb4P/5r2/4R3 w - - 1 37,e6e7 c3e1 h4g4 f2e2,1645,80,90,537,advantage endgame hangingPiece short
V5W21,r1bqk2r/4p2p/p1p1N1p1/5p2/3b1P2/1QnBP3/P5PP/R1B2RK1 b kq - 1 15,d4e3 c1e3 c8e6 b3c3,1658,76,94,6629,crushing hangingPiece middlegame short
zHza5,q2r4/6kp/3p2p1/1Q3p2/8/7P/P4PP1/3R2K1 w - - 1 32,d1d6 d8d6 b5e5 d6f6,1175,77,94,2098,crushing defensiveMove endgame hangingPiece short
f9ksp,1k1r4/1pp5/4b2p/Q2pP3/1P1P3p/R7/PKP3q1/5r2 b - - 3 31,c7c6 a5d8 e6c8 d8d6,1594,76,97,7823,endgame hangingPiece mate mateIn2 queensideAttack short
NBJF1,r2q1rk1/p2b1pbp/1pQPp1p1/3n4/8/2N3P1/PP2PPBP/R1B2RK1 w - - 2 14,c3d5 d7c6 d5e7 g8h8,1606,83,93,3670,advantage hangingPiece master opening short
j2Omj,8/2n5/2K5/1p3k2/1P6/8/8/8 b - - 3 61,f5e5 c6c7 e5d4 c7b6 d4c4 b6a5,1808,79,95,17106,crushing endgame hangingPiece long zugzwang
KVZLf,r1b1r1k1/p4pbp/1qnp2p1/6B1/Pp1NP1n1/1N4PP/1P3PB1/R2QR1K1 b - - 0 16,g4f2 g1f2 g7d4 b3d4,1556,76,94,1176,advantage hangingPiece middlegame short
ZwBDN,r5k1/Qb1q1ppp/2p5/p1P5/2NP4/1P6/P4PPP/R5K1 w - - 0 23,a7b6 a8a6 c4a5 a6b6,1333,75,87,1998,advantage endgame short trappedPiece
710KY,4r2r/1ppkb1pp/p1p5/5p2/4R1bN/2BP4/PPP2PPP/4RK2 w - - 0 22,e4e5 e7h4 e5e8 h8e8 e1e8 d7e8,1172,82,93,1274,advantage hangingPiece long middlegame
0jTER,2Q5/3rk1p1/1p1p1p2/p7/Pq3p2/6P1/1PP3BP/2K4R w - - 0 32,h1e1 b4e1,1314,81,92,1167,endgame hangingPiece mate mateIn1 oneMove
OaJ1f,r5k1/1ppb1p1p/p2p1qpQ/4r3/8/2PBbN2/P4PPP/R3R1K1 w - - 0 19,e1e3 e5h5 h6h5 g6h5,1679,76,96,7010,advantage middlegame short trappedPiece
HKRi6,5rk1/1p4b1/pq2p1rp/3p3Q/3Pp3/P1P1B2R/1P4PP/1R5K b - - 3 30,b6b5 h5g6 f8f1 b1f1,1181,76,91,955,crushing hangingPiece middlegame short
i722d,r1bq1rk1/5ppp/p1p2n2/1pb1n1B1/3NPP2/6PP/PP2N1B1/R2Q1RK1 b - - 2 15,h7h6 f4e5 h6g5 e5f6,1583,78,95,5415,crushing hangingPiece master masterVsMaster middlegame short
7Sn1k,1R3br1/3rkp1Q/3p3p/p1pbp1p1/3P2P1/7P/PB1q1P2/2R3K1 b - - 3 28,d2e2 h7g8 d7d8 b8d8 e7d8 g8f8,1260,85,91,3077,attraction capturingDefender crushing hangingPiece long middlegame
RzvZ3,7k/P1N4p/5p2/3P1P2/n3p3/4b2P/3pK3/8 b - - 1 69,a4c3 e2e3 c3d5 c7d5 d2d1q a7a8q,1844,74,94,3485,advancedPawn advantage endgame hangingPiece long promotion
qDBxB,8/8/8/4B3/5pk1/8/1r4P1/6K1 b - - 5 70,g4g3 e5b2 f4f3 b2e5 g3g4 g2g3,1661,80,92,859,crushing defensiveMove endgame hangingPiece long
rZ2qc,r5k1/6pp/2q1pp2/3p1b2/2pP1P2/b1P2BP1/1Q1N1P1P/4R1K1 w - - 5 25,b2a2 a3c1 a2c4 d5c4,1823,76,89,606,crushing master masterVsMaster middlegame short trappedPiece
PLgDq,r1bqkr2/ppp1bpQ1/5n1B/3p4/3nP3/N2P4/PPP2PPP/R3KBNR w KQq - 0 9,e1c1 f8g8 g7g8 f6g8,1630,77,93,2256,advantage opening short trappedPiece
lQpEe,7k/7p/3r4/2pB3R/p7/1P3P2/1b3P1P/5K2 b - - 0 41,d6d5 h5d5 a4a3 d5d8,1832,78,94,8794,crushing endgame hangingPiece short
SPhaS,8/2p5/p2k2K1/4R3/5P2/2p5/7P/8 w - - 0 38,f4f5 d6e5 f5f6 c3c2 f6f7 c2c1q,1363,81,86,1380,advancedPawn crushing endgame hangingPiece long promotion
D2znG,5bnr/p1Qrkppp/3p4/1B6/4PBb1/6P1/P1P2P1P/qN2K2R w K - 1 14,b5d7 a1b1 e1d2 b1b4 c2c3 b4b2,1854,76,93,2117,crushing hangingPiece long middlegame
U2d6h,4rr1k/p1p3qp/6p1/8/2Q5/6B1/P1P2PPP/R3R1K1 w - - 1 28,e1e8 g7a1 c4f1 a1f1 g1f1 f8e8,1292,74,99,2532,advantage endgame hangingPiece long
tGTNh,6k1/p3pp1p/3p2p1/q1p5/3QP3/3B4/bNP1K1PP/8 w - - 0 25,d4a4 a5a4 b2a4 c5c4 e2d2 c4d3,1301,77,94,5809,crushing endgame long trappedPiece
KFRAs,2r2r1k/2P3p1/4Q2p/1q6/5P2/p5P1/2RR2KP/8 w - - 2 36,e6c8 f8c8 d2d8 h8h7 d8c8 b5b7 g2h3 b7c8,1811,76,100,597,advantage endgame fork hangingPiece veryLong
Nptiz,r2qkbnr/1b3ppp/p1p1p3/3pN3/8/P1N2Q2/1PPP1PPP/R1B1K2R b KQkq - 3 9,f7f6 f3h5 g7g6 e5g6 h7g6 h5h8,1214,84,93,5334,advantage long opening trappedPiece
AKvLj,2r2bk1/p2q1pp1/6b1/7p/3Bp3/3rP1PP/PQ3PB1/2RR2K1 w - - 0 33,c1c8 d3d1 g1h2 d7c8,1212,90,93,1223,crushing hangingPiece intermezzo master middlegame short
6QTvy,R7/4qp1k/4pnpp/3pN3/3P3P/4PQ2/2r2PP1/3K4 b - - 4 32,e7c7 f3f6 c2c1 d1e2 c7c2 e2f3 c2f5 f6f5,1828,79,93,2124,crushing endgame hangingPiece veryLong
U7Q0x,8/8/5p2/P7/3kpb2/1P6/3r2Q1/7K w - - 0 59,g2d2 f4d2 a5a6 e4e3,1205,84,93,531,crushing endgame hangingPiece master short
qOr0Q,8/4n3/8/8/2Kpk3/2p1r3/2R5/8 b - - 3 72,e3e2 c2e2 e4f3 e2e7 c3c2 e7e1,1293,79,90,3597,crushing defensiveMove endgame hangingPiece long skewer
ZOoBH,rnbqkbnr/pp2pppp/8/2p1P3/2Pp1P2/3P4/PP4PP/RNBQKBNR b KQkq - 0 5,b7b6 d1f3 d8d7 f3a8,1711,72,95,13087,crushing master opening short trappedPiece
p7dST,4nrk1/p2q4/2p2pRP/2Qpr3/8/1P6/P4P2/7K b - - 0 35,g8h8 c5f8 h8h7 f8g8,1143,76,96,12894,endgame hangingPiece mate mateIn2 short triangleMate
TPe0W,2r1r1k1/1bq3pp/p4p2/1pb5/3P1P2/P5QP/1P2N1P1/2R1R2K b - - 0 26,e8e2 e1e2 c5f8 c1c7,1155,79,89,768,crushing hangingPiece middlegame short
CcXqO,rn1r2k1/ppp1qpbp/5np1/8/2P5/2NBPQ1P/PP3PP1/R1B2RK1 b - - 0 12,d8d3 f3b7 d3c3 b7a8 c3d3 a8b8,1985,81,91,1631,crushing long middlegame pin trappedPiece
Y3KL7,5r1k/p6p/6p1/1p1Qb2q/2p5/P1P1Pr2/1PBR1PRP/7K b - - 9 32,f3e3 f2e3 f8f1 g2g1 h5f3 d5f3,1591,76,85,676,advantage hangingPiece long middlegame
fXBjR,rn3rk1/pbq2ppp/4p3/3P4/3P4/2N1Q3/1P3PPP/R3K1NR w KQ - 3 16,d5e6 b7g2 g1e2 g2h1,1700,80,94,20969,crushing middlegame short trappedPiece
ypQNi,2r5/pq2ppkp/n5p1/1N5r/4PP2/PQ1B4/2n2P1P/2R2R1K b - - 0 25,c2d4 b5d4 b7b3 d4b3,1573,79,94,16661,advantage hangingPiece middlegame short
PDLzM,r1b1n1k1/2q4n/pp2prN1/3p1p2/P2P1P2/2N3Q1/1PP2KP1/R6R b - - 5 27,f6g6 g3g6 c7g7 g6e8,1174,77,89,1056,crushing fork hangingPiece middlegame short
33eJF,6k1/5p1p/2b1p1p1/8/p1pNP3/rnN2PKP/1R4P1/8 b - - 5 42,c6e8 d4c2 a3a1 c2a1,1855,78,92,1521,advantage endgame short trappedPiece
FfLnP,8/8/k1PK4/1b6/8/8/1P6/8 b - - 0 52,b5c6 d6c6 a6a5 c6c5,1066,77,97,918,crushing defensiveMove endgame hangingPiece master short
fVVex,rn2k1nr/pp1qbp1p/4p3/2ppp3/7N/N4Q1P/PPPP4/R1B1KB1R w KQkq - 0 13,f1b5 e7h4 e1d1 b8c6,1670,76,89,1190,crushing defensiveMove hangingPiece middlegame short
jFVSy,1r2r1kb/1ppn1p1p/3p2pB/p2Pp3/P1P1P2q/2N2B1P/1P1Q1PPK/5R2 b - - 4 19,d7c5 h6g5 c5b3 d2e3 h4f4 g5f4,1619,76,94,1450,advantage long middlegame quietMove trappedPiece
3GYJk,5B2/7p/1P6/8/4p3/1B3k1P/Pr4pK/8 b - - 0 43,b2b3 a2b3 f3f2 f8c5 e4e3 c5e3,1518,77,97,4152,crushing endgame hangingPiece long
ti3tH,r1b1k2r/5ppp/1pp1p3/3pPn2/1b1P4/P1N5/1B2NPPP/R3K2R b KQkq - 3 14,e8g8 a3b4 a8a1 b2a1,1145,76,92,5210,advantage hangingPiece middlegame short
pswwN,rnbk4/ppp2p1p/4p3/8/1bB1n3/5NB1/P4PrP/RN3K1R b - - 3 13,e4g3 h2g3 g2f2 f1f2,1322,79,93,5725,advantage middlegame short trappedPiece
Y3wCC,r1q3k1/pp3rp1/2pRb2p/8/5B2/1QP5/PP3PPP/3R2K1 w - - 1 21,c3c4 f7f4 b3e3 f4f6,1805,82,92,4413,advantage hangingPiece middlegame short
LAYFT,3r1k2/p3qpb1/8/5QN1/8/1P1p2P1/P1R2P1P/6K1 w - - 0 31,c2c7 e7c7 g5e6 f8g8 e6c7 d3d2,1962,79,93,1944,advancedPawn advantage endgame hangingPiece long sacrifice
pGs8k,3r1rk1/1b3ppp/pq2p1n1/1p6/2P5/4BN2/P1P1B1PP/R2Q1R1K b - - 0 21,d8d1 e3b6 d1a1 f1a1,1244,75,100,723,advantage hangingPiece middlegame short
bHSAv,2r1nrk1/ppqb1ppp/2nbp3/3pN3/3P1B2/2PB1N1P/PP2QPP1/R3K2R w KQ - 11 13,d3h7 g8h7 f3g5 h7g8,1266,75,94,2261,advantage defensiveMove hangingPiece middlegame short
4vKwL,8/5pk1/P2Q1p2/4p3/2NbP1Pp/5P1q/KP6/8 w - - 0 38,d6d4 e5d4 a6a7 h3f1,1671,79,90,1005,crushing endgame hangingPiece master short
F58Zo,6k1/1p1r1p1p/1q1P2pb/pN2p3/2B1P3/P3nR1P/1P2Q1P1/7K w - - 3 28,e2f2 e3c4 f2b6 c4b6,1189,86,94,1376,crushing hangingPiece middlegame short
f9II1,2r3k1/1p1bb1pp/4p3/q2p1p2/1n1P4/NQ1BPN2/1P3PPP/5RK1 w - - 2 22,f3e5 d7a4 b3a4 a5a4,1651,75,91,1527,crushing master middlegame short trappedPiece
R9td4,r1b3k1/pp4pN/2n1p2p/2Pp1r1Q/8/3B4/P1P2qPP/R3R2K w - - 2 17,d3f5 f2f5 h5f5 e6f5 e1e8 g8h7,1659,77,95,2274,advantage long middlegame trappedPiece
KeiPy,2r5/2p2kpp/pp1nNp2/8/3P4/4P3/1P3PPP/2R3K1 w - - 0 27,c1c7 f7e6 c7c8 d6c8,1365,77,95,16066,advantage endgame hangingPiece master short
UwzpX,r1b1r1k1/2q2pp1/n1pb1p1p/1p6/p2P4/P1N1PB2/1PQN1PP1/R4R1K w - - 2 17,c3b5 c6b5 c2c7 a6c7 f3a8 c7a8,1755,77,92,842,advantage hangingPiece long middlegame
JG8nX,3rr1k1/1p4p1/p1p2p1p/2P1q3/1P2B3/P5Pb/4QP1P/R2R2K1 w - - 0 26,d1d8 e5a1 e2d1 a1d1 d8d1 e8e4,1677,78,90,1298,crushing hangingPiece kingsideAttack long middlegame
Mi2u0,2Q5/p1p5/k3r3/3bp3/4q2B/6PP/1P4R1/7K b - - 7 44,d5b7 c8e6 b7c6 e6a2,1284,75,96,4170,advantage endgame hangingPiece short
4LUgj,8/6p1/4P2p/1k4Pb/p2K4/8/5N1P/8 w - - 0 42,f2d1 h5d1 e6e7 d1h5 g5h6 g7h6,1141,83,94,3315,crushing endgame hangingPiece long quietMove
wVNK1,r4k1r/pp1b1p2/2np4/1N2q2B/8/3Q2R1/P1P3PP/R5K1 w - - 6 28,h5f7 e5a1 d3f1 a1f1,1849,76,93,2670,crushing hangingPiece middlegame short
UTqDh,r1b3k1/ppp2pp1/5q1p/3PB3/2P1p2P/1P4P1/P4n1K/Q2B1R2 b - - 0 24,f6e5 a1e5 f2g4 d1g4,1287,82,92,1151,crushing hangingPiece middlegame short
9d16U,1k4rr/1pp5/p7/P3QP2/1P1P4/2P2qPp/7K/6R1 b - - 2 37,g8g3 e5h8 b8a7 g1g3 f3f2 h2h3,1782,78,92,753,crushing endgame hangingPiece intermezzo long
g76DU,1k1r1b1r/1p2n2p/pq2B1p1/3pP1P1/7P/2NQ4/PPP5/2KR3R w - - 0 22,c3d5 b6e6 d5f4 d8d3,1743,77,93,1929,advantage hangingPiece middlegame short
UJvyQ,8/7p/8/2p5/2n1p1kP/2P1N3/4K3/8 b - - 3 58,g4h4 e3c4 h4g5 e2e3,1452,75,100,889,crushing endgame hangingPiece knightEndgame short
MMWOi,2r2r1k/1p4p1/p1n1Rb1B/q1pp4/8/3P1NPP/2PQ1P2/4R1K1 w - - 0 27,e6f6 f8f6 h6g7 h8g7 d2g5 f6g6,1603,76,88,868,advantage hangingPiece long middlegame
0gMCp,r2qr1k1/p3bpp1/2n1bn1p/1p1p4/2pP1N2/2P1N1P1/PPQ2PBP/R1B2RK1 w - - 0 14,e3c4 b5c4 f4e6 f7e6,1519,80,87,773,advantage hangingPiece opening short
jG0sT,4r1k1/3n1p1p/4p1p1/1p1qP1B1/3R4/2P2RQP/r5P1/6K1 b - - 0 36,d5e5 d4d7 e5g3 f3g3,1440,78,86,1971,advantage hangingPiece middlegame short
cXbwQ,2r3rk/pp2np1p/4p3/7q/1P1PpbP1/2P2N1P/P4PN1/2R1RQK1 b - - 1 25,f4c1 g4h5 e4f3 e1c1 g8g2 g1h1,1749,75,95,4829,advantage hangingPiece intermezzo long middlegame
VnKuJ,1r1r2k1/ppQ2pp1/3p3p/4p3/1P6/P1n1PN1P/1RR3PK/q7 b - - 0 28,c3d1 b2a2 a1b1 f3d2 b1a2 c2a2,1692,75,92,1635,advantage long middlegame trappedPiece
gnyfM,2r5/2P4P/7K/8/8/3kp3/2R5/8 w - - 1 53,h7h8q c8h8 h6g7 h8c8 c2c6 e3e2,1526,78,90,5126,advancedPawn crushing endgame hangingPiece long
Ofwqw,4rrk1/2p2p2/4q1pp/p1pNb3/2P1Q3/1P5P/P4PP1/2R1R1K1 b - - 2 23,e5h2 g1h2 e6d6 e4f4 d6f4 d5f4,1542,78,93,2409,crushing hangingPiece long middlegame
9puDM,2b1k3/3p1p2/4p3/1NR2P2/4P3/3K1R2/rP2B2q/8 b - - 0 31,a2b2 c5c8 e8e7 f5f6,1712,76,95,7058,hangingPiece mate mateIn2 middlegame short
2cTmb,3r2k1/p5q1/1p1pb1r1/4np2/2P1p2Q/1P4R1/P1B2PPP/3R2K1 b - - 10 27,g6g3 h4d8 g7f8 d8f8,1608,76,94,9606,crushing hangingPiece kingsideAttack middlegame short
Zvt83,r4r1k/pppb1ppp/2n2q1n/2bBp1N1/4P3/2PP1PQ1/PP4P1/RNB1K2R w KQ - 0 14,h1h6 g7h6 g5f7 f8f7 d5f7 f6f7,1746,75,94,2853,advantage hangingPiece long middlegame
F6Mq0,r5k1/5pbp/p5p1/8/2p5/2P1P1P1/R1qB1P2/Q5K1 b - - 8 34,c2b3 a2b2 a8d8 b2b3,1479,75,87,747,advantage endgame short trappedPiece
6Clib,5r1k/p1b3rp/8/8/8/2q4Q/P5BP/3R1R1K b - - 1 32,c3h3 f1f8 g7g8 f8g8 h8g8 g2h3,1474,75,96,6967,crushing hangingPiece long middlegame
iN69k,2b5/5kp1/p6p/1p2R1b1/1Pp2nQ1/P6P/1BPq2PN/3N2K1 w - - 3 29,h2f3 d2d1 e5e1 d1e1 f3e1 c8g4,1928,80,92,5888,crushing hangingPiece kingsideAttack long middlegame
mxXym,2k5/p1p3pp/5p2/PR6/2prp3/2K5/2P3PP/8 b - - 0 25,e4e3 c3d4 e3e2 b5b1,1173,82,93,1419,crushing defensiveMove endgame hangingPiece rookEndgame short
54ubW,5rk1/1pq2p2/3Rn2p/1p4p1/2p1P3/P1P5/1P3PPP/1B1Q2K1 w - - 1 26,d1c2 c7d6 e4e5 d6d3 c2d3 c4d3,1591,75,97,1502,advantage endgame hangingPiece long
jPmjf,1r5k/pp2Q1pp/1bp3q1/4pp2/3r4/P2P2P1/1P2PPBP/2R2RK1 w - - 4 26,e7e5 b8e8 e5d4 b6d4,1507,76,94,9611,advantage middlegame short trappedPiece
2fDpc,4r1k1/1p1q2p1/p1pb2np/3p1p1Q/PP1PrP2/2P1N1P1/3B3K/R4R2 b - - 5 28,e8f8 h5g6 f8f6 g6h5,1451,79,91,2887,advantage hangingPiece middlegame short
SBNEJ,2k4r/pp1r3p/4q1p1/1Qb2pB1/4p3/2P5/PP3PPP/3R1RK1 b - - 3 18,d7d1 b5c5 e6c6 c5c6 b7c6 f1d1,1350,77,99,4180,advantage hangingPiece long middlegame queensideAttack
iw8Wb,2kr3r/1bpn1p2/pp1pp3/7p/2PPPBnq/2N2P2/PP1Q2B1/R4RK1 b - - 0 16,g4f6 f4g5 h4g3 c3e2 g3g5 d2g5,1907,76,94,2223,advantage long middlegame trappedPiece
GKF6G,r1b1qr2/4b2k/pp4pN/3pP3/8/2pB4/PP3QPP/R1B2RK1 w - - 1 20,d3g6 e8g6 f2f8 e7f8,1427,85,93,8910,advantage hangingPiece middlegame short
2YBzX,3Qr1k1/1p2P1b1/5p2/1qp2p1p/7P/p1BR2P1/2P1K3/8 w - - 0 33,d8e8 b5e8 d3d8 g8f7 d8e8 f7e8,1580,77,94,6123,crushing endgame hangingPiece long
Gtt1g,3r4/p7/1p2k2p/8/1PBB4/2b3P1/P5PK/8 b - - 1 46,e6f5 d4c3 d8c8 c4d3,1859,78,95,11518,advantage endgame hangingPiece master short
3sJMG,5r1k/p5p1/7p/5p1q/1Q5R/8/PPP1bRPK/3r4 b - - 7 33,h5g5 b4f8 h8h7 f8f5 g5f5 f2f5,1486,77,90,877,advantage hangingPiece long middlegame
cYcRf,4rr1k/Q5pp/5q2/1p1B4/8/1P1b4/P4PPP/R3R1K1 w - - 3 24,e1e8 f6a1 e8e1 a1e1,1780,81,85,598,hangingPiece mate mateIn2 middlegame short
0q1aw,r4rk1/pppq1pp1/2np1n1p/1B6/4P1b1/1Q3N2/PPP2PPP/R1B2RK1 w - - 4 13,f3d4 c6d4 b5d7 d4b3,1072,78,94,665,advantage hangingPiece middlegame short
aaL5N,6r1/5KP1/8/8/8/1k6/2p5/7R b - - 3 59,b3b2 f7g8 c2c1q h1c1,1010,80,100,737,crushing endgame hangingPiece rookEndgame short
iaK3I,1rq2rk1/2p1ppbp/4p1p1/7n/2P2B2/P5P1/QP2PPBP/R2R2K1 w - - 4 18,f4e3 b8b2 a2b2 g7b2,1398,74,94,13557,advantage middlegame short trappedPiece
t2z1u,b2r1r2/p6k/Pp2q1pb/1P2Pp1p/3Q1N2/2N5/6PP/R2R2K1 b - - 2 31,d8d4 f4e6 d4d1 a1d1,1365,78,93,2159,crushing fork hangingPiece middlegame short
hZKPq,4r1k1/7p/2p1q1pP/1p1p4/p2Prp2/P1P1B3/1P2RP1Q/3K3R b - - 1 30,f4e3 f2f3 e4d4 c3d4,1897,78,93,3194,crushing endgame short trappedPiece
7uMQq,rnb2rk1/p1qn1ppp/1p2p3/2p1P3/2P5/P1PB1N2/5PPP/R1BQK2R w KQ - 1 12,d3h7 g8h7 f3g5 h7g8,1156,87,90,2534,advantage defensiveMove hangingPiece opening short
skp9x,r2qr1k1/pp5p/5bpQ/3p1b2/3P4/P1N1P3/1P2B1PP/2R2RK1 w - - 2 20,e2f3 f6g5 h6g5 d8g5,1472,77,93,3794,crushing middlegame short trappedPiece
mHnRX,r1b2rk1/pp3p2/7p/3P2p1/1n4q1/3B1NP1/P1Q3PP/R4RK1 w - - 1 20,c2a4 b4d3 a4g4 c8g4,1294,75,95,3011,advantage hangingPiece middlegame short
74FME,r2qk2r/1p2bp2/p1n1ppp1/3p4/3P4/1QP4P/PP1NNPP1/R4RK1 w kq - 0 14,b3b7 c6a5 b7a8 d8a8,1536,75,92,3368,advantage middlegame short trappedPiece
xtCmp,6k1/p2rbppp/bp2p3/q7/3P4/1P2NP2/PBQ3PP/2R3K1 b - - 3 23,a5a2 c1a1 a2a1 b2a1,1659,76,90,1642,advantage middlegame short trappedPiece
vdvrN,r1b2rk1/pp3p1p/5pp1/q3n3/2B5/1Q2P3/PP1N1PPP/2R1K2R w K - 0 15,e1g1 a5d2 f1d1 d2a5,1579,74,96,7728,crushing hangingPiece master middlegame short
ulDWI,3r4/p1q2kpQ/2P1p1r1/5p2/7P/4PP2/2R2P2/2R4K w - - 1 31,h4h5 g6h6 h7h6 g7h6,1288,83,91,3430,advantage endgame short trappedPiece
INdUw,r4k2/1p1bb3/p1pq1n2/6B1/P2N4/3P3P/1PP1QPP1/4R1K1 w - - 6 22,e2h5 f6h5 g5e7 d6e7 e1e7 f8e7,1245,85,92,1323,crushing hangingPiece long middlegame
UhYAp,r3r2k/2p2p1n/p7/1p4bQ/1P1NPp2/PqN5/6PP/2R1K2R b K - 1 24,e8e4 c3e4 b3e3 d4e2,1917,85,90,1737,advantage hangingPiece middlegame short
MpgmK,1r3krQ/3b4/3pp1PB/p1p2p2/4P3/1pPq4/1Pn4K/1R3R2 b - - 3 37,f8e8 h8g8 e8e7 h6g5,1876,77,93,1038,hangingPiece master mate mateIn2 middlegame short
9G59B,rnb2rk1/1p1pn1pp/2q1p3/2P2p2/p2NNP2/P2BP3/2P3PP/R2Q1RK1 b - - 3 17,c6d5 c2c4 f5e4 c4d5,1802,75,94,15339,crushing middlegame short trappedPiece
ho505,3r4/pbp4Q/1pn1k3/4p3/8/2P1P3/PP3P2/2K5 w - - 2 27,h7c7 d8d7 c7d7 e6d7,1366,74,94,2595,advantage endgame short trappedPiece
vRU6r,5rk1/2p2ppp/3bb3/3p2q1/3N4/2N1PQ2/2PP1PPP/5RK1 w - - 5 18,c3b5 e6g4 b5d6 g4f3,1688,76,92,2539,advantage middlegame pin short trappedPiece
Pr8zN,1k1r3r/1bp3B1/p2pBn2/1pb1p2p/4P3/2PP3P/PP3PP1/4RRK1 b - - 8 21,h8e8 g7f6 e8e6 f6d8,1042,78,96,626,advantage hangingPiece middlegame short trappedPiece
IotHC,1r4k1/4bpp1/2q1p2p/B2p4/Q2Pn3/2N1P1P1/5PKP/1R6 b - - 1 25,c6a4 b1b8 g8h7 c3a4,1144,82,94,3822,crushing hangingPiece intermezzo middlegame short
2BvHi,r1b1k2r/pp3ppp/4pq2/3p4/2P1N3/1P2PN2/P1n2PPP/R2QKB1R w KQkq - 1 12,d1c2 f6a1 c2d1 a1d1 e1d1 d5e4,1396,78,94,18176,advantage hangingPiece long middlegame
jK9d8,4r1k1/1bp1rp1p/1p1n2p1/p2P2q1/3Q4/PPN2B1P/5PP1/2R1R1K1 w - - 1 25,e1e7 g5c1 g1h2 e8e7,1205,87,91,577,crushing hangingPiece intermezzo master middlegame short
fSnny,5N2/ppb2k2/4p2P/2P2p2/1P3p2/P2K4/7P/8 w - - 2 42,f8e6 f7e6 h6h7 c7e5,1226,77,97,15586,advantage defensiveMove endgame hangingPiece short
ayvpb,4r1k1/5p2/3rBq1p/pp2p1p1/4P3/2P3QP/PP3PP1/3R2K1 w - - 0 29,e6f7 g8f7 d1d6 f6d6,1449,80,93,2801,advantage endgame hangingPiece short
5059w,1r1r2k1/p1Bq1ppp/8/2R5/3b4/8/PPQ2PPP/3R2K1 b - - 0 19,d4f2 g1f2 d7d1 c2d1,1767,75,87,615,crushing hangingPiece master middlegame short
zDG4r,4r2k/4r1b1/3p3p/5Q2/P1PP2pP/1P1R2P1/6P1/4qRK1 b - - 6 37,g7d4 d3d4 e1e3 f5f2,1567,79,93,5854,crushing hangingPiece middlegame short
j9Mwe,6k1/p3bpp1/b3p2p/1p1pP3/1r1P4/2RqP2P/3N2P1/2Q2NK1 b - - 1 32,d3e2 f1g3 e2d2 c1d2,1814,79,93,11869,advantage middlegame short trappedPiece
YhtUt,r1b1kb1r/pp1npppp/2p2n2/4N3/3P4/2N2B2/PPP2PqP/R1BQKR2 b Qkq - 2 9,g2h2 f1h1 h2h1 f3h1,1420,77,86,2090,crushing opening short trappedPiece
GQZSL,2kr2r1/pppb1pqp/2nb4/4p3/2PP3N/4P1P1/PB3PBP/R2Q1RK1 w - - 2 16,d1h5 d7g4 h4f5 g4h5 f5g7 g8g7,1454,75,92,868,advantage long middlegame trappedPiece
lJBnm,2r3k1/p4p2/1p5p/5B2/3P2nB/6P1/P2n1R1r/3R2K1 b - - 0 33,h2f2 f5g4 f7f5 g1f2,1704,77,91,1006,advantage hangingPiece middlegame short
ZKuOf,6k1/2p1n1pp/1r2p3/1p6/1P3b2/1Bq5/5PQ1/3R1KR1 w - - 0 35,b3e6 b6e6 g2a8 g8f7,1130,77,98,1456,advantage hangingPiece middlegame short
ejAm8,r1b2rk1/pp2pp1p/2n3p1/q7/4P3/2bB1N1P/P1QB1PP1/R3K2R b KQ - 1 14,c6b4 c2c3 b4d3 c3d3,1585,75,100,950,advantage hangingPiece middlegame short
M5ffJ,r4k2/p4p1p/1p3n1q/6R1/5Q2/1PN5/1P4PP/7K w - - 5 29,g5g8 f6g8 f4h6 g8h6,1256,77,95,5755,crushing endgame hangingPiece short
NtIAR,r2r2k1/3p1ppp/pqn1p3/1p2P3/3R1PP1/1B1Q4/PPP4P/2KR4 w - - 3 21,d4d7 d8d7 d3d7 a8d8 d7d8 c6d8,1682,74,93,1419,clearance crushing long middlegame trappedPiece
UCIMk,r1bk1b1q/ppp4p/5n2/3B1nQ1/4p3/N7/PPPP1PPP/R1B1K2R w KQ - 1 13,d5e4 f8h6 g5f5 c8f5,1591,76,100,1909,advantage opening short trappedPiece
yw59P,2k3r1/pp3b2/n1p2pNp/3p1q2/3Pr3/2P2N2/PPQK1PP1/4R2R w - - 0 24,e1e4 f7g6 e4e8 g8e8 c2f5 g6f5,1742,76,94,2233,advantage hangingPiece long middlegame
MrYQd,8/8/PKbP2p1/2Bk4/7P/5p2/8/8 w - - 1 64,b6c7 d5c5 a6a7 f3f2 a7a8q c6a8 d6d7 f2f1q,1434,83,93,1621,advancedPawn bishopEndgame crushing endgame hangingPiece promotion veryLong
PGUR8,6kr/5rq1/2ppQ2B/pp2p3/3bP3/3P4/PPP2P2/2K4R w - - 0 27,h6g7 h8h1 c1d2 g8g7,1182,84,90,1528,crushing endgame hangingPiece intermezzo short
rczRY,r2qbk2/6p1/p2b3p/1p1Q1n2/3n4/PB6/1PP2PPP/R1B1R1K1 b - - 1 19,d4b3 d5f5 e8f7 c2b3,1410,77,94,14729,crushing hangingPiece intermezzo middlegame pin short
dmtn6,r1b4r/pp1pkppp/4pn2/8/2Np4/2q5/P1P1BPPP/1R1Q1RK1 b - - 1 14,d7d5 b1b3 d5c4 b3c3,1322,77,91,4052,advantage master middlegame short trappedPiece
NkeAt,r1b2r1k/pp2bppB/n1p4p/3pP1N1/3P1QqP/6N1/PPP2PP1/2KR3R w - - 4 17,g5f7 h8h7 f4g4 c8g4,1745,78,93,527,advantage hangingPiece middlegame short
kJ59g,4r1k1/1p3Np1/p1q5/5P1n/P1P2b2/1P2pR1P/4Q2P/6BK b - - 1 31,c6f3 e2f3 e3e2 g1f2,1672,76,93,1254,crushing defensiveMove hangingPiece master middlegame short
r7Hzi,8/8/4K3/4P3/P1R5/3pk3/8/8 w - - 0 60,c4d4 e3d4 e6f6 d3d2 e5e6 d2d1q,1492,76,94,5255,advancedPawn crushing endgame hangingPiece long promotion
EYVsx,8/8/1p3P2/2n3N1/2PK2kp/P7/8/8 w - - 1 66,d4d5 g4g5 f6f7 c5d7 f7f8q d7f8,1723,76,96,3137,crushing endgame hangingPiece knightEndgame long quietMove
jVsPb,r3r1k1/5p1n/pp4q1/2p5/P1P5/5Q2/1P2RPP1/4R1K1 b - - 3 24,e8e2 f3a8 h7f8 e1e2 g6b1 g1h2,1313,78,92,4979,advantage endgame hangingPiece intermezzo long
4YqMl,r3k1nr/ppp5/2p3p1/2b2b2/3qpQ2/2N5/PPPP1PPP/R1B1R1K1 b kq - 7 12,g6g5 f4f5 g8e7 e1e4,1846,77,92,757,advantage hangingPiece opening pin short
FsmGx,r2qk1nr/pp1bppbp/3p2p1/1B6/Q2nPB2/2N2N2/PPP2PPP/R3K2R b KQkq - 5 9,d4c2 a4c2 d7b5 c3b5 d8a5 b5c3,1334,74,94,12651,advantage defensiveMove hangingPiece long middlegame
9z70k,r2q2k1/6p1/2Qp1r1p/p1p1p3/2P5/1P6/1PP2PPP/3RR1K1 w - - 2 25,e1e5 d6e5 c6d5 d8d5,1352,77,91,1741,crushing endgame hangingPiece short
yVu8Q,4r1k1/pp2q1p1/5pQp/1b1p4/5P1P/2P3B1/PP4P1/1K2R3 b - - 3 24,b5d3 g6d3 e7e1 g3e1 e8e1 b1c2,1466,76,89,1701,crushing endgame hangingPiece long
WUKp9,6k1/6p1/4b2p/pBpp4/8/1PP1P1P1/r6P/2K4R b - - 0 26,a2a3 c1b2 a3b3 b2b3,1529,77,89,2403,crushing endgame short trappedPiece
gC8BR,3r1rk1/pb4bp/1p1N2p1/n7/1PP2pq1/8/P1Q3P1/2BR1RK1 b - - 1 28,a5c4 c2c4 g8h8 d6f7 f8f7 d1d8 f7f8 d8f8,1878,78,93,14774,crushing deflection discoveredAttack fork hangingPiece middlegame veryLong
U5a0H,r2q1rBk/1pp2pb1/p7/3Pp3/2n5/2P5/PPQ2Pb1/2KR3R b - - 1 23,g7h6 h1h6 h8g7 c2h7,1428,76,87,2144,hangingPiece kingsideAttack mate mateIn2 middlegame short
JERel,2k1r2r/pppq1p2/8/P7/5Pb1/1P1PR3/1QP2P1p/4RK1B b - - 2 25,e8e3 b2h8 d7e8 h8e8 e3e8 e1e8,1267,76,95,1821,crushing hangingPiece long middlegame queensideAttack xRayAttack
Av2p9,2R5/1P1bppkp/p1n3p1/8/8/1P5P/P4PPK/3r4 b - - 3 29,c6b8 c8b8 d7c6 b8g8 g7g8 b7b8q,1277,79,92,1124,advancedPawn advantage attraction endgame hangingPiece long promotion
SrFnr,2r2nk1/3q1ppp/1b2p3/4P3/Q2n3P/5NP1/3B1P2/1N2R1K1 w - - 0 30,a4d7 d4f3 g1h1 f8d7,1723,79,92,3392,crushing fork hangingPiece intermezzo middlegame short
HdcJM,8/4kppp/1p2pn2/2pp2N1/1P1r4/P2P2PP/4KP2/2R5 b - - 0 27,h7h6 g5f3 d4d3 e2d3,1519,75,96,4365,advantage endgame short trappedPiece
nxQQo,r1bq1rk1/1p2bppp/p2p1n2/2p1n3/2B1P3/2N2N1P/PPP2PP1/R1BQR1K1 w - - 4 11,c3d5 e5c4 d5e7 d8e7,1780,79,89,1537,advantage hangingPiece opening short
S99lL,2r3k1/5pp1/Q3p2p/3pP3/3q4/2p4P/5PP1/R5K1 b - - 0 33,c3c2 a6c8 g8h7 c8c2,1183,75,98,977,advantage endgame hangingPiece short
1dPny,r2qr3/pppb2pk/5p1p/3Pp3/4Pn1Q/BBP1R3/P4PPP/R5K1 w - - 8 20,g2g3 g7g5 g3f4 g5h4,1878,73,95,8838,advantage middlegame short trappedPiece
I312c,r2q1nrk/1p3Q1p/p2p1bp1/2pPpP2/2P1P3/2N4R/PP4PP/R1B3K1 w - - 0 18,f5g6 g8g7 c1h6 g7f7,1695,74,94,6149,advantage middlegame short trappedPiece
kAzHI,r2q2k1/pp3Nbp/2p2np1/3p4/3P1B2/2PQ1P1P/PP2r1P1/4R1K1 w - - 0 24,f7d8 e2e1 g1f2 e1e7 f4d6 e7d7,1989,80,89,684,advantage hangingPiece long middlegame quietMove
pW4Kz,r1br2k1/pp3ppp/4p3/3n4/q2N4/P2BP3/1P1Q1PPP/R4RK1 b - - 0 17,e6e5 d3b5 d5e3 b5a4,1872,76,94,3445,crushing master masterVsMaster middlegame short trappedPiece
sYhtU,r3r1k1/ppp2pp1/2npq2p/3P4/2Q5/2P5/P4PPP/R1B2RK1 b - - 0 18,c6a5 c4b5 e6e5 b5a5,1935,76,93,7028,advantage middlegame short trappedPiece
Nuzb5,4r1k1/pp1n1ppn/1qp5/3p3b/3P4/2PQ1NBP/PP1NrPP1/R4RK1 w - - 7 17,b2b3 h5g6 d3e2 e8e2,1781,75,93,597,advantage middlegame short trappedPiece
kIOye,r2qk2r/ppp2ppp/1bpnb3/4N3/3P4/2P5/PP3PPP/RNBQR1K1 w kq - 1 10,e5f7 e8f7 d1h5 g7g6,1592,78,91,1325,advantage hangingPiece opening short
ycj19,8/8/6p1/4pp2/1KPkP1P1/8/8/8 w - - 0 42,c4c5 f5e4 c5c6 e4e3 c6c7 e3e2 c7c8q e2e1q,1854,83,92,1887,crushing endgame hangingPiece master oneMove superGM
YDp96,r2qk2r/pp2ppb1/2b2n1p/2ppB1p1/3P4/2N1P3/PPP2PPP/R2QK1NR w KQkq - 0 10,d4c5 d5d4 e3d4 c6g2 g1e2 g2h1,1610,78,94,11596,advantage discoveredAttack long opening trappedPiece
uWBFU,6k1/5p2/P4Ppp/3pp3/8/1r6/5K2/2b5 b - - 2 49,b3f3 f2f3 e5e4 f3e2 g8h7 a6a7,1328,75,95,5508,advancedPawn advantage endgame hangingPiece long
YOLe2,2r1rnk1/5p2/3p2pp/3N4/3n4/2P5/PP3BPP/RNQ3KR w - - 3 29,c3d4 c8c1 f2e1 e8e1 g1f2 e1h1,1597,80,94,11252,advantage deflection hangingPiece kingsideAttack long middlegame skewer
7rAHd,r2r2k1/qp1Nbpp1/pN2p2p/Pp1n4/3P4/1QP3P1/5P1P/RR4K1 b - - 2 26,d5b6 a5b6 d8d7 b6a7,1456,74,88,970,advancedPawn advantage middlegame short trappedPiece
scHAQ,r2qkbnr/1p3ppp/p2p4/n1p5/P1B1P1b1/5N2/1PP2PPP/RNBQ1RK1 w kq - 3 9,c4f7 e8f7 f3g5 d8g5,1696,76,90,1233,advantage hangingPiece middlegame short
3oj96,r2qkb1r/pp1n2pp/b4p2/2B1p3/Q1P5/3NP3/P4PPP/RN3RK1 b kq - 1 15,a6c4 a4c4 f8c5 d3c5,1657,76,91,1498,crushing hangingPiece opening short
Y1Pxl,8/pp1rq1kp/2pR2p1/2PbQp2/5P2/1P2P1P1/2B2K1P/8 b - - 0 36,e7e5 d6d7 g7f6 f4e5,1447,82,90,934,crushing endgame hangingPiece intermezzo short
WVepl,r1b1k2r/pp2b1pp/1qp2p2/8/2B1Qp1N/1P6/P1P2PPP/3R2K1 b kq - 3 18,g7g6 h4g6 b6c5 g6h8,1622,77,94,9155,crushing middlegame short trappedPiece
umAhX,2b1r1k1/3p1pp1/2n4p/1p2P3/8/BP3N2/rP1R1PPP/4R1K1 w - - 1 25,h2h3 b5b4 a3b4 c6b4,1547,75,94,543,advantage middlegame short trappedPiece
obWUd,1r4Q1/pNp1q1b1/2n1pp1r/3pk1p1/1P6/4P1P1/P1PP1P1P/R1B1K2R w KQ - 1 21,c1b2 e5f5 g8b8 c6b8,1862,78,93,510,advantage defensiveMove middlegame short trappedPiece
79elz,6k1/p5p1/2p5/3p3p/1P1P1p2/2P2Pq1/4R3/5KN1 b - - 0 40,h5h4 e2g2 g8f7 g2g3,1512,75,90,767,crushing endgame short trappedPiece
fwqrA,8/p5pk/7p/1pp5/3p1PR1/3P4/PPP1RK2/3q4 b - - 11 35,c5c4 g4g1 d1g1 f2g1,1541,75,100,1827,crushing endgame master queenRookEndgame short trappedPiece
VDGaX,1rbqnr2/7k/1p4pp/p1pPbp2/N1P5/P5P1/3BBP1P/1R1QR1K1 w - - 5 22,a4c5 b6c5 b1b8 e5b8,1507,76,89,505,advantage hangingPiece master middlegame short
7wmhQ,3rkbnr/6pp/p1q2p2/1pp1p3/4P2N/2N5/PPPBQPPP/2KR4 b k - 1 14,c5c4 e2h5 g7g6 h4g6 h7g6 h5h8,1289,76,94,7934,advantage long middlegame trappedPiece
Hp3Fv,1r4k1/4rppp/8/p2B4/Nb1P4/1P2P1P1/q4B2/1RR2K2 b - - 5 29,b4d2 b1a1 a2a1 c1a1,1926,75,89,1241,advantage middlegame short trappedPiece
Kkv81,r1b1k2r/1p1nn1pp/4p3/q1bpP3/1P6/5N2/1PQBNPPP/R4RK1 b kq - 0 16,c5f2 g1f2 a5a1 f1a1,1596,77,90,821,advantage hangingPiece middlegame short
jFp6L,6k1/8/6p1/5p1p/1R5P/4KPP1/8/6r1 b - - 2 49,g1g3 e3f2 g3h3 f2g2 h3h4 b4h4,1817,79,94,12953,crushing endgame long master masterVsMaster rookEndgame trappedPiece
tlwqP,r2qrk2/5ppp/p1n4N/1p1p4/2pP4/2P3R1/P1P2PPP/R2Q2K1 w - - 7 20,h6f7 f8f7 d1h5 f7g8,1574,77,89,1810,advantage defensiveMove hangingPiece middlegame short
f2BOO,r4r2/1p1bppkp/pq1p1np1/4n3/P2NP3/2N2P2/1PPQB1PP/R4R1K b - - 1 17,b6b2 f1b1 b2a1 b1a1,1699,75,92,1889,crushing middlegame short trappedPiece
ZNcz4,r2qk2r/ppp1bppp/4pn2/5b2/2BP1P2/2N2N2/PPnBQ1PP/2KR3R b kq - 1 11,c2d4 f3d4 d8d4 d2e3 d4c3 b2c3 e7a3 c1d2,1801,75,96,3450,advantage middlegame trappedPiece veryLong
ET5co,r1b2rk1/pp1np1bp/1qp2np1/3pNp2/N2P1P2/6P1/PPPBP1BP/R2QK2R b KQ - 2 10,b6d4 c2c3 d4e5 f4e5,1848,74,94,19409,advantage opening short trappedPiece
t0Z4L,1k4r1/pprn4/4Q3/3pP3/4q3/P5B1/5K1P/1R6 b - - 0 33,e4b1 e6g8 d7f8 g8f8 c7c8 e5e6 b8a8 f8c8,1235,84,92,2217,deflection discoveredAttack discoveredCheck endgame hangingPiece mate mateIn4 veryLong
Ou8FE,2r3k1/3n1pbp/p2p2p1/3P4/QPp2P2/2N1qB1P/1P1r2P1/2R2R1K b - - 7 26,g7c3 a4d7 e3e8 d7e8,1891,79,91,1830,crushing hangingPiece kingsideAttack middlegame short
Kdgpn,rnbk1b1r/ppp3pp/5n2/4q3/8/1B2BQ2/PPP2PPP/RN2K2R b KQ - 1 10,e5b2 f3d1 f8d6 e3d4 h8e8 e1f1 b2d4 d1d4,1775,76,95,6597,advantage opening trappedPiece veryLong
VDzYm,8/5pp1/Bk2p2p/1P6/3K4/5PP1/7P/5b2 w - - 1 42,f3f4 f1b5 a6c8 b6c7 c8e6 f7e6,1666,76,94,13024,bishopEndgame crushing endgame long trappedPiece
zw7kM,8/7Q/p5R1/4pp2/3p1k2/7P/5qPK/8 w - - 1 40,h7h4 f2h4 g2g3 h4g3 g6g3 e5e4,1484,76,100,1152,advantage defensiveMove endgame hangingPiece long
RsKbA,r2qr1k1/4bpp1/p2p1n1p/2pP4/1pP2B1N/8/PP3PPP/R2QR1K1 b - - 2 17,f6h5 d1h5 e7h4 e1e8,1485,75,93,9267,crushing hangingPiece kingsideAttack middlegame short
M0oBE,r2q1rk1/1pp2ppp/p1n2n2/2p1p3/2B1P1b1/1QPP1N2/PP1N1PPP/R3K2R w KQ - 2 10,b3b7 c6a5 b7a8 d8a8,1492,75,93,4755,advantage middlegame short trappedPiece
goNWs,1k1r2nr/pp2qRp1/2p5/Q7/1PPp2n1/P5P1/3BP1BP/R5K1 b - - 0 18,e7f7 a5d8,1183,80,92,1815,hangingPiece mate mateIn1 middlegame oneMove queensideAttack
Saity,r1b2rk1/5pp1/1qp4p/2ppB1bQ/p1P5/1P1P3P/P2N1PP1/R4RK1 w - - 1 17,d2f3 g7g6 h5g5 h6g5,1510,78,90,5023,crushing middlegame short trappedPiece
cYOYn,r2q1rk1/pp1nbppp/4bn2/2p3B1/3PN3/5NP1/PP3PBP/R2Q1RK1 w - - 1 12,d4c5 f6e4 g5e7 d8e7,1311,80,91,1719,advantage hangingPiece opening short
t3BH3,4k2r/pp4pp/2n2p2/3rn3/8/P1N1P2q/2P1QP1N/R5RK b k - 1 22,d5d2 e2d2 e5f3 d2d6,1835,81,93,1090,advantage hangingPiece middlegame short
hkdji,2rrk3/4nR2/p3p3/1pq3Q1/2p5/1PP3P1/P4P1P/1B1R2K1 w - - 3 32,g5c5 d8d1 g1g2 c8c5,1415,75,91,2073,crushing fork hangingPiece intermezzo middlegame short
ZV1TY,2r1r1k1/4ppbp/p2p4/q5Pp/1P1NPP2/4B2b/PP1Q4/3R1RK1 b - - 0 21,a5a2 d1a1 a2c4 f1c1 g7d4 c1c4 d4e3 d2e3,1585,75,93,1248,clearance crushing middlegame trappedPiece veryLong
rNwe0,2rq3r/pp4k1/1n1p2p1/2nPppN1/2P5/PP3BQ1/5PPP/1R3RK1 w - - 0 24,g5e6 c5e6 d5e6 f5f4 g3g4 h8h4 g4h4 d8h4,1839,78,93,7340,advantage middlegame trappedPiece veryLong
icF6N,2q2k2/1brnb1pp/p7/2p5/2Q1P3/4R3/PB3PPP/3R2K1 w - - 2 25,b2g7 f8g7 e3g3 g7h8,1831,75,88,1201,advantage defensiveMove hangingPiece master middlegame short
ySnFZ,3rk2r/pp2bppp/2bppn2/q5B1/4P3/2N2N2/PPPQ1PPP/1K1RR3 b k - 7 12,e8g8 c3d5 a5d2 d5e7,1934,75,93,2774,crushing kingsideAttack middlegame sacrifice short trappedPiece
RFK3H,4r1k1/ppp2rp1/1bn1p2p/3pP2q/1P3P2/P1P2N1P/2Q1N1P1/R1B4K b - - 2 24,e8f8 e2g3 h5f3 g2f3,1423,76,90,3094,advantage middlegame short trappedPiece
yMXbB,4r2k/p2n2p1/7r/2p1qP2/3pB3/5P1P/PP3QP1/2R2RK1 w - - 3 25,e4c6 h6c6 f1e1 e5b8 e1e8 b8e8,1796,77,88,532,advantage hangingPiece long middlegame
jcncU,8/8/2pP4/1pP3b1/pPk1p3/P7/1B2K3/8 w - - 0 50,b2c1 g5c1 d6d7 c1g5 d7d8q g5d8,1111,76,98,1225,bishopEndgame crushing endgame hangingPiece long quietMove
UPxKW,r2qk2r/1b1p1pp1/p3p3/1pp4p/4PPQb/2PP2P1/PP1N2BP/R4RK1 w kq - 0 16,g4g7 h4f6 g7f6 d8f6,1312,77,91,635,advantage middlegame short trappedPiece
BJuIn,r2qk2r/p1nbbppp/2n1p3/1p6/Q1N1B3/2P2N2/PP3PPP/R1BR2K1 w kq - 0 14,e4c6 b5a4 d1d7 d8d7 c6d7 e8d7,1369,77,85,657,advantage hangingPiece long opening
nEm78,2k3r1/Qnp1p2p/6p1/3P4/3b4/1Pq5/P1P5/2KRR3 w - - 0 27,d1d4 c3e1 d4d1 e1a5,1992,79,92,1995,crushing endgame hangingPiece short
P4dpy,2kr4/ppp1pp1p/6p1/4B3/2Pn4/P2r4/1P3PPP/1R2R1K1 b - - 0 18,d4e2 e1e2 d3d1 e2e1 d1b1 e1b1,1729,82,88,171781,advantage endgame hangingPiece long
tixBM,8/8/8/1p6/pk6/8/K7/3B4 w - - 0 60,d1a4 b4a4 a2b2 a4b4,1756,78,90,758,crushing defensiveMove endgame hangingPiece short zugzwang
AWzFB,5k2/p5b1/8/1p3n2/2pP1qN1/2P2B1R/P1Q3K1/4r3 b - - 6 38,f4g4 f3g4 f5e3 h3e3,1291,79,88,4402,crushing hangingPiece middlegame short
H7dh5,r3kr2/p2q4/2Q5/3p1p2/PP2p2B/4P3/2PP1P1P/4K3 w - - 1 31,c6a8 e8f7 a8f8 f7f8,1174,76,98,1199,crushing defensiveMove endgame short trappedPiece
uhbmO,r2q2r1/2p2p1k/1pnpp2p/p5Nn/2PPb3/7P/PP1BPPB1/R1Q1RK2 b - - 1 17,h6g5 g2e4 f7f5 e4c6,1353,80,87,949,crushing fork hangingPiece master middlegame short
EirJC,2kr4/ppp3pp/8/4p3/4n3/N1Pr4/PP4PP/R4R1K b - - 2 18,e4f2 f1f2 d3d1 f2f1 d1a1 f1a1,1918,76,95,7991,crushing endgame hangingPiece long
tLWGn,r4rk1/pN2bppp/3p1n2/1b2p3/4P3/3B4/PqPQ1PPP/RR4K1 b - - 1 17,f6e4 d3e4 b2a3 b1b5,1673,76,86,641,crushing hangingPiece middlegame short skewer
Lwnjh,5r1k/pp2b1p1/7p/3qP3/3p2Pr/P2Q1PK1/1P1B4/4RR2 b - - 7 30,h6h5 g4g5 h4f4 d2f4,1825,78,92,5720,crushing middlegame quietMove short trappedPiece
kOuhl,2r3k1/1q3p1p/p3p1pQ/1p1n2B1/7P/8/PP3PP1/3R2K1 w - - 0 24,d1d5 b7d5 g5f6 d5d1 g1h2 d1d6 g2g3 d6f8,1971,80,92,1733,crushing endgame hangingPiece veryLong
h3oFa,2r2k2/5p1p/pNr2p2/2P5/1P2p1P1/4P2P/5K2/2R5 b - - 2 32,c6b6 c5b6 c8b8 c1c6,1516,78,95,4149,crushing endgame hangingPiece rookEndgame short
tp8gi,3r1rk1/1p3ppp/p1p3n1/b3Pb2/1PP2P1q/4NQ2/PB4PP/R4RK1 b - - 1 18,a5b4 e3f5 b4c5 g1h1 h4f4 f3f4 g6f4 f1f4,1411,76,97,6091,advantage hangingPiece middlegame veryLong
WW9zm,8/4k3/4p2p/1PK1P1p1/b5P1/6P1/8/8 b - - 0 49,a4b5 c5b5 e7d7 b5b6,1871,75,95,2840,crushing defensiveMove endgame hangingPiece short
feHHt,6K1/r7/3bk1p1/7p/7P/6P1/3R1P2/8 b - - 5 71,e6f5 d2d6 g6g5 d6d5,1579,77,91,526,advantage endgame hangingPiece master short
XUgI2,5rk1/ppq3np/2bpBQpB/8/2P5/8/PP4PP/4R2K b - - 4 24,g8h8 f6f8,1408,75,95,4139,hangingPiece kingsideAttack mate mateIn1 middlegame oneMove
ObtIy,r1b2rk1/ppp2ppp/3n1qn1/8/P2P4/2PB2QP/2P2PP1/R1B1R1K1 b - - 3 18,c8f5 c1g5 f6e6 e1e6,1515,75,93,1153,advantage middlegame short trappedPiece
A948z,2q2rk1/2p2pb1/1rn1p1pp/p2pP3/Q2P4/4BN1P/PP3PP1/R4RK1 b - - 1 19,b6b4 a4c6 b4c4 c6b5,1251,80,90,1616,crushing hangingPiece middlegame short
QdQgl,2k4r/ppqb1p2/4pQ2/2ppP3/5P2/2P2B2/PPKN3p/3R2r1 b - - 5 23,g1d1 f6h8 c7d8 h8d8 c8d8 c2d1,1529,80,92,1317,advantage hangingPiece long middlegame
SQOEL,5k1r/4bp2/p5p1/qp2Q1Pp/5p1P/8/PPP5/1K1R4 b - - 0 28,f8g8 e5e7 a5b6 d1d8 b6d8 e7d8,1493,78,93,1611,crushing endgame hangingPiece long
Vr1dc,6k1/p1pr2r1/1pb5/5Q2/8/2qP2RP/P1P2P1K/6R1 w - - 0 32,f5d7 c6d7 g3g7 c3g7 g1g7 g8g7,1668,78,90,1244,advantage endgame hangingPiece long
mgYFK,b7/5knR/ppp1p3/4p3/1P6/2P5/P2K1P2/8 b - - 1 36,f7g6 h7h8 a8b7 h8b8 g7f5 b8b7,1410,75,95,3941,crushing endgame long trappedPiece
OWt8o,2brr3/5kb1/2p2pp1/N1N4p/PR3P2/3P4/1P1K1BnP/7R b - - 1 25,g2f4 b4f4 g7h6 f2e3 e8e3 d2e3,1817,75,92,861,crushing hangingPiece long middlegame quietMove
Z9sKH,6k1/3K4/6p1/4Pp1p/4QP2/8/8/8 w - f6 0 66,d7e7 f5e4 e5e6 e4e3 e7d7 e3e2,1591,79,93,1246,advancedPawn crushing endgame hangingPiece long master
cqsCL,r5k1/p3R1pp/2q1p3/3pn3/8/4PP2/P1P1QP1P/5RK1 w - - 1 18,f3f4 e5g6 e7g7 g8g7,1499,77,93,1034,advantage endgame master short trappedPiece
rdisH,3r4/3Pbkp1/R6p/p1p4P/P4pB1/4p3/6P1/7K b - - 3 40,d8d7 g4d7 e3e2 a6e6,1576,78,90,1617,advantage endgame hangingPiece short
tkvq0,1r1q1rk1/1bp2ppp/p1np1b2/1p1Bp3/4P1P1/P1NP1N2/1PP2P1P/R2QK2R b KQ - 0 12,c6e7 d5b7 b8b7 g4g5 f6g5 f3g5,1962,77,90,1191,advantage long opening trappedPiece
9Zjyz,3r1rk1/p3bppp/4pn2/n7/5B2/1P3PP1/P4P1P/R3Q1K1 b - - 0 19,f6d5 e1a5 d5f4 g3f4,1231,78,93,1845,advantage hangingPiece master middlegame short
otSXe,4r1k1/p6p/1p3p2/4n1pN/3q4/1P5Q/P4nPP/R4R1K w - - 4 27,f1f2 d4a1 f2f1 a1f1,1443,77,96,11804,hangingPiece mate mateIn2 middlegame short
zyuyc,r1bqr1k1/ppp3p1/4p1Qp/3nP1B1/8/3B4/PPP2PPP/R3R1K1 b - - 0 15,d8g5 g6e8,1578,84,88,1178,hangingPiece kingsideAttack mate mateIn1 middlegame oneMove
wV2S7,1r4k1/5p2/B5pp/3pQ3/P6q/2P2P2/1r2RP1P/6K1 b - - 2 27,b2e2 e5b8 g8g7 a6e2,1482,74,88,2240,crushing endgame hangingPiece intermezzo short
NhCvo,Q1n3k1/p1q2pp1/4p2p/4N3/b1pP4/2P4P/4BPP1/6K1 w - - 0 26,e5c4 a4c6 a8c8 c7c8,1349,76,85,1678,crushing endgame short trappedPiece
ED0ET,2r3k1/p1rn1pp1/1p2p2p/1P1b2q1/1QpP3N/P3P1P1/4BP1P/2RR2K1 b - - 4 21,d7f6 f2f4 g5h4 g3h4,1417,75,94,1699,crushing master middlegame short trappedPiece
zydk1,4r1k1/pp4bp/8/3p1qN1/3nn3/3BB2P/PP2QP2/4R1K1 w - - 0 29,e3d4 f5g5 e2g4 g5g4 h3g4 g7d4,1643,77,94,2214,advantage hangingPiece long master middlegame
aXCPT,1k5r/ppp5/4p3/4b3/3P2p1/2N1BbP1/PP5P/5RK1 b - - 0 23,e5g3 h2g3 h8h1 g1f2 h1h2 f2e1,1343,77,93,1321,advantage endgame hangingPiece long
POrQX,2kr3r/pppbqppp/5n2/2b5/3Np3/2N1B3/PPPQ1PPP/2KR1B1R w - - 4 11,d4f5 d7f5 e3c5 e7c5,1693,78,93,8906,advantage hangingPiece middlegame short
LU2aO,r2qkbnr/3b1ppp/p1p1p3/3pN3/3P4/2N2Q2/PPP2PPP/R1B1K2R b KQkq - 1 9,f7f6 f3h5 g7g6 e5g6 h7g6 h5h8,1293,78,92,2021,crushing long opening trappedPiece
v8AfN,6k1/p2rbpp1/5n1p/8/2p4B/2N5/PPP2PPP/4R1K1 w - - 0 19,g2g3 g7g5 h4g5 h6g5,1543,75,90,2521,advantage endgame short trappedPiece
7bhDv,5r2/1pQ1n1k1/3p2pp/p2PN3/P5P1/1q5P/2R2P2/6K1 b - - 0 28,d6e5 c7e7 f8f7 e7e5,1375,81,90,5316,crushing endgame hangingPiece short
qbPzy,2kr3r/3q3p/2pp4/p1B1b1p1/4Q1P1/1P2P2P/P1P5/3R1RK1 w - - 1 26,e4d3 d6c5 d3a6 d7b7 d1d8 h8d8,1481,79,90,1679,advantage hangingPiece long middlegame
TXM54,r5k1/1bp2rp1/pp5p/5p2/3P3B/P1P5/2P2PPP/1R2R1K1 w - - 0 23,h4g3 f5f4 g3h4 g7g5 h4g5 h6g5,1470,75,95,25099,advantage endgame long trappedPiece
UmfnA,8/p3r3/1pP3N1/3k1p1p/PP1P4/3K1P1p/5P2/8 b - - 1 40,h3h2 g6e7 d5e6 c6c7 e6e7 c7c8q,1315,75,100,1576,advancedPawn advantage endgame hangingPiece long promotion
e3CKb,2r2r1k/p5p1/1b2R2p/3B1p2/5Pq1/2N3P1/PPP4P/5Q1K b - - 14 36,f8d8 d5f3 g4f3 f1f3,1686,75,94,4247,crushing middlegame short trappedPiece
JFqfY,2R5/3k4/6p1/5p2/pp5P/1P6/6K1/8 w - - 4 47,b3a4 d7c8 h4h5 g6h5,1269,76,97,11132,crushing endgame hangingPiece master short
2gAy3,r1bqk1nr/pp3ppp/2nbp3/2ppN3/3P1B2/2P1P3/PP3PPP/RN1QKB1R b KQkq - 3 6,f7f6 d1h5 g7g6 e5g6 h7g6 h5h8,1362,77,96,17666,crushing long opening pin trappedPiece
oI56L,8/8/1kp1P2P/7P/8/5K2/1p6/r5R1 w - - 2 50,h6h7 a1g1 h7h8q b2b1q,1598,76,93,1949,advancedPawn crushing endgame hangingPiece master promotion rookEndgame short
3ttNf,6k1/5pp1/p2Np2p/1p2P2n/1P6/P4K2/5PP1/8 b - - 1 37,g8f8 g2g4 h5f6 e5f6,1503,77,95,12336,crushing endgame knightEndgame short trappedPiece
Fi1KK,6k1/p4pp1/1p3n2/3qQ2p/7N/1P4P1/P4P1P/3rR1K1 w - - 6 35,e5d5 d1e1 g1g2 f6d5,1234,87,91,1840,crushing endgame hangingPiece intermezzo master short
It6dV,R7/2p1k1p1/3pB3/3P4/1P1Q4/5pq1/1P3Rb1/6K1 w - - 5 45,f2f3 g2f3 g1f1 g3g2 f1e1 g2e2,1419,75,95,4423,discoveredAttack discoveredCheck endgame exposedKing hangingPiece long mate mateIn3
sKity,r2qr1k1/p4pbp/Q5p1/n3p3/P1p1N3/2PnPNBP/1P3PP1/R2R1K2 w - - 0 19,e4c5 d3c5 d1d8 c5a6 d8a8 e8a8,1356,76,91,776,crushing hangingPiece long middlegame
Sqby0,r1bq1rk1/5pb1/p2ppnpp/1pp1P3/8/PB1P1Q2/1PP2PPP/RNB2RK1 b - - 0 14,d6e5 f3a8 d8b6 a8f3,1567,76,94,11218,advantage hangingPiece middlegame short
nsjmk,2r5/1b2kpp1/4p2p/1B1pb3/1P6/2PQPN2/q4nPP/B4RK1 w - - 0 23,f1f2 a2a1 f2f1 a1c3 f3e5 c3e5,1590,76,93,1869,advantage hangingPiece long middlegame
yXKZ1,4r1k1/5pp1/1RN4p/2Pp4/q2Pb3/2Q4P/5PP1/6K1 w - - 1 31,b6b8 a4c6 b8e8 c6e8,1678,74,96,2156,advantage endgame hangingPiece master short
MvWFs,8/6k1/8/6P1/1p1PB3/3K4/4r3/8 b - - 2 57,e2e4 d3e4 b4b3 e4d3 b3b2 d3c2 b2b1r c2b1,1113,77,95,1770,crushing endgame hangingPiece veryLong
OzdVE,3r1k1r/5pp1/p1q1bb1p/1p1N3R/2p5/5BPP/PPQ2P2/3R2K1 b - - 14 28,g7g6 d5f6 c6f3 d1d8,1063,77,97,1528,capturingDefender crushing discoveredAttack hangingPiece master middlegame short
vh4Ht,2kr4/5ppp/P3b1q1/1Q1np3/8/3P3P/1P2rPP1/R2K2R1 b - - 1 23,g6d3 b5d3 d5c3 b2c3,1189,78,88,2573,crushing hangingPiece middlegame short
eaTI0,5rk1/pp2Qp2/1q1B2b1/3P3p/3bp2P/1Pr5/P3B3/1R3K1R b - - 2 29,f8e8 e7e8 g8h7 d6e5 d4e5 e8e5,1942,76,90,926,advantage hangingPiece kingsideAttack long middlegame
8uNg9,7r/2Q2pp1/3bpk1p/8/6P1/2NqB2P/PPb2P2/R3K2R w KQ - 1 19,c3e4 d3e4 c7d6 e4h1 e1d2 h1a1 e3d4 f6g6,1349,77,97,2453,advantage hangingPiece master middlegame skewer veryLong
fIiWH,3r1k2/5p2/pr3P1p/1p2Pb1N/1P3p2/P2p1P2/5KR1/2R5 b - - 1 39,b6c6 c1c6 d3d2 g2g1 d2d1q g1d1,1831,79,93,2126,advantage endgame hangingPiece long quietMove
Ji7ws,3r1rk1/pp3ppp/5n2/2nBq3/2R1P3/4BQ2/PP4PP/5RK1 b - - 6 21,f6d5 c4c5 d5e3 c5e5,1759,79,93,3911,advantage hangingPiece master middlegame short
0fTPk,6k1/1p4p1/2pr1n2/p7/7P/PR4Q1/1P3PPK/3q4 b - - 3 32,d1e1 g3d6 f6g4 h2g3,1813,75,88,727,crushing endgame hangingPiece short
zIJE5,4b2k/1p2brq1/p1nr3p/5ppQ/2BP4/P3P1P1/1P1N1PK1/2R4R b - - 5 25,f7f6 h5e8 f6f8 e8h5,1750,78,87,693,advantage hangingPiece kingsideAttack middlegame short
VcwzA,3rk1nr/p2q2p1/bp2pp2/7p/3n3P/4P1B1/PP3PP1/RN1QKB1R b KQk - 0 14,d4f3 d1f3 a6f1 h1f1,1481,81,93,2375,advantage hangingPiece opening short
yzANU,4r1k1/p1b3p1/Pp4qp/1PN1p3/3p3P/2nP1QPb/2P2P1N/1R2R2K w - - 1 37,c5e4 e8f8 f3f8 g8f8,1778,75,92,3348,crushing middlegame short trappedPiece
3xYqF,3r2k1/pp2q1pp/2p2pb1/8/3P4/4PBP1/P3Q1PP/2R3K1 b - - 0 22,d8d4 e3d4 e7e2 f3e2,1183,79,94,12424,crushing endgame hangingPiece short
Pig33,r4k2/pp1Rrp1Q/2p5/3n4/2Bq4/5P2/PP3P1P/R5K1 w - - 2 25,c4d5 e7d7 h7h6 d4g7 h6g7 f8g7,1729,79,92,3787,advantage hangingPiece long middlegame
LWeov,r3k2r/pppqbppp/2npBn2/4N2Q/4P3/2N5/PPPP1PPP/R1B1K2R w KQkq - 1 8,e1g1 d7e6 h5f7 e6f7 e5f7 e8f7,1534,77,94,9532,advantage hangingPiece long middlegame
Bsp1B,3r1r1k/1b3pp1/pN1p1b1p/nq3P1P/1p4Q1/4B3/PPB3P1/3RR1K1 b - - 4 27,d6d5 c2a4 a5c4 a4b5,1779,74,94,8197,crushing master middlegame short trappedPiece
7dL74,2kr2r1/ppp4p/2nbp3/5p2/3P4/2P1BQ1B/PP2KP1q/R3R3 b - - 1 21,d6e7 e3f4 h2f4 f3f4,1678,75,93,601,advantage middlegame short trappedPiece
SG8lf,8/b7/P5N1/5Qqk/8/4p3/4K3/8 w - - 14 55,f5h3 h5g6 h3e6 g5f6,1411,77,92,9191,crushing endgame hangingPiece short
mXAFs,r3r1k1/2q2p2/2p3pp/pp1p1b2/Qb1P4/1R2PN1P/PP2BPP1/2R3K1 w - - 0 24,e2b5 c6b5 c1c7 b5a4 b3b4 a5b4,1204,83,93,10490,advantage long middlegame trappedPiece
uI1Y0,6k1/p2qR2p/5Q2/6p1/2p3Pn/6BP/P4P1K/3r4 b - - 3 30,h4f3 f6f3 d7e7 f3d1,1585,75,88,2936,crushing endgame hangingPiece master short
j8ql0,r2qk2r/pp1n3p/2p1ppp1/2bp1b1Q/P3nP1N/1P1BP3/1BPP2PP/RN3RK1 w kq - 0 11,h5h6 c5f8 h4f5 f8h6,1615,76,95,12432,advantage middlegame short trappedPiece
pwdwU,7k/1pq4p/p2prpp1/2p5/2PnQ3/1P2BPP1/P4P1P/R5K1 w - - 0 24,e4d5 e6e5 e3d4 e5d5 d4f6 h8g8,1803,74,91,1265,advantage endgame long trappedPiece
4rCc6,r2q1rk1/3p1ppp/bp1Np3/4P3/P1BQ2n1/6P1/2P2P1P/R4RK1 b - - 0 17,g4e5 d4e5 a6c4 d6c4,1237,78,92,1165,advantage hangingPiece middlegame short
eLMb0,2k4r/p1p2pp1/2p5/1p2Pb1q/PP1r1Bp1/8/3N1PPP/R2Q1RK1 w - - 0 18,a4b5 d4f4 h2h3 g4h3 d1h5 h8h5,1453,78,93,2783,advantage hangingPiece long middlegame
GHRjf,r1r3kb/5p2/4p2p/3p2pN/BR6/4P3/P1P2PPP/6K1 b - - 2 29,c8c2 a4c2 a8c8 c2d3,1846,75,93,13624,advantage defensiveMove endgame hangingPiece short
mBJdA,8/p4ppp/1p2k3/4P3/P2K4/8/1r1p2PP/3R4 b - - 0 35,a7a6 d4c3 b2a2 c3b3 a2a4 b3a4,1824,76,93,1717,advantage endgame long rookEndgame trappedPiece
GwMMU,1kr2r2/pp6/5p2/4p1pp/QB1q1P1P/3P2P1/P5B1/4R2K w - - 1 28,b4f8 d4a4 f8d6 b8a8,1243,76,93,1416,advantage endgame hangingPiece short
NN9KV,1b6/8/8/4PK2/7P/8/4kp1N/8 b - - 4 64,b8e5 f5e5 f2f1q h2f1,1339,78,94,7342,crushing endgame hangingPiece master short
UU0fA,r2q3k/pp1r2R1/1npn3p/3p1N1P/3P1PQ1/3B4/PPP2P1R/2K5 w - - 3 28,g7h7 d7h7 f5d6 d8d6 d3h7 h8h7,1236,76,97,1634,advantage hangingPiece long middlegame
BWyBC,q4rk1/2R4p/p4bp1/Q2b4/8/P3P3/1r3P1P/5RK1 b - - 5 27,a8b8 a5d5 g8h8 d5d7 b8c7 d7c7,1595,76,93,1179,advantage hangingPiece long middlegame
dxd8D,r4rk1/2p1qppp/p2bpn2/1p1p4/3P1P2/PPP1PNN1/3Q2PP/R4RK1 b - - 0 15,d6a3 b3b4 a6a5 a1a3,1363,78,93,7664,advantage interference intermezzo middlegame quietMove short trappedPiece
bDi93,2r5/5pkp/2p3p1/3NP3/1P3Pb1/6P1/1P3K1P/2R5 w - - 5 34,b4b5 c6d5 c1c8 g4c8,1366,76,94,3086,advantage endgame hangingPiece short
qYHuu,r1bq1r1k/ppp4p/2np2pQ/4p1B1/8/3P4/PPP1NPPP/R3K2R b KQ - 0 13,d8d7 h6f8,1147,79,94,6017,hangingPiece kingsideAttack mate mateIn1 middlegame oneMove
6UNKC,r1bqk1r1/ppp3pp/3p1p2/n7/Qb2P3/2N2N2/PB3PPP/R4RK1 b q - 1 11,c8d7 a4b4 c7c5 b4a3,1486,75,93,6357,advantage hangingPiece middlegame short
kMRkR,6k1/5pp1/4b2p/4Q3/4P3/8/1qp2PPP/3B1K2 w - - 0 32,e5b2 c2d1q,1232,77,92,2993,advancedPawn endgame hangingPiece mate mateIn1 oneMove promotion
6JqqR,2kr2n1/ppp4Q/6P1/3p4/3Pp1b1/2NP4/Pq3PPP/R3KB1R w KQ - 0 16,a1b1 b2c3,1062,81,93,640,hangingPiece mate mateIn1 middlegame oneMove
XyTZs,r5k1/pp3ppp/7r/6q1/2QPn3/P3P2P/3B1PP1/3R1RK1 w - - 1 22,d1c1 e4d2 c4c8 g5d8,1975,76,93,11099,advantage fork hangingPiece middlegame short
3G6D2,N3kb1r/1b3ppp/p3pn2/1p6/3P1B2/2q1PN1P/P4PP1/R2QK2R w KQk - 0 15,d1d2 c3a1 e1e2 a1h1,1291,76,94,3908,crushing hangingPiece middlegame short skewer
dLxXP,r4rk1/ppq1bpp1/2n2n1p/2p2b2/3p4/PP1P1Q1P/B1PB1PPN/RN3RK1 b - - 1 16,c6e5 f3f5 g7g6 f5f4 g6g5 f4f5,1638,75,92,1472,advantage hangingPiece long middlegame
dXOeR,r3k1nr/p2bpp1p/6p1/1B1Q4/5P2/4P3/P2B1KPP/q6R b kq - 1 14,a1h1 d5a8,1630,78,100,2244,hangingPiece mate mateIn1 middlegame oneMove
ai1CF,r4rk1/Qp3ppp/3qpn2/8/2pP4/2P2N1P/PP3PP1/R3R1K1 w - - 1 18,a7b7 f8b8 b7a8 b8a8,1476,76,87,541,advantage middlegame short trappedPiece
vF2mX,r6r/pp4pp/b1k2pN1/2b1p3/8/4P1P1/PP3PP1/3RK1NR w K - 0 19,d1c1 h7g6 h1h8 a8h8,1472,76,88,2134,crushing hangingPiece middlegame short
ccngj,6k1/5pp1/1r3n2/RP1p4/1PpP2P1/2P2R2/6P1/1N2r1K1 w - - 3 29,g1f2 e1b1 a5a8 g8h7,1433,76,87,1750,advantage defensiveMove endgame hangingPiece short
fObAi,3r1r1k/pQp3pp/2n2q2/2p1p3/4P3/2P2P2/PP4PP/R3RNK1 w - - 1 18,b7c7 f8f7 c7f7 f6f7,1576,75,90,1967,advantage middlegame short trappedPiece
Fj1Wt,2r2rk1/ppR2R1p/6p1/2n5/8/P1P5/4B1PP/7K b - - 0 25,f8f7 c7c8 g8g7 c8c5 f7e7 e2f1,1785,71,95,21428,advantage defensiveMove endgame fork hangingPiece long
IKikp,2rr2k1/1b1p1pp1/ppq1pn1p/1N6/2P1P3/4QP2/PP2B1PP/2RR3K b - - 1 17,a6b5 c4b5 c6c1 d1c1 c8c1 e3c1,1082,79,92,2626,advantage long middlegame trappedPiece
QEDpE,7k/5p1p/4p3/1p1prp2/8/2PBN1P1/1P3K1P/8 b - - 3 28,d5d4 c3d4 e5e3 f2e3,1273,78,91,3420,crushing endgame short trappedPiece
Tg0Ns,1r2r1k1/5pq1/6p1/pp5p/2p2Q2/2P1R3/PP1B2PP/6K1 b - - 5 30,e8e3 f4b8 g7f8 b8f8 g8f8 d2e3,1210,76,89,3104,crushing endgame hangingPiece long
fNI0l,2k1n3/p2r1pp1/1ppP3p/2P5/1P6/P6P/5PP1/4R1K1 b - - 1 27,b6c5 e1e8 d7d8 e8d8 c8d8 b4c5,1669,76,94,3503,crushing endgame exposedKing hangingPiece long
wbghI,r1q1k2r/p1pbnppp/1p1p4/1B1P2Q1/P7/5N2/1P3PPP/R4RK1 b kq - 2 14,e8g8 g5e7 d7b5 a4b5,1200,76,93,1999,advantage hangingPiece middlegame short
0lTqE,r2qk1nr/ppp2ppp/2np4/1Bb5/3BP3/1P3b2/P1P2PPP/RN1QK2R w KQkq - 0 8,d1f3 c5d4 b5c6 b7c6,1138,80,90,766,crushing hangingPiece opening short
Hbit7,4r2R/1p2r1p1/p1pp2Q1/3PkP2/4q3/8/PPP5/1K5R w - - 7 36,h8e8 e4h1 g6g1 h1g1,1125,75,96,7623,backRankMate endgame hangingPiece mate mateIn2 short
TpxWX,3r1rk1/pp1nqpp1/2pR1b1p/4p3/N1B1P3/5Q1P/PPP2PP1/3R2K1 w - - 6 16,a4c5 d7c5 d6d8 f8d8 d1d8 e7d8,1149,79,89,2882,advantage hangingPiece long middlegame
eNfIx,2k4r/ppq1bppp/4p3/8/1P1r2b1/2P5/P1Q1BPPP/2R2RK1 b - - 1 16,g4e2 c3d4 c7c2 c1c2 c8d7 c2e2,1778,75,96,12152,advantage fork hangingPiece long middlegame
gnjAk,1r6/1p4pp/pn1Nbk2/5p2/8/1B2P3/PP3PPP/5RK1 w - - 1 23,b3e6 f6e6 d6f5 e6f5,1125,78,94,747,advantage endgame short trappedPiece
TUUur,3r3r/Qpqkbp2/2pp3p/8/3P2p1/6N1/PPP2PPP/R4RK1 w - - 1 19,f1e1 d8a8 a7a8 h8a8,1282,78,92,1978,crushing middlegame short trappedPiece
DIz2f,r1bq1rk1/pppnppbp/3p1np1/8/2BP4/2N1PN2/PPP2PPP/R1BQ1RK1 b - - 5 7,f8e8 c4f7 g8f7 f3g5 f7g8 g5e6 c7c5 e6d8,1897,80,93,2528,attraction crushing kingsideAttack opening sacrifice trappedPiece veryLong
jDwQ6,R4r1k/6p1/3p3p/3Bb3/2P4q/6PQ/R6K/5r2 b - - 1 44,f1h1 d5h1 h4h3 h2h3,1687,77,91,1004,crushing hangingPiece middlegame short
XrDcV,8/6p1/8/p1PK4/P2n4/4p1k1/8/6N1 b - - 0 55,g3f2 d5d4 e3e2 g1e2,1749,78,93,1254,crushing endgame hangingPiece knightEndgame short
WCriI,5rr1/pp6/2kbb3/2p1p1pp/4P3/3PN1B1/PPP2PPP/R4RK1 w - - 0 23,e3c4 e6c4 d3c4 h5h4 h2h3 h4g3,1429,75,88,729,advantage long middlegame trappedPiece
NINVf,8/pb3pk1/1p1p1q2/2pP1Pr1/4P1Nr/3B4/PPPQ2P1/1K5R w - - 0 29,g4f6 h4h1 d2c1 h1c1 b1c1 g7f6,1506,75,94,10915,advantage hangingPiece long middlegame
sGimn,5K2/6Pq/8/2k2p2/5P2/8/8/8 b - - 5 57,h7g7 f8g7 c5d5 g7f6 d5e4 f6g5,1393,75,96,1969,crushing endgame hangingPiece long zugzwang
CF9hk,r1q2r2/p6k/1pp3np/4b2Q/3N1p2/2P4P/PP3BP1/R2R2K1 w - - 1 21,d4f3 f8f5 h5g4 h6h5 g4g6 h7g6,1626,76,94,6880,crushing long middlegame trappedPiece
ZoNYj,rn2k2r/p2bbppp/3p4/2p3B1/1qB1n3/1PN2N2/P1PQ1PPP/R3K2R w KQkq - 0 12,c4f7 e8f7 c3e4 b4e4,1219,77,91,618,advantage hangingPiece middlegame short
bXpaJ,r5k1/ppp1q1b1/3p2pp/1P1B4/2Pp2b1/1N1P2P1/P3Pr2/1R1QR1K1 b - - 1 19,g8h7 g1f2 e7e3 f2g2 g7e5 d5f3,1716,74,96,7591,advantage hangingPiece long middlegame
NSCcD,r7/ppp2r1k/3b1qpp/4p3/2Q5/6N1/PP4P1/5R1K b - - 9 29,f6h4 c4h4 f7f1 g3f1,1287,81,92,1704,advantage hangingPiece middlegame short
2ATSU,2r2k2/R2Q1p2/4p1r1/3pq3/6P1/2p1P2P/P4P2/6K1 b - - 1 33,g6f6 d7c8 f8g7 a7a8,1646,79,90,1066,crushing defensiveMove endgame hangingPiece master short
4gRTr,2r1q1k1/p1R2pp1/1p3n1p/3bN3/2B1pP2/1P2P1Q1/P5PP/6K1 w - - 3 25,c4d5 c8c7 d5f7 c7f7,1759,76,92,1477,crushing hangingPiece middlegame short
FShRu,2r3k1/2r1n1p1/2pq2p1/1p3p2/p2N4/P2PPQ1P/2R2PP1/2R3K1 w - - 6 33,d4b5 c6b5 c2c7 c8c7,1313,75,97,1131,advantage hangingPiece master middlegame short
dpMzC,rnbq1rk1/ppp2pp1/7p/2bpPNnQ/2B5/2N5/PPP2PPP/R1B1K2R w KQ d6 0 10,c3d5 c8f5 c1g5 d8g5 h5g5 h6g5,1909,79,91,742,advantage hangingPiece long opening
bs4FR,3r2k1/2p4p/1p2BrpP/3P4/2P2p2/1PQ2P2/4q3/2K5 b - - 1 35,g8f8 c3f6 f8e8 f6f7,1210,75,96,1559,endgame fork hangingPiece mate mateIn2 short
LwpIr,2r3k1/5ppp/4p3/3N4/Pb1q4/1P5P/1Q4P1/2R4K b - - 0 33,d4b2 c1c8 b4f8 d5e7 g8h8 c8f8,1094,77,91,522,backRankMate deflection endgame hangingPiece long mate mateIn3 pin
799Le,r2qk2r/pb3ppR/1pp1p3/3p4/8/2PnP1P1/PP1NKPP1/R2Q4 b kq - 1 14,d3b2 h7h8 e8e7 h8d8 b2d1 d8a8 d1c3 e2d3,1614,77,94,4068,advantage hangingPiece middlegame skewer veryLong
TrUeJ,2r1k2r/pQ1b2pp/4pn2/7q/2B2b2/2N2N2/P4PPP/R4RK1 w k - 0 17,c4b5 c8c3 b5d7 f6d7,1876,76,87,649,crushing hangingPiece master middlegame short
aERvl,r4r2/p1kq2b1/1pR3Qp/4p3/4Nn2/1N1P4/PP1B2PP/7K b - - 0 25,d7c6 g6g7 c6d7 g7e5 c7d8 d2f4,1506,75,95,2162,advantage hangingPiece long middlegame
bIbTb,r3k2r/1p3p2/p1bQpq1p/8/8/3B4/PPP2PPP/2R1R1K1 b kq - 0 22,c6g2 g1g2 h8g8 g2f1,1980,80,90,627,advantage defensiveMove hangingPiece middlegame short
watfp,2r3k1/pp5p/3pN1p1/8/2br3P/P1Q5/qP3PP1/2KR3R w - - 0 29,d1d4 c4e6 c3c8 e6c8,1848,78,93,1622,advantage hangingPiece middlegame pin short
PFfDP,3r2k1/4rpp1/7p/RNN5/4P1P1/8/3b3P/4R2K w - - 1 36,e1d1 d2a5 d1d8 a5d8,1265,80,88,681,advantage hangingPiece middlegame short
0F8o2,r4r2/2pb2k1/p2p2pb/1p1Pnp2/8/P1P3Q1/1PB2PPP/R3R1K1 w - - 0 23,a1d1 f5f4 g3h4 g6g5 h4h5 d7g4 h5g4 e5g4,1779,74,95,3608,advantage fork middlegame trappedPiece veryLong
AOCj6,2k2r1r/pp4p1/2n5/3pP1p1/8/1P4P1/P1BQ1P1q/R3RK2 b - - 1 25,c6d4 d2d4 h2h1 f1e2 h1f3 e2d2,1914,77,89,2026,advantage hangingPiece long middlegame
jPHeY,2kr1bnr/ppp2ppp/2B3q1/8/8/2N2N1b/PPP2PPP/R1BQR1K1 w - - 1 12,c6b7 c8b7 f3h4 d8d1,1324,79,92,851,advantage hangingPiece opening pin short
9iUO1,r2r2k1/2Rnbpp1/5n1p/1N2p3/pP6/P3BN1P/5PP1/3R2K1 w - - 4 25,f3e5 d7e5 d1d8 e7d8,1717,78,93,2397,advantage hangingPiece middlegame short
N0oMp,8/3Q4/5bpk/5r1p/P2p1P2/1P1Pq1BP/2P2R1K/8 w - - 5 43,a4a5 h5h4 g3h4 f6h4,1761,75,94,5499,crushing endgame short trappedPiece
4748A,4rr2/1p5p/pk2B2b/4B3/8/2N5/PP5P/1K1R4 w - - 5 25,e6d7 e8e5 d1d6 b6c7,1151,79,93,1101,advantage hangingPiece master middlegame short
GtCoO,3r2rk/3R2Qp/p1p2p2/1q3P2/3B4/2P4P/PP3PP1/2K5 b - - 0 26,g8g7 d7d8 g7g8 d4f6,1177,77,91,1068,endgame hangingPiece mate mateIn2 pin short
Ds7oy,8/6p1/5p2/p2Pp2p/Pb5P/2B1PkP1/5P2/4K3 w - - 2 42,d5d6 b4c3 e1f1 c3b4 d6d7 b4e7,1630,76,94,5659,bishopEndgame crushing defensiveMove endgame hangingPiece long
0FMfI,r1b1k2r/ppp1qppp/2n5/8/3QB3/5N2/PPP2PPP/R3K2R w KQkq - 1 11,d4g7 e7e4 e1f1 e4c4 f1g1 h8f8,1957,76,92,1197,advantage defensiveMove hangingPiece long middlegame
vBhog,5r2/2q2p1k/p2p1Q1p/1pnPr1p1/2p1P1P1/2P5/PPB4P/4RRK1 w - - 2 34,f1f5 c5d7 f6f7 f8f7,1806,76,93,4633,crushing middlegame short trappedPiece
UW7LK,2r1r1k1/p5bp/1p3qp1/1Q2p3/3p4/N4NP1/b3PP1P/2R1R1K1 b - - 1 28,c8c1 b5e8 g7f8 e1c1,1183,75,100,788,advantage hangingPiece intermezzo middlegame pin short
k9ky5,rn2kb1r/pp3ppp/4p3/3pPn2/1PqP4/P1N1BN2/5PPP/2RQK2R w Kkq - 3 13,c3d5 c4d5 c1c8 e8d7,1745,76,90,2106,advantage hangingPiece opening short
vZ59z,2r5/5pkp/4p1p1/8/3nP3/1PrB3P/3K1PP1/1RR5 b - - 0 28,c3b3 c1c8 b3b1 d3b1,1008,76,98,3860,crushing endgame hangingPiece master short
gpg3Z,3rr1k1/pb3ppp/2nQ4/1B6/5P1q/2N4P/PPP3P1/R4RK1 w - - 1 18,d6c7 e8e7 c7b7 e7b7,1693,76,89,709,advantage master middlegame short trappedPiece
rQfrs,2r3k1/2p2p2/6pp/p2Pp3/P1R5/3P4/1rP4P/2K3R1 b - - 6 32,b2a2 c1b1 a2a3 b1b2 a3a4 c4a4,1948,75,94,7438,crushing endgame long rookEndgame trappedPiece
vo46y,1r4k1/3bRpp1/1p1P1n1p/p1p5/Pq6/6P1/1PQ2PBP/4R1K1 w - - 1 29,e7d7 b4e1 g2f1 f6d7,1362,79,93,7263,crushing hangingPiece intermezzo middlegame short
iaoWo,r2qkb1r/1pp3pp/p1n1bn2/1Q1p2B1/3Pp2N/2P5/PP3PPP/RN2KB1R w KQkq - 0 10,b5b7 c6a5 b7a8 d8a8,1483,76,94,23180,crushing opening short trappedPiece
NjlFC,r1bqnrk1/ppp1nppp/1b1p4/3PP3/8/2NB1N2/PPP2PPP/R1BQK2R w KQ - 0 10,d3h7 g8h7 f3g5 h7g8,1279,82,91,2560,advantage defensiveMove hangingPiece master opening short
Nkx7R,r3r1k1/2pq3p/p2p2pB/1p1Pn3/1Pb2Q2/P1N4P/6PN/4R1K1 b - - 0 26,e5f3 h2f3 e8e1 f3e1,1485,78,92,1612,advantage hangingPiece middlegame short
DC6eJ,2q2r1k/3bn1pp/1Q1p2n1/1Pp1p3/2B1Pp1b/2PP1P1P/3B2PN/1R4NK w - - 1 29,b6d6 f8f6 d6a6 f6a6,1575,74,89,1829,advantage middlegame short trappedPiece
w6Ud7,rn2k2r/pp3pp1/2pqpn2/1N6/3P4/5Q1P/PPP2P2/2KR1B1R b kq - 1 15,c6b5 f3b7 e8g8 b7a8 b8c6 a8b7,1720,76,93,3167,advantage long middlegame trappedPiece
8tMuq,5rk1/Q4pb1/3p2p1/3Pp1q1/4P2p/8/P3NPPP/1R4K1 w - - 2 22,b1b8 g5d2 e2g3 h4g3 b8f8 g7f8,1874,76,91,624,crushing endgame long trappedPiece
JP3Eo,4r3/8/8/8/8/4Rpk1/3K4/8 b - - 1 68,g3g2 e3e8 f3f2 e8g8 g2f3 g8f8,1679,79,92,1654,crushing endgame hangingPiece long rookEndgame
DuAWZ,r4rk1/2p2ppp/p1p5/1pN2b2/3P4/qPB5/2P2PPP/3Q1RK1 b - - 0 16,a8d8 d1f3 f5c2 f1a1 a3c5 d4c5,1859,73,94,13829,advantage clearance long middlegame trappedPiece
I4Ggf,5r1k/pp4q1/2pNpr2/2P2bQp/1P1P2p1/P5P1/5R1P/5RK1 w - - 11 41,g5h5 f6h6 h5h6 g7h6,1282,77,94,3265,advantage defensiveMove middlegame short trappedPiece
FWn7I,5k2/7R/4P3/3P4/2P1B3/7p/6pr/3K4 w - - 0 59,e4g2 h3g2 e6e7 f8e8 h7g7 h2h1,1546,76,93,6674,advancedPawn crushing endgame hangingPiece long
7HH8M,2rq2k1/1p3p1p/4b1p1/2Q5/p2nPP2/6P1/P5BP/R4R1K w - - 1 26,c5e5 f7f6 e5e6 d4e6,1788,79,93,3477,crushing master middlegame short trappedPiece
0h2N8,r1b2rk1/2q1bppp/p1np1n2/4pN2/Pp2P3/3BB1N1/1PPQ1PPP/R4RK1 w - - 0 14,f5g7 g8g7 e3h6 g7h8 h6f8 e7f8,1953,79,88,988,advantage hangingPiece long middlegame
hS9XH,4k3/5p2/4pP2/n2pP3/3P2P1/p1P5/2K5/B7 w - - 1 49,c2d3 a5b3 a1b2 a3b2,1532,82,93,2369,advancedPawn crushing endgame master masterVsMaster short trappedPiece
hHk2A,8/5pk1/3p2pp/2pq4/2N2n2/2P2Q2/7R/1r3B1K w - - 0 45,f3d5 b1f1,1108,90,91,1071,endgame hangingPiece master mate mateIn1 oneMove
ooxJL,8/5k2/4R3/6P1/5K2/7r/8/8 w - - 3 80,g5g6 f7e6 g6g7 e6f7 g7g8q f7g8,1166,77,96,2718,crushing endgame hangingPiece long rookEndgame
QNRWn,r4rk1/p1p3pp/2p4q/3pn3/7P/2N3Pb/PPP1BP2/R2QR1K1 b - - 4 17,f8f2 g1f2 a8f8 f2g1 h6e3 g1h2,1769,80,90,3357,advantage hangingPiece long master middlegame
78vEb,2r1k2r/pp4p1/n5np/4Pb2/1b1N1N2/4B3/PP2KPPP/3R3R b k - 10 19,a6c5 d4f5 g6f4 e3f4,1247,78,96,10382,advantage hangingPiece middlegame short
PvqdN,2r2rk1/5ppp/p1Nbpn2/3p4/Q2P2N1/2q3B1/P4PPP/R4RK1 b - - 0 18,f6g4 g3d6 c3c6 a4c6 c8c6 d6f8,1378,77,93,2155,crushing hangingPiece long middlegame
Syp6M,5r2/7p/1p6/p1kp1r2/R4P1P/P4K2/1P6/4R3 w - - 0 37,b2b4 c5b5 b4a5 b5a4,1733,75,96,6832,crushing defensiveMove endgame rookEndgame short trappedPiece
QlfUX,4nbk1/6p1/p3b1Pp/2p1pN1N/2PpP3/P2P1Q1P/8/1q3BK1 w - - 0 30,f5h6 g7h6 h5f6 e8f6 f3f6 b1b6,1914,77,91,1168,crushing defensiveMove hangingPiece long middlegame
mBVrM,3rR3/p2kR3/1p6/1Kp5/8/3r4/P7/8 b - - 7 46,d7d6 e8d8 d6e7 d8d3,1098,77,95,2561,crushing endgame hangingPiece rookEndgame short skewer
LUGJy,8/8/1KP4p/3bp1p1/4p1P1/4P3/k6P/8 b - - 0 43,d5c6 b6c6 a2b2 c6d5 b2c2 d5e4,1526,79,93,1154,crushing endgame hangingPiece long
rt2k7,Q5k1/2p3p1/4p2p/4P1q1/1P6/2R3Pr/r7/4R1K1 b - - 3 40,g8h7 a8a2 h3g3 c3g3 g5g3 g1f1,1908,78,92,1172,advantage defensiveMove endgame hangingPiece long
pNXfR,r5k1/bp4pp/2p5/p5Q1/2P1N1P1/P2q1p1P/1P2nP2/R4R1K w - - 0 27,a1d1 d3e4 d1d8 a8d8 g5d8 g8f7,1584,76,94,7680,advantage hangingPiece long middlegame
XE2Tz,rn1qk2r/pbp1bp2/1p2p3/7p/2BP2Q1/2N1P1B1/PP3PPP/R4RK1 w kq - 0 13,g4g7 e7f6 g3c7 f6g7 c7d8 e8d8,1645,78,93,2629,advantage long middlegame trappedPiece
bH3Ji,4r3/p2r4/1p2pb1p/3n3k/3PN1R1/4BP2/PP3P1K/8 b - - 1 30,d5e3 e4f6,1172,75,96,566,cornerMate endgame hangingPiece mate mateIn1 oneMove
rS0aE,r7/2b1k3/2Kp2pp/p1p5/5R2/2P3BP/5PP1/8 b - - 3 45,a5a4 c6c7 a4a3 f4e4 e7f7 e4e1 a3a2 e1a1,1993,75,94,4718,advantage endgame hangingPiece quietMove veryLong
4R1F4,r3k2r/pp2b1p1/1np1bn1p/3pN3/3PP1Pq/1QNB3P/PP4K1/R1B2R2 b kq - 0 16,h6h5 e5g6 h5g4 g6h4,1406,77,94,6374,crushing fork middlegame short trappedPiece
XXS1K,5rkR/pp4p1/1q2p1r1/1b4N1/3p1Q2/8/PP3PPP/4R1K1 b - - 9 26,g8h8 f4f8,1470,83,87,3297,hangingPiece master mate mateIn1 middlegame oneMove
sU6RK,3r2k1/p2r2pp/1pn1pq2/2p2p2/2P5/PP2PN2/4QPPP/R2R2K1 w - - 3 22,d1d7 f6a1 e2f1 a1f1 g1f1 d8d7,1392,76,94,7396,crushing hangingPiece long middlegame
8U8s7,8/3K1p2/2P1n3/6k1/8/8/8/8 b - - 1 64,f7f5 d7e6 f5f4 c6c7,1120,78,94,1570,advancedPawn crushing endgame hangingPiece short
xu7Qm,8/5pk1/4p2p/3P2p1/2Pn2P1/r3R2P/5P1K/3B4 b - - 2 44,a3e3 f2e3 e6d5 e3d4,1080,81,90,1019,crushing endgame short trappedPiece
EKGaU,2rk4/5R2/4p1p1/3nP1P1/2pP1P1p/P3B2P/6K1/8 w - - 1 50,f4f5 d5e3 g2f2 e3f5,1390,75,98,4786,crushing endgame hangingPiece master short
QrOAi,Qbkr4/p1r2p2/np5p/2p5/2b5/P3B1P1/7P/1R2R1K1 w - - 0 34,e3f4 c4d5 a8d5 d8d5,1327,75,99,1866,advantage middlegame short trappedPiece
HnVNN,r1b2r1k/p3b1p1/1pq5/3pB2B/3P1p1P/P1PQ4/5P2/R3K2R w KQ - 4 22,e5g7 h8g7 h1g1 g7h8,1666,76,92,2051,advantage defensiveMove hangingPiece middlegame short
yzVWn,rn1qkb1r/pp3pp1/3p1n1p/2p1p3/2B1PPb1/3P1N2/PPP3PP/RNBQ1RK1 w kq - 0 7,c4f7 e8f7 f4e5 g4f3,1906,77,92,789,advantage hangingPiece middlegame short
9wx12,rn1Bk3/pbpp1p2/1p5Q/4P3/7P/2P1p1r1/PP5P/R4R1K w q - 4 23,f1f3 b7f3,1156,75,98,1889,hangingPiece kingsideAttack mate mateIn1 middlegame morphysMate oneMove
4a5Bt,6k1/p2r2pp/1p3p1Q/2p5/2R1P3/6qP/P4PP1/3B2K1 w - - 0 29,f2g3 d7d1 g1f2 g7h6,1185,75,97,2299,advantage endgame hangingPiece short
BXP3f,r5rk/p2bQp1p/2p2p2/3pp3/3P3q/8/PP2NPPP/2R2RK1 b - - 9 19,g8g2 g1g2 d7h3 g2h1,1747,76,93,1008,advantage defensiveMove hangingPiece master middlegame short
TCPn4,R3nrk1/1Qpb4/2Pp1q1p/3Ppp2/6p1/4PN2/1B3PPP/6K1 b - - 0 32,d7c6 b7c6 g4f3 a8e8,1614,76,87,1238,advantage hangingPiece master middlegame short
ja2OO,rn1qk2r/3bn1pp/2p2p2/p1P1p3/PpBN1B2/1Pp1P3/5PPP/R2QK2R w KQkq - 0 14,f4e5 f6e5 d1h5 e7g6,1914,75,85,563,advantage defensiveMove hangingPiece middlegame short
NOZLi,4r1k1/8/1p1b1ppQ/p4q1p/P1P5/5P1P/5P2/2R2RK1 w - - 0 30,g1g2 d6f4 h6f4 f5f4,1627,73,95,19320,crushing endgame fork short trappedPiece
t6WBH,r2qkb1r/1p4pp/p1n1p1P1/3p1p1P/2nP1B2/2NQ1P2/PPP1N3/2KR3R w kq - 0 16,c1b1 c6b4 d3c4 d5c4,1917,76,93,6938,crushing master middlegame short trappedPiece
XKm3E,1r3r1k/1q4p1/3b3p/3b1p2/p1QP1P2/2P2NP1/PPB2KPR/1R6 w - - 3 27,c4a4 b8a8 a4b3 d5b3,1610,73,94,24119,advantage master middlegame short trappedPiece
gsX7H,1r4k1/5p1p/1p3r2/pBp3p1/4Rb1P/8/PPP2P2/1K3R2 b - - 0 28,f4g3 f2g3 f6f1 b5f1,1974,80,92,1454,crushing endgame hangingPiece short
FuTD0,r1b2r2/ppb4k/2p2B1P/4n2q/2pNPQ2/3p1PP1/PP6/R4RK1 b - - 0 24,e5g4 f4c7 f8f7 f3g4,1979,83,90,571,advantage hangingPiece middlegame short
Iknho,8/6PR/p5r1/1p3K2/8/2P5/PP4kp/8 b - - 1 55,g6g7 h7g7 g2f2 g7h7,1388,76,100,937,crushing endgame hangingPiece rookEndgame short
zvZaA,r2qnrk1/1bppbppp/p1n5/1p2P3/3N4/1B6/PPP2PPP/RNBQR1K1 w - - 1 11,b1c3 c6d4 d1d4 c7c5 d4d3 c5c4 b3c4 b5c4,1847,77,94,10083,advantage fork opening trappedPiece veryLong
GURMF,r2qk2r/1bp1bppp/p2p1n2/1p6/3QP3/1B5P/PPP2PP1/RNB2RK1 w kq - 3 11,b1c3 c7c5 d4d3 c5c4 b3c4 b5c4,1515,76,94,20147,advantage fork long opening trappedPiece
f5SnT,2kr2nr/ppp1pp1p/6pb/1B1nPb2/8/2P2NB1/PP1NKPPP/R6R b - - 4 12,d5c3 b2c3 h6d2 f3d2,1043,80,98,2860,advantage hangingPiece middlegame short
0iQn7,2r3k1/1b2r1p1/p3NpPp/1p6/4P3/3R4/PPP3PP/5R1K w - - 1 30,f1d1 e7e6 d3d8 e6e8,1587,75,93,1839,advantage endgame hangingPiece short
3ZJTp,r1b2rk1/1p2bppp/1q1p4/p1p1n2Q/P1B1P3/2PP4/1P4PP/RNB2R1K w - - 3 13,c4d5 c8g4 h5g4 e5g4,1423,75,87,697,crushing opening short trappedPiece
TxhJm,6k1/pqP3p1/5p2/1P6/6rp/3P2B1/P4Q1P/5RK1 w - - 1 38,f2d4 g4d4 f1c1 b7c8,1917,81,91,2267,crushing endgame hangingPiece short
iSgiT,rnb1kbnr/ppp1pppp/8/q7/6Q1/2N5/PPPP1PPP/R1B1KBNR b KQkq - 3 4,g8f6 g4c8,1110,88,92,646,hangingPiece mate mateIn1 oneMove opening
rif4D,rnbqkbnr/ppp2ppp/8/4N3/2PPp3/8/PP3PPP/RNBQKB1R b KQkq - 2 6,f7f6 d1h5 g7g6 e5g6 h7g6 h5h8,1440,76,95,27526,advantage long opening trappedPiece
rxONc,r3r1k1/pp3p1p/2p2bp1/2n1p3/N3P3/qP3B1P/2P2PP1/3RQRK1 b - - 1 19,b7b5 d1a1 a3a1 e1a1,1491,78,93,5114,advantage middlegame short trappedPiece
Jtcnh,6k1/2pn1ppp/1p1p2b1/3Pp3/2P1P2q/2P1BPN1/r1B3PP/2Q3K1 b - - 0 22,d7c5 e3g5 h4g5 c1g5,1615,74,95,15283,advantage middlegame short trappedPiece
eICiZ,1rq3k1/1N4p1/p1n1p3/b2pp1P1/3P4/PQ2B3/1PR3PP/6K1 w - - 1 24,c2c6 c8c6 b7a5 b8b3 a5c6 b3e3,1559,81,92,2702,advantage hangingPiece long middlegame
NwDOI,r1bqk2r/pp3ppp/4p3/8/Qb1n4/2PB1N2/P4PPP/R1B1K2R b KQkq - 1 11,c8d7 a4b4 d4f3 g2f3,1368,75,95,7678,advantage hangingPiece opening short
FWuyw,3r2k1/1pr2pbp/1q4p1/p2Bp3/2P5/1P6/P3QPPP/1R1R2K1 w - - 0 22,d5f7 c7f7 d1d8 b6d8,1550,75,96,4048,advantage hangingPiece master masterVsMaster middlegame short
b58IY,6k1/3q1p2/1p4pp/8/2rbQ3/6PP/5P1K/1R1R4 w - - 1 38,b1b6 d4b6 e4g6 f7g6,1445,75,97,3136,advantage endgame hangingPiece short
pFgJm,r1r3k1/5pp1/p1p2n1p/3pN3/q2P2P1/2RQ3P/2P2P2/1R4K1 b - - 3 24,f6e4 c3a3 a4a3 d3a3,1528,75,87,1199,crushing middlegame short trappedPiece
F92Lm,4n1k1/7p/6pb/5p2/3N4/1R2PP2/rB4PP/5K2 b - - 5 32,h6e3 b3e3 a2b2 e3e8,1804,80,91,1108,crushing endgame hangingPiece short
xH6g2,1r3rk1/pQp1nppp/3b4/3p4/3P1q2/2P2N1P/PP3PP1/R3RNK1 w - - 1 17,b7a7 b8a8 a7b7 f8b8 b7b8 a8b8,1688,75,93,2524,advantage clearance long middlegame trappedPiece
f80fg,r1b2r2/5pkp/p3p1p1/3p4/Pq3P2/R1N5/1PP3PP/3Q1RK1 b - - 1 17,b4b2 a3b3 b2b3 c2b3,1795,75,97,4526,advantage middlegame short trappedPiece
9MawR,r1bq1rk1/5p1p/2pbpnp1/3p4/1P1B1P2/P2BP3/6PP/RN1Q1RK1 b - - 0 15,d6b4 a3b4 a8a1 d4a1,1600,80,86,1306,crushing hangingPiece master middlegame short
DOwGE,1rbr2k1/ppNp1ppp/2BPpb2/2p5/4P3/5N2/q1P2PPP/1R1QK2R b K - 0 13,d7c6 e4e5 f6e5 f3e5 d8d6 d1d6,1648,76,91,3945,advantage long middlegame trappedPiece
uRISi,5rk1/pbq1bppp/2p5/2pn4/Q7/P1N5/1P1P1PPP/R1B2RK1 w - - 0 16,a4a7 f8a8 a7a8 b7a8,1377,77,93,7057,advantage middlegame short trappedPiece
GDnAb,r1bqkbr1/1p3p2/p1n4p/2ppp2Q/P1PP4/2NBP3/1P3PPP/R1B2RK1 w q - 2 13,e3e4 c8g4 h5g4 g8g4,1753,79,93,1744,crushing middlegame short trappedPiece
OmpQ6,r5k1/1b2q1rp/2p1pn1R/pp3p2/2pP1P2/P1N2BP1/1PQ2P2/2K4R w - - 4 28,c3b5 c6b5 f3b7 e7b7,1064,89,93,3758,crushing hangingPiece middlegame short
7yHHF,2r4k/5qpp/p1rp1p2/Qp1Np3/PP1nP3/3R1P1P/1P4P1/3R3K w - - 0 30,d5c3 d4b3 a4b5 b3a5,1336,75,95,18409,crushing middlegame short trappedPiece
vgpYV,rn2q2k/ppp1b1pp/4br2/5p2/3Qp3/2P1B2N/PP1N1PPP/R3KB1R w KQ - 11 15,f1c4 b8c6 c4b5 c6d4 b5e8 d4c2,1747,75,93,4864,advantage long middlegame trappedPiece
1z8zi,r1b1k2r/p4ppp/1np2q2/4p3/1b2P3/2NB1N2/PP3PPP/R2QK2R b KQkq - 1 12,b6a4 d1a4 b4c3 b2c3,1053,84,88,1792,advantage hangingPiece opening short
RbFVk,r3k1r1/p1R1np1p/8/3p4/1b6/2BbP3/P3NPPP/4R1K1 b q - 6 21,d3e2 c3b4 e7c6 c7c6,1570,78,90,2127,advantage hangingPiece middlegame short
pBQBZ,2kr3r/1p3pp1/2p2n2/Q3p3/6Pp/P2PBP1P/1qPK4/3R2R1 b - - 0 22,d8d3 d2d3 h8d8 d3e2,1153,76,85,509,advantage defensiveMove hangingPiece master middlegame short
jDi01,8/1n6/2K5/4k3/8/1P6/P7/8 b - - 2 56,b7a5 c6b6 a5b3 a2b3,1930,76,90,814,crushing defensiveMove endgame knightEndgame master short trappedPiece
PVCPi,r1b2r1k/pp3ppp/1qn1pn2/3p4/3P1P2/P1N2N1P/1P2BPP1/R2QK2R b KQ - 2 12,b6b2 c3a4 b2a1 d1a1,1438,78,93,6854,crushing master middlegame short trappedPiece
lxNbp,5r1k/2r5/pq4Rp/3P4/3p4/3B4/PP6/K5R1 b - - 5 35,f8f1 g1f1 b6g6 d3g6,1538,77,94,980,advantage endgame hangingPiece short
HfDJv,2b3r1/5kpQ/r7/1p2pp2/2q1B2R/4B1n1/PP4PP/5R1K w - - 15 30,h2g3 c4f1 h1h2 f5e4,1139,75,89,881,advantage hangingPiece master masterVsMaster middlegame short
ZlYqi,5r1k/7p/4Q1pn/3p4/3N1P2/1P5P/2R3PK/q7 w - - 5 36,c2c7 a1d4 e6e5 d4e5,1187,77,91,777,advantage endgame hangingPiece short
3MJBR,7r/pp3k2/2pQn3/2P5/1P2P3/P3b1P1/6KP/8 w - - 0 41,e4e5 h8d8 d6d8 e6d8,1462,80,94,8443,advantage endgame short trappedPiece
zmOv7,rn2r1k1/pp4p1/2q1P2p/3p4/3B4/1Qp5/P5PP/2R1R1K1 b - - 8 25,e8e6 e1e6 c6e6 b3b7 b8d7 b7a8,1455,77,98,1955,crushing long middlegame trappedPiece
nrpaM,4B3/2p4k/4b3/2Pp4/3PpP1K/2P1P2p/p5r1/7Q b - - 2 51,a2a1q h1a1 g2g4 h4h5,1893,75,98,935,advantage endgame hangingPiece short
qwE9Y,1kr3r1/p2q3p/1pP2p2/4p3/P1Q1P3/1P4P1/3N1P1P/1R4K1 b - - 0 29,c8c6 c4g8 c6c8 g8d5,1474,80,92,4601,crushing endgame hangingPiece short
hOkwi,4r3/ppr2p2/4Pkn1/3P2R1/5PP1/P1p5/1B5P/R5K1 w - - 0 29,a1c1 c3b2 g5f5 f6g7 f5f7 c7f7,1676,75,100,1188,advancedPawn crushing endgame hangingPiece long
0AxI1,2br1qk1/ppN1rpbp/2nN2p1/5p2/3P4/1PP3P1/P4PBP/R2Q1RK1 w - - 1 18,d6c8 e7c7 c8a7 c6a7,1601,76,93,4839,advantage hangingPiece middlegame short trappedPiece
4MGZs,2b5/2P5/3k4/p2p4/1N6/8/5K2/8 w - - 0 50,b4d5 d6d5 f2e1 d5c4 e1d2 c4b3 d2c1 b3a2,1981,76,94,5438,crushing defensiveMove endgame hangingPiece veryLong
3SXoL,r3k1r1/pp1q1p2/2n4b/3pPnBB/2pP2Q1/2N5/PPP4P/R4RK1 w q - 2 18,h5f7 d7f7 f1f5 f7f5 g4f5 g8g5 f5g5 h6g5,1849,76,93,1012,advantage fork hangingPiece middlegame veryLong
xPwvn,4Qnk1/6p1/3b1pNp/q1p1p3/2P5/r3B2P/p1P2PP1/3RR1K1 w - - 1 31,d1d6 a5e1 g1h2 a2a1q g6e7 g8h7,1852,77,88,810,advancedPawn advantage hangingPiece long middlegame promotion
nD7YA,r3rb2/2B2kp1/5pNp/3p1P1P/p1nP4/2P5/P1K5/1R2R3 w - - 4 30,b1b7 e8e1 c7g3 e1e7,1907,75,94,14748,advantage hangingPiece master middlegame short
K6Cfi,3r2k1/5pp1/2p4p/R2p4/P2P2qP/1r2R1Pb/1B1Q1P1K/8 b - - 4 28,g4d7 e3b3 h3f1 g3g4 d7g4 b3g3 g4h4 h2g1,1841,76,90,1293,clearance crushing hangingPiece master middlegame quietMove veryLong
iMYvK,r2q1rk1/p1p2ppp/b1p5/2bp4/3Nn3/2P5/PP1N1PPP/R1BQR1K1 b - - 2 11,e4f2 g1f2 c5d4 c3d4 d8h4 f2g1 h4d4 g1h1,1735,76,94,4471,advantage hangingPiece opening veryLong
nrEjF,rn1r2k1/pp3pbp/6p1/2NnPb2/1Q3B2/1N3P2/qPP1B1PP/2KR3R b - - 1 20,d5b4 d1d8 g7f8 f4h6 b8d7 d8a8,1653,79,96,7727,crushing hangingPiece long middlegame pin
0COYv,6k1/4n1pN/4pp2/p2p4/P2P4/4P3/2r1nPPP/R3R1K1 w - - 0 27,e1e2 c2e2 h7f6 g7f6,1225,80,94,800,advantage endgame hangingPiece short trappedPiece
4J0lc,4r1k1/1bn5/1r1p2p1/1p1Pn3/1Pp5/2N4P/N1B3P1/4RRK1 w - - 4 29,c2g6 e5g6 e1e8 c7e8,1327,76,95,13336,crushing hangingPiece middlegame short
XmZUV,r1b2r1k/pppn1N2/4p1Bp/5n2/2PP2RP/P1P5/6P1/3R2K1 b - - 7 24,f8f7 g6f7 d7f6 g4g6,1597,76,96,11795,advantage hangingPiece middlegame short
93ou4,8/5pkp/6pb/1B6/2pPPnPP/2Pb1P2/5K1B/8 b - - 0 34,g6g5 h2f4 g5f4 g4g5 f7f6 g5h6,1637,74,95,15314,crushing endgame long trappedPiece
inhTx,2Q5/pp2r1kp/2p1P3/3p1r2/3P3P/1P4PK/P7/8 w - - 1 35,a2a4 f5f8 c8f8 g7f8,1383,76,94,25590,crushing endgame queenRookEndgame short trappedPiece
1rkpy,r1b2rk1/pp2Rp1p/3p2nQ/8/3q4/1B5P/PP3PP1/RN4K1 w - - 0 17,e7e3 d4b2 e3e1 b2a1,1456,76,93,2008,crushing middlegame short trappedPiece
RtQQf,r1k2r2/p1p1B2p/1pnq2pQ/2n5/8/2N5/PPP2PPP/4R1K1 b - - 1 19,c6e7 h6f8 c8b7 f8e7,1600,77,94,2494,advantage hangingPiece middlegame short
99sXg,4r3/2p3p1/2b2k1p/1P6/p1Br4/5P2/P5PP/2KRR3 w - - 0 31,e1e8 d4c4 c1d2 c6e8,1732,75,94,3890,advantage endgame hangingPiece intermezzo short
0kYba,r2q1rk1/ppp2ppp/3bbn2/3p2B1/3P4/1B1P1Q2/PP3PPP/RN2R1K1 b - - 6 12,d6h2 g1h2 f6g4 f3g4 e6g4 g5d8,1874,78,92,1435,advantage hangingPiece long opening
1yFu8,r3kb1r/pp1b1ppp/q7/3pPp2/3B4/1Q3N2/P2N1PPP/R4RK1 w kq - 3 15,b3d5 d7e6 d5b3 e6b3,1914,77,92,2552,advantage middlegame short trappedPiece
FDSVe,8/1bq2rk1/p2R2p1/1pp4r/4nQ1P/2P2pP1/PPN2P2/3R1BK1 w - - 0 34,d6g6 g7g6 f4g4 g6h6,1637,76,96,9730,advantage defensiveMove hangingPiece master middlegame short
GhY5v,2r1r1k1/1b3pbp/p1p3p1/1p1n2B1/1P2B3/P1qR1N1P/5PP1/1Q2R1K1 b - - 1 26,c3c4 f3d2 d5c3 d2c4,1972,75,94,6049,advantage middlegame short trappedPiece
s78W3,2bqk1nr/3nppbp/p2p2p1/2pP4/Q1P1PP2/3B4/P2BN1PP/4K2R b Kk - 3 15,g8f6 d2a5 d8a5 a4a5,1874,79,92,5220,crushing middlegame short trappedPiece
QddP1,4rrk1/1p1n1p1p/p2qb1pP/3p2N1/3P4/3B1Q2/PP4P1/2KR3R b - - 0 19,d7f6 f3f6 d6f4 f6f4,1079,84,93,1848,crushing hangingPiece middlegame short
6IbqY,r7/5kbp/6p1/8/5q2/P6P/1PQ2nP1/5RK1 b - - 1 33,f2h3 g2h3 g7d4 g1g2 f4f1 g2f1,1714,76,94,6628,advantage endgame hangingPiece long pin
d3c1C,2r2rk1/2p2ppp/p1Rb4/1p6/3P4/1P1NP2P/P2N1Pq1/3QK2R w K - 0 18,c6d6 g2h1 e1e2 h1d1 e2d1 c7d6,1149,80,93,897,advantage hangingPiece long middlegame
E5VBf,6k1/p4ppp/4p3/3p4/P3P3/1rq1nP2/3Q2PP/1R4K1 w - - 0 33,d2c3 b3b1 g1f2 e3d1 f2e2 d1c3,1189,85,93,1005,crushing endgame fork hangingPiece long
2g4et,5R2/6k1/1p4N1/p4P2/3pbK2/6r1/P7/8 b - - 2 49,d4d3 f4g3 d3d2 f8d8,1830,76,89,2493,advantage endgame hangingPiece master short
rw0bV,6k1/5ppp/4p3/4r3/7P/3p4/1BNK1PP1/8 b - - 0 38,d3c2 b2e5 c2c1q d2c1,1043,75,97,698,advantage endgame hangingPiece short
l2dJH,1k3r2/pp4p1/1q1b3p/3pn2Q/3P4/1NPB4/PP4PP/4R1K1 w - - 0 22,g1h1 e5d3 e1e8 f8e8 h5e8 b8c7,1137,78,95,1042,advantage hangingPiece long middlegame
UMWsb,r3k2r/pp2bppp/2n5/3p4/3q1B2/1P6/P4PPP/RN1QR1K1 w kq - 2 14,e1e7 e8e7 d1d4 c6d4,1613,77,88,1246,advantage hangingPiece middlegame short
fS7b4,r3r1k1/5pp1/p6p/1p6/4n3/1BP3Pq/PP3P2/2QRR1K1 w - - 2 24,b3f7 g8f7 c1f4 e4f6,1295,77,87,811,advantage defensiveMove hangingPiece middlegame short
lTIZk,8/8/8/2K1kP1p/1p1N3P/4n3/2P5/8 w - - 11 54,c5b4 e5d4 f5f6 e3d5 b4b5 d5f6,1902,78,91,1953,crushing endgame hangingPiece knightEndgame long
U0JRM,r1b1k2r/1p1p1ppp/p1n1pn2/q7/N1Q1P3/2P5/PP2BPPP/R1B1K2R w KQkq - 0 11,b2b4 a5a4 c4b3 a4b3,1145,75,95,2754,advantage hangingPiece opening short
PjodZ,6k1/4n2p/4rqp1/p2p4/Pp6/1B5P/2Q2PP1/4R1K1 w - - 0 27,b3d5 e7d5 c2c8 g8f7,1826,77,92,3215,crushing defensiveMove endgame hangingPiece short
RfMue,r3k2r/3n1p2/2pp1q1p/1p2pNpb/1P1bP3/3P1PBP/B1PQ1P2/R3K2R w KQkq - 1 19,a2f7 e8f7 a1a8 h8a8,1746,76,95,8026,crushing hangingPiece middlegame short
ZoCa7,2b1Rr1k/1p3qpp/p1p3r1/P2n1p2/2N5/1PBP1Q2/1P3PPP/4R2K w - - 7 24,c4d6 g6d6 e8f8 f7f8,1631,79,94,5030,advantage hangingPiece middlegame short
uq3Nj,1r3rk1/3b1pn1/p2p2p1/1pnPp1q1/P1p1P1P1/2P2NN1/1PB2PK1/R2Q3R b - - 8 27,g5g4 h1h4 g7h5 h4g4,1673,78,94,1376,advantage master middlegame short trappedPiece
O6Trp,3rn1k1/6pq/p3p1p1/1p1bN3/nP1Q4/P4B2/5P2/2RR2K1 w - - 0 31,e5c6 d5f3 c6e7 g8h8,1642,78,92,1167,crushing defensiveMove hangingPiece master middlegame short
CYy53,2rk4/2qn2pp/p2RNb2/3Qr3/1p6/7P/PPP5/1KR5 b - - 6 31,e5e6 d5e6 c7d6 e6d6,1495,80,94,4173,crushing hangingPiece middlegame short
A4j0D,1r1r2k1/1b2qp1p/pp1pp1nQ/2p1n1P1/P1P1P2P/2NP4/1P4B1/R1B2RK1 w - - 1 23,h4h5 e5g4 h5g6 g4h6,1420,77,93,1317,crushing master masterVsMaster middlegame short trappedPiece
AuNHE,6r1/p1kbb3/1p2p1pp/q1p1P3/2P1QP2/3PB3/P1P3PP/1R3RK1 w - - 4 22,a2a3 d7c6 e4c6 c7c6,1117,84,91,1354,advantage master middlegame short trappedPiece
yqWNM,r2q1rk1/1pp2p2/p2p3Q/2b1p2n/2B1P3/P1NP1P1b/1PP2P2/R3R1K1 b - - 0 14,c5f2 g1f2 d8h4 f2e3 h4f4 h6f4,1805,80,93,3007,advantage hangingPiece long middlegame
ZlZg4,8/8/1p1p4/p1p2k2/P6R/r1PK1P2/8/8 b - - 3 42,a3b3 d3c2 b3a3 c2b2 a3a4 h4a4,1988,75,95,2968,crushing endgame long rookEndgame trappedPiece
5AyGR,r3r1k1/1p3pp1/p2p3p/2pP4/P1P1PNbq/1PNR4/2B3P1/5RK1 b - - 3 26,g7g5 g2g3 h4h5 f4h5,1523,78,94,9270,crushing master middlegame short trappedPiece
ropPg,3r1k1r/5pp1/4b2p/2b1N3/8/8/PPPqQPPP/3RR1K1 b - - 4 24,d2e2 d1d8 f8e7 e5c6 e7f6 e1e2,1794,78,95,18257,crushing hangingPiece long middlegame
OouX5,5rk1/pp3p2/5qp1/2P1rN1Q/4p1P1/P3P2P/2P2P2/R4RK1 w - - 0 23,f5h6 g8g7 h5e5 f6e5,1142,78,94,1590,advantage defensiveMove middlegame short trappedPiece
b2VaE,2r3k1/5ppp/p3p3/3p4/1p1P1q2/1PR2R2/P3QPPP/6K1 b - - 0 28,c8c3 f3f4 c3c1 e2f1,1280,83,92,1503,crushing endgame hangingPiece short
mK6dL,r1b1k1r1/5p1p/p1pp1q2/4pP2/4P3/7Q/PPP1N1PP/2R2RK1 w q - 1 20,h3h7 g8h8 h7h8 f6h8,1685,78,91,2294,crushing middlegame short trappedPiece
AiV5h,3r1r1k/1p2n1p1/pqp1p2p/4P3/8/1BPnN3/PP3PPP/R3RQK1 w - - 6 23,e1d1 f8f2 f1f2 d3f2 d1d8 b6d8,1755,79,94,14763,advantage long middlegame trappedPiece
E50Vj,3rkb1r/Bp1n1ppp/2p1pq2/8/4B3/3Q1P2/PPP3PP/2KR3R w k - 0 17,a7b6 d7b6 d3d8 f6d8 d1d8 e8d8,1274,76,92,1887,advantage hangingPiece long middlegame
BspSF,2kr4/pp3p2/2p4p/3q4/3P1nQN/8/PPRR1PpK/4r3 b - - 1 26,c8b8 g4f4 b8a8 h4g2 d8g8 f2f3,1968,74,93,9737,advantage defensiveMove hangingPiece long middlegame
fyLQ7,8/q2bb1k1/2p4p/4p1p1/5n2/1BQ2N1P/PPR1rnPK/2R5 b - - 1 29,f4h3 c2e2 f2g4 h2h3,1634,75,93,2252,crushing hangingPiece middlegame pin short
WuYkl,r3kb1r/p2b1ppp/3p1n2/1pp5/2B1P3/2B2P2/PPPN2PP/R3K2R w KQkq - 0 12,c4d5 f6d5 e4d5 b5b4 c3b4 c5b4,1559,76,94,13038,advantage long middlegame trappedPiece
OlGdD,5bk1/2R2p2/4p1p1/1p2Pn2/1r4PQ/7P/1P3P2/6K1 w - - 0 32,g4f5 b4h4 f5e6 f7e6,1119,80,90,650,advantage endgame hangingPiece short
xHVEn,6k1/4qp1p/p3p1pP/4P3/1p2NQ2/nP6/P4PPK/8 w - - 0 32,e4c5 e7c5 f4f6 c5f8,1471,75,85,1417,advantage endgame hangingPiece short
vA6qu,r5k1/pbpp1ppp/3P4/2p5/3B4/P2P4/2r2PPP/R3R1K1 w - - 0 18,d6c7 c5d4 a1b1 c2c7,1622,76,91,1772,crushing discoveredAttack endgame hangingPiece short
tNGg6,8/8/8/4p3/2pk1bP1/5K2/4B3/8 w - - 0 48,e2c4 d4c4 f3e4 c4c5 g4g5 c5d6,1659,75,96,11397,bishopEndgame crushing defensiveMove endgame hangingPiece long
ucWvM,2r2r1k/5Rpp/4Q3/1p6/1p1bB3/3P2P1/1q3P1P/5RK1 b - - 1 25,f8f7 e6c8 f7f8 c8f8,1270,77,89,516,hangingPiece mate mateIn2 middlegame short
wOowe,r2q3r/1pp1bkpp/p1b2p2/8/8/B1P1QN2/P2P1PPP/R4RK1 w - - 2 14,f1e1 e7a3 e3e6 f7f8,1561,75,92,1627,crushing hangingPiece middlegame short
rtmxy,r3kbnr/pp3bpp/2p5/2P1pP2/Q2nN1Pq/3P3P/PP6/R1BK1B1R b kq - 4 17,d4b5 c1g5 h4g5 e4g5,1595,78,93,4742,advantage middlegame short trappedPiece
HgP7U,4k3/5RPP/4n3/8/8/6K1/8/7r b - - 0 56,e6g7 f7g7 e8f8 g7g8 f8f7 h7h8q,1413,77,94,1636,advancedPawn crushing endgame exposedKing hangingPiece long promotion
up6hA,Nn1k2nr/pQ1bbpp1/3p3p/4p2q/2P1P3/3P1NP1/PP3P2/R1B3K1 b - - 0 14,h5f3 b7b8 d7c8 b8c7 d8e8 c7c8,1761,80,95,19969,crushing deflection exposedKing hangingPiece long middlegame
i0lHT,r2q4/1b2nrkp/p1p1Q1p1/3p4/8/2N3P1/PPP2PBP/4RRK1 w - - 3 20,e1e5 b7c8 e6f7 g7f7,1672,76,92,2552,crushing middlegame short trappedPiece
rg2De,4rrk1/pp1R2p1/2p1Pq1p/8/8/5R2/P3Q1PP/7K b - - 0 26,f6a1 d7d1 a1d1 e2d1,1501,76,94,13512,advantage defensiveMove endgame short trappedPiece
tvIQh,2kr4/Q1p4p/1pbp3p/5r2/8/6P1/PPP4P/1K2R3 w - - 0 29,b2b3 f5a5 a7a5 b6a5,1415,80,90,2553,advantage endgame short trappedPiece
KfGzs,8/8/2p1p1k1/1pPpPp2/1P1P1P2/2N2n2/8/5K2 w - - 0 41,c3b5 c6b5 c5c6 f3d2 f1f2 d2c4,1970,75,93,5130,crushing endgame exposedKing hangingPiece knightEndgame long
67vBN,3r2k1/p5p1/1p4Q1/2p1qN1p/P3r3/1P6/5PPP/R3R2K w - - 2 31,e1e4 e5a1 e4e1 a1e1,1102,84,92,743,backRankMate endgame hangingPiece mate mateIn2 short
H6CO1,r1b1r1k1/pp1n1pbp/3p2p1/4p3/3PP3/1PB2N2/q4PPP/2RQKB1R b K - 0 14,a2a3 c1a1 e5d4 a1a3 e8e4 f1e2,1406,77,91,1970,advantage defensiveMove long opening trappedPiece
82JXn,8/2N5/4pk2/3pr3/8/8/1KR5/8 w - - 6 77,c7d5 e5d5 b2b3 e6e5,1789,76,91,2289,crushing defensiveMove endgame hangingPiece master short
yjJuM,r1bq1r1k/4bpp1/pp2pn1p/3pN3/3P1P2/2NBP1RQ/PP4PP/2R3K1 w - - 2 18,g3g7 h8g7 h3g3 g7h8 e5g6 f7g6,1458,75,87,1438,advantage hangingPiece long middlegame
XE6A6,3rr1k1/5pp1/p1q1np1p/1pPNb3/8/1Q2B3/PP3PPP/K1RR4 w - - 2 25,d5e7 e8e7 d1d8 e6d8,1182,75,97,956,advantage hangingPiece master middlegame short
uU6kc,r4k1r/p2N1ppp/1nQ1p1b1/1p1n2B1/q2P2P1/P1P4P/2P5/2KR1B1R b - - 2 21,b6d7 c6a8 d7b8 a8b8,1536,79,97,7571,hangingPiece mate mateIn2 middlegame short
RBkMV,rn1qk2r/pp3ppp/2p1p3/2b5/4B1b1/3P1N2/PPP1QPPP/R1B1K2R w KQkq - 1 9,c2c3 f7f5 h2h3 f5e4 h3g4 e4f3,1890,75,93,2353,advantage long opening trappedPiece
T67Jp,6R1/2k2p2/1ppnp1p1/p5P1/P2P2P1/3K4/1P6/8 w - - 3 48,g8a8 d6c8 d3e4 c7b7 e4e5 b7a8,1714,74,89,2004,crushing endgame long master quietMove trappedPiece
DsCGq,1r1r2k1/p4pBp/4p3/2qn4/1np5/R3PB2/5PPP/Q1R3K1 b - - 0 24,b4c2 c1c2 c5a3 a1a3 b8b1 c2c1 b1c1 a3c1,1764,79,93,4023,advantage hangingPiece middlegame veryLong
FfOIv,4r3/pp3pk1/1np3bp/2b1P1p1/6P1/P1N4P/BP3P1B/3R2K1 b - - 0 25,e8e7 b2b4 c5b4 a3b4,1815,75,87,711,crushing master middlegame short trappedPiece
N1aHL,2R5/p2Brpkp/6p1/b7/8/7P/PP2p1P1/4R2K w - - 2 40,d7g4 a5e1 c8c2 e1d2 g4e2 e7e2,1603,76,94,802,advantage endgame hangingPiece long quietMove
W9fiM,1r2rnk1/5pp1/p1pp1n1p/4pP2/1qP1P1B1/2NQ3P/1P4P1/R4RK1 b - - 1 27,b4b2 f1b1 b2a1 b1a1,1736,74,96,3917,advantage middlegame short trappedPiece
OiqgQ,r2qk2r/ppp2p2/5p1p/8/2BQP1b1/8/PPP3PP/R4RK1 w kq - 0 17,c4f7 e8f7 f1f6 d8f6 a1f1 f6f1,1487,77,93,1676,advantage hangingPiece long middlegame
vDe2I,3r2k1/5pp1/2B4p/2P5/2bn4/4B2P/1R3PPK/8 w - - 0 37,b2d2 d4c6 d2d8 c6d8,1463,77,94,2185,advantage endgame hangingPiece short
sgnkT,8/P6R/8/5p2/4k3/3p1b2/r4P1P/1K6 b - - 1 37,d3d2 b1a2 d2d1q a7a8q d1d5 a8d5,1984,81,92,1911,advancedPawn crushing endgame hangingPiece long promotion
TbsEq,1q2r1k1/p4pp1/1p5p/2p1n3/2P1BQ2/3PP1Pb/PP5P/3R1RK1 w - - 1 24,f1f2 g7g5 f4f6 e8e6 e4d5 e6f6,1887,81,92,679,advantage long middlegame trappedPiece
2YjQ3,2b2rk1/6pp/p4p2/B1p1pn2/P2p4/8/1qPQ1PPP/1R3RK1 b - - 1 27,b2a3 b1a1 a3b2 f1b1 b2b1 a1b1,1491,75,94,3435,advantage clearance long middlegame trappedPiece
iQ5cV,5rk1/6n1/1q2p1Qp/p1b1P1p1/1p3rP1/1B3N1P/1P2RPK1/4R3 w - - 10 31,b3d5 e6d5 g6b6 c5b6,1649,78,94,10293,crushing hangingPiece middlegame short
ZTn0f,r4rk1/3pbp1p/b3p1p1/p2pq3/P7/1B5Q/1PPB1PPP/R2K3R b - - 1 16,e5b2 d2c3 b2c3 h3c3,1469,75,99,5754,advantage middlegame short trappedPiece
8LnHT,7r/1pq3k1/2p3p1/p1Rp1pQ1/P2Pr2P/1P2P1P1/5PK1/7R w - - 2 37,h4h5 e4g4 h5h6 g7f7 g5g4 f5g4,1830,75,97,2146,advantage defensiveMove endgame long master trappedPiece
1sNgW,r3r1k1/5pp1/7p/1p1pPP1q/p1bP3P/4R1PB/7K/R3Q3 b - - 2 34,a8a6 g3g4 h5h4 e1h4,1555,75,90,1785,crushing middlegame short trappedPiece
E0Ued,r3k2r/1bqn1p2/p3pb2/1p6/2pP4/2N1BB2/1P3PPP/R2QK2R w KQkq - 0 17,c3b5 a6b5 a1a8 b7a8 f3a8 c7a5,1752,73,95,19951,advantage hangingPiece long master masterVsMaster middlegame
PDYEe,r1b2rk1/pp1n1qpp/2n1p3/3pP1Q1/8/3B1N2/PP3PPP/R3RNK1 w - - 3 16,d3h7 g8h7 g5h4 h7g8,1055,85,93,836,advantage defensiveMove hangingPiece opening short
SnzPZ,3k4/p6p/1pp1np1b/4p1pP/1P2P3/4B3/P1P2PPN/2K5 b - - 1 21,e6g7 h2g4 g7h5 g4h6,1180,77,96,3747,crushing endgame short trappedPiece
VntK4,1r3r1k/7p/B2Q2p1/1pp1p3/4P3/3P4/PPP3PP/5qRK w - - 5 25,d6e5 f1f6 e5f6 f8f6 a6b5 b8b5,1976,79,92,2128,advantage defensiveMove endgame long trappedPiece
A7jsG,B3k2r/p4pp1/1p1Rp2p/1bp5/2n2P2/8/PP4PP/R5K1 w k - 0 21,a8c6 b5c6 d6c6 e8d7 c6c5 b6c5,1496,76,94,503,advantage endgame long trappedPiece
RltMd,r1bqkb1r/1p2n1pp/p4p2/3Np3/2PN4/P7/1P3PPP/R1BQR1K1 w kq - 2 14,e1e5 f6e5 d1h5 e7g6,1618,77,94,12984,advantage defensiveMove hangingPiece master opening short
5855B,r2q1k2/1p3p1p/p2r1p2/8/1nb3Q1/BP3N2/P4KPP/2R5 b - - 3 23,c4e6 g4b4 f8g7 b4d6 d8d6 a3d6,1739,76,93,2904,advantage hangingPiece long master middlegame
Cx3V7,1k1r3r/ppp2pp1/2n4p/3pP3/3P2Q1/1qNPP3/R2K3P/R7 b - - 0 24,g7g5 a1b1 b3b1 c3b1,1574,71,95,33484,advantage middlegame short trappedPiece
RzbYb,br1r4/5pkp/3N1pp1/2q5/1pP1P3/3Q3P/5PP1/1R1R2K1 b - - 2 25,a8e4 d6e4 d8d3 e4c5 d3d1 b1d1,1599,78,92,2254,advantage hangingPiece long middlegame
sCGvr,r1bq3r/2p2pk1/1p1p1np1/pP1Pp1Q1/2P1PP1p/2N3NP/P5P1/R4RK1 w - - 0 20,g3e2 h8h5 f4e5 h5g5,1488,75,93,18192,crushing middlegame short trappedPiece
NKpui,6k1/6p1/3p4/Pr4Q1/3Pp2p/2P1n2P/4Nq2/R5NK w - - 3 41,g5e3 f2e3 a5a6 b5b8 a6a7 b8a8,1614,75,89,1391,crushing endgame hangingPiece long master masterVsMaster quietMove
qau0A,1br1r1k1/5ppp/6n1/pq6/2N1R1Q1/P6P/1B3PP1/4R1K1 b - - 4 25,e8e4 g4c8 g6f8 e1e4,1297,80,96,1177,crushing hangingPiece intermezzo middlegame short
fTJqs,r1bqrnk1/ppb2pp1/2p2n1p/3p4/3P3B/2NBPN2/PPQ2PPP/2R2RK1 w - - 4 13,c3d5 d8d5 h4f6 g7f6,1854,80,92,4413,advantage hangingPiece middlegame short
7wXV8,2r2r2/1p2n1kp/p4pP1/2n5/2BNp3/4Q3/Pq3PP1/2R2RK1 b - - 0 27,h7g6 c1b1 b2d4 e3d4,1903,78,90,1438,crushing middlegame short trappedPiece
04UcL,1k1rr3/ppp2p1p/8/3pn1p1/1qP1n3/1P2PN1P/P1Q1BPP1/R4K1R b - - 1 18,d5c4 c2e4 e5f3 e4f3,1810,76,95,7714,advantage hangingPiece master middlegame short
2YvmC,2kr1bnr/ppp3pp/3pP3/3n1p1q/bP6/3B1N1P/P1PN1PP1/R1BQR1K1 w - - 1 15,b4b5 d5c3 c1b2 c3d1,1298,76,94,4684,advantage middlegame short trappedPiece
dJqRo,8/2n2pp1/p5kp/P1K5/8/4P2P/6P1/8 b - - 7 42,c7a8 c5c6 g6f5 c6b7 f5e4 b7a8,1163,77,95,1226,crushing endgame knightEndgame long trappedPiece
49baJ,4Rq2/4N1kp/1p1p2P1/p1p4B/P1P2P1P/1P6/5K2/8 w - - 4 36,f4f5 f8e8 f5f6 g7f6 g6g7 e8h5,1844,78,88,1195,advantage endgame hangingPiece long
tmaje,r1bqk1r1/p1p2p1p/1pn2n1Q/3P4/8/2N5/PPP2bPP/R1BK1BNR b q - 0 10,f6d5 h6c6 c8d7 c6d5,1515,74,95,19411,crushing fork hangingPiece interference opening short
EXX7C,r3k1nr/pp1n1ppp/4pq2/3p1b2/3p1B2/PP3NQ1/2P1BPPP/2R1K2R b Kkq - 3 14,g8e7 f4g5 f6g6 f3h4 f7f6 h4g6,1826,74,95,14241,crushing long middlegame trappedPiece
p1Sq1,4r1k1/p2bq3/1p2pr1p/3pR1p1/3P2B1/1PP1Q1P1/4R2P/6K1 w - - 2 34,e5d5 e6d5 e3e7 e8e7 e2e7 d7g4,1346,75,97,1368,advantage hangingPiece long master masterVsMaster middlegame
NbTD4,5rk1/1pp3pp/2p1b1n1/4p1QP/p3P3/1P1P2R1/P1P2PPK/1q6 b - - 0 27,h7h6 g5g6 f8f7 g6e6,1136,80,94,2828,crushing endgame hangingPiece pin short
L6daW,3r2k1/5p1p/2p1q1p1/pp1b4/3P4/P1P1n1QP/BP3RP1/5RK1 w - - 2 25,f1b1 d5a2 b1e1 e3f5 e1e6 f5g3,1714,75,95,1659,advantage hangingPiece long middlegame
G9YBd,8/8/5b2/4pK2/4B2p/5P2/6k1/8 b - - 9 64,h4h3 f5f6 g2g3 f6e5 h3h2 f3f4,1828,76,97,1768,bishopEndgame crushing defensiveMove endgame hangingPiece long
N6M1j,3q1r1k/1p4pp/5p2/pN1p3P/P1rP2N1/5Pn1/1PP3P1/2KRQ3 b - - 0 22,c4a4 e1g3 a4a1 c1d2 a1d1 d2d1,1306,78,88,695,advantage hangingPiece long middlegame
aIres,r3n1k1/1p3pP1/p1pp1b2/5bqB/2P5/1P5Q/PB3P2/3R1KR1 w - - 0 32,g1g5 f5h3 f1e2 f6g5,1271,77,100,975,advantage hangingPiece intermezzo middlegame short
qfWfA,r3kb1r/p1p2ppp/2p1p3/4Pn2/2Q5/2Pp2N1/PP1P1PqP/RNB1K2R w KQkq - 4 12,c4d3 f5g3 h2g3 g2h1,1157,78,85,1008,advantage capturingDefender opening short trappedPiece
fQhYB,8/8/8/4bkp1/2Rn3p/5K1P/6P1/8 w - - 24 76,c4d4 e5d4 g2g3 h4g3,1112,90,93,1379,crushing endgame hangingPiece master masterVsMaster short
8jcWm,2r3k1/5ppp/n3pn2/3qN3/1p1P4/1NpR2P1/1PQ1PP1P/6K1 b - - 6 24,d5b3 c2b3 c3c2 d3d1,1899,77,94,6444,crushing defensiveMove hangingPiece middlegame short
Ebcd4,r2qkb1r/2pb1ppp/p1n1p3/3p4/3Pn3/1QP1P3/PP3PPP/RNB1KBNR w KQkq - 2 8,f2f3 d8h4 g2g3 e4g3 h2g3 h4h1,1495,77,95,22914,crushing long opening trappedPiece
Kj9DU,8/8/8/4p3/3k4/5B2/6K1/8 w - - 9 62,f3d5 d4d5 g2f1 d5d4 f1e2 d4e4,1968,75,94,5626,crushing defensiveMove endgame hangingPiece long zugzwang
4S0Kh,8/8/2N3P1/4b3/pk5K/8/8/8 b - - 1 61,b4c5 c6e5 a4a3 e5d3,1775,76,96,2199,crushing endgame hangingPiece master short
0rDV1,r3rbk1/1R1n2pp/2pp4/4pPPQ/2P1P3/2q4P/6B1/1R5K b - - 0 25,a8a1 h5e8 a1b1 b7b1,1876,74,100,529,advantage hangingPiece master middlegame short
IDySD,4k2r/p1pq1ppp/4p3/4N3/2QPnB2/P1P1P3/1r2bPPP/R4RK1 w k - 5 17,e5d7 e2c4 d7e5 c4f1,1596,78,94,16206,crushing hangingPiece middlegame short
vNzIq,r7/pp2knp1/2ppq3/4n1pQ/4P3/2N5/PP3PPP/3RR2K w - - 0 23,c3e2 a8h8 h5h8 f7h8,1479,77,93,10417,advantage middlegame short trappedPiece
zvhoA,rn2k1nr/ppp2qpp/3p4/4p3/4P1Qb/3PB3/PPP2PPP/RN3RK1 b kq - 0 10,h4f6 g4c8 f6d8 c8b7 f7d7 b7a8,1785,77,93,512,advantage long opening trappedPiece
2raAo,3r1rk1/pQpqbpp1/3p1n1p/8/3PP3/2N1B2P/PPP3P1/R4RK1 w - - 3 16,b7a7 d8a8 a7b7 f8b8 b7a8 b8a8,1334,75,88,1005,advantage clearance long middlegame trappedPiece
FYjES,3r2k1/1p3rp1/p5Q1/8/PP1p2P1/2q1B2P/3N1P1K/4R3 w - - 0 30,d2e4 c3e1 e4g5 f7f2 e3f2 e1f2,1822,82,91,2211,crushing hangingPiece long middlegame
vEhYX,1rq2rk1/2p1bppp/p1n1b3/1p2p1N1/4Q3/2NPB3/PPP2PPP/R3K2R b KQ - 1 14,f7f5 e4c6 e7g5 e3g5,1263,75,94,19348,advantage hangingPiece middlegame short
ggqQv,1r1r2k1/p4ppp/6q1/1p6/3R1Q2/1B5P/PP5K/8 b - - 2 34,d8d4 f4b8 d4d8 b8d8,1022,76,100,1088,endgame hangingPiece mate mateIn2 short
3BxkC,4rr1k/1bqp2p1/p5Qp/1p2Pp1P/3BnP2/1PP5/P1B3P1/4RRK1 w - - 2 27,g2g4 e8e6 g6f5 f8f5,1683,74,95,15350,advantage master middlegame short trappedPiece
EZu57,r1bqkb1r/ppp2ppp/2np4/4p3/3PnB2/2P2P2/PP2P1PP/RN1QKBNR w KQkq - 0 6,f4c1 d8h4 g2g3 e4g3 h2g3 h4h1,1288,77,88,600,crushing long opening trappedPiece
94u5T,rn3rk1/pp3ppp/2p1p3/3pNb2/2PPn3/1PBBPP2/2R3PP/5RK1 b - - 0 15,e4g3 h2g3 f5d3 e5d3,1431,78,89,1350,advantage hangingPiece middlegame short
zFFKP,1rr5/6kp/p2p2p1/2q1p1Pn/p3P3/P4P1R/1PPQN3/2KR4 b - - 6 23,b8b2 c1b2 c8b8 b2a2,1969,78,92,2236,advantage defensiveMove hangingPiece middlegame short
Eymx7,r4rk1/pp4pp/2p3q1/3p4/1P2pP2/P6b/2Q1BRP1/1RB3K1 b - - 0 20,f8f4 c1f4 e4e3 c2g6,1705,77,94,12647,crushing hangingPiece middlegame short
tClbM,r1b1rnk1/pppq2pp/8/3pb3/7B/3BPN2/PPP3PP/R2Q1RK1 w - - 2 16,d3h7 f8h7 f3e5 e8e5,1312,83,92,1239,advantage hangingPiece opening short
pzgXn,r3k1nr/p1pp1ppp/bpn5/3QP1N1/1b3B2/4PK2/P1P2PPP/q4B1R b kq - 3 11,e8c8 f1a6 c8b8 h1a1,1734,77,93,1341,advantage discoveredAttack hangingPiece middlegame short
bYCSZ,r1n2rk1/1p1q3p/3p2p1/3P2B1/2PbQ3/1B1n3P/P1R2PP1/5RK1 b - - 0 28,d3f2 e4d4 f2h3 g2h3 f8f1 g1f1,1503,77,93,763,advantage hangingPiece long middlegame
opkfb,5rk1/pp1r1ppb/2p1pn2/8/3P3q/2N1Q1R1/PPP1BP1P/2KR4 b - - 9 20,f8d8 g3h3 h4d4 d1d4,1962,76,94,2813,advantage middlegame short trappedPiece
JohNy,8/1R5p/2kP1pp1/3n4/3K1P1P/8/8/8 b - - 0 49,c6b7 d4d5 b7c8 d5e6,1454,79,92,2120,crushing endgame hangingPiece short
V1kYQ,2krr3/pp1n1pn1/7p/q2p2p1/3P2B1/P1b2P1P/1PQ2P1B/2KR2R1 w - - 0 22,c2c3 a5c3 b2c3 f7f5 f3f4 f5g4,1528,76,95,21242,advantage long middlegame trappedPiece
XK4AK,8/7p/3p4/3P1pk1/5b2/5K1P/6P1/8 b - - 7 56,g5h4 f3f4 h7h5 f4f5,1572,80,95,22834,crushing endgame hangingPiece short
qaR4F,8/5k2/3p3p/p1pP2p1/PpP2p2/1P5P/2BnK1P1/8 b - - 1 37,f4f3 g2f3 d2c4 b3c4,1496,76,94,3448,crushing endgame short trappedPiece
mtwjm,r2q1rk1/pp1nbppb/2pp3p/5P1n/3PPB2/2N4P/PPP1N1BK/R2Q2R1 w - - 5 15,f4h6 g7h6 g2f3 h5g7,1672,75,94,1944,advantage hangingPiece middlegame short
nTR91,3r2k1/NR3ppp/4bn2/3pp3/q5P1/3PP2P/P1r2PB1/3R1QK1 b - - 2 26,a4a2 d1a1 c2f2 a1a2,1649,75,91,2116,crushing middlegame short trappedPiece
Oyvhx,r4b2/pp1kp1p1/1q2b1Br/3pN1Q1/3n4/8/PP5P/RN3RK1 b - - 1 18,d7d8 f1f8 d8c7 g5e7 e6d7 e7d7,1689,74,100,1733,deflection hangingPiece long mate mateIn3 middlegame
uNRvj,8/p1p5/2p5/4p3/3b2RP/4k3/PK6/8 w - - 1 39,g4d4 e5d4 h4h5 d4d3 h5h6 d3d2 h6h7 d2d1q,1551,80,93,2678,advancedPawn crushing endgame hangingPiece promotion veryLong
dP84a,r1b2r1k/pp3ppB/1np4p/3p2P1/3P3P/2N1Pq2/PPQ2P2/2KR3R w - - 1 17,g5h6 g7g6 h7g6 f7g6,1639,75,87,3126,advantage middlegame quietMove short trappedPiece
GoUpQ,rn2kb1r/ppp1pppp/6q1/5b2/8/2NP4/PPP1BPPP/R1BQK2R b KQkq - 0 8,g6g2 e2f3 g2g6 f3b7 b8c6 b7a8,1630,79,92,1712,crushing interference long opening trappedPiece
nPCnC,3rr1k1/ppp2p1p/2b3p1/8/2B3P1/4BPbq/PP2Q3/1R1R2K1 b - - 2 38,e8e3 d1d8 g8g7 e2e3 g3h2 g1f2,1618,77,97,3995,advantage hangingPiece intermezzo long middlegame
7vsXh,rn3rk1/1b1p1ppp/p3p3/1p6/q3P3/1NPQ4/1PKN2PP/3R1R2 b - - 3 16,d7d5 d1a1 a4c4 d2c4,1592,77,94,8577,advantage middlegame short trappedPiece
1hsRg,8/pp6/2rp4/kq1N1Q2/3PP1p1/6K1/P5P1/8 b - - 0 37,c6c3 d5c3 b5f5 e4f5,1176,76,90,602,crushing endgame hangingPiece master masterVsMaster short
AEeFM,7R/5p2/3KbP2/p3P1Bp/1p3Rp1/3k3r/1P6/8 w - - 4 56,h8c8 e6c8 e5e6 c8e6,1453,76,93,5691,advantage endgame hangingPiece short
Irc5k,2r1k1nr/pQ1b1ppp/4p3/1B1pP3/3P4/6P1/P4P1P/qN2K2R b Kk - 2 14,d7b5 b7c8 e8e7 c8c5,1934,80,94,11213,advantage hangingPiece middlegame short
xD2kN,1rbbnr1k/1pq2p1p/p2p3Q/2pBp1P1/7P/1P2P3/PBPP1P2/R3K2R b KQ - 0 18,f7f6 h6f8,1645,75,100,998,hangingPiece kingsideAttack mate mateIn1 middlegame oneMove
fQadV,5rk1/5pp1/pp5p/1p6/1P1Q4/P2P3P/q1P2PP1/2R3K1 b - - 0 25,a2a3 c1a1 a3a1 d4a1,1011,78,95,7894,advantage endgame short trappedPiece
OZrwg,5b1k/4r2p/6p1/1N1p4/3Pn3/1p2B2P/P5P1/4R1K1 w - - 0 27,a2b3 e7b7 e1a1 b7b5,1734,75,88,1500,crushing endgame master short trappedPiece
VnDKS,3r2k1/p1p2pp1/2Pr3p/pP2q3/P3p3/4P3/4QPPP/R2R2K1 w - - 2 24,d1d6 e5a1 e2f1 a1f1,1396,77,85,2541,crushing endgame hangingPiece kingsideAttack short
0QgRJ,r2qk2r/p2b1ppp/2B2n2/2b3N1/2n1p3/P4Q2/1PPP1PPP/RNB1K2R w KQkq - 0 12,g5e4 d7c6 e4f6 d8f6 f3f6 g7f6,1641,76,96,6397,advantage hangingPiece long opening
HR3FK,8/8/8/1p6/1Pb5/Pkn4R/8/4K3 b - - 19 66,b3a4 h3c3 c4b3 c3c5 a4a3 c5b5,1963,78,93,5200,crushing endgame hangingPiece long
dNFPE,r7/1ppbkp2/p7/3Pn2r/4BQp1/5pP1/PPP4R/6K1 b - - 6 28,h5h2 f4e5 e7f8 g1h2,1679,75,97,4488,advantage endgame hangingPiece intermezzo short
epZ0i,2r1r1k1/5pp1/p2R3p/1pp1P3/5PP1/3R3P/qPQ5/6K1 b - - 4 32,c5c4 d3a3 a2a3 b2a3,1472,78,94,3128,advantage endgame short trappedPiece
HrElR,r4rk1/ppp2ppp/2n1b3/3qp3/1b6/3P1NP1/PP1BPPBP/R2Q1RK1 w - - 0 11,f3e5 d5e5 d2b4 c6b4,1243,75,99,2381,advantage hangingPiece middlegame short
miixp,5r2/1pp3pk/1p1p2Rp/3Pq3/2Pp1p1P/P4P2/1P3PQK/8 b - - 0 26,f8f5 g6e6 e5f6 e6f6,1596,77,93,1697,crushing endgame short trappedPiece
xXZ1j,3r1rk1/pp2pp1p/2p3pb/7q/3PN1b1/2PQ2N1/PPK4P/R4R2 b - - 9 19,h5h2 f1f2 h2h4 a1h1 h4h1 g3h1,1460,72,95,34640,advantage clearance defensiveMove long middlegame trappedPiece
gy8AE,8/P7/1nK3p1/8/5k1p/2p5/2B5/8 b - - 1 55,h4h3 c6b6 h3h2 a7a8q,1080,77,96,3538,advancedPawn crushing endgame hangingPiece master promotion short
KF04C,r1b2rk1/1pp1qppp/1b1p4/pP2n2n/P1BPP3/2P5/3N1PPP/R1BQR1K1 w - - 0 14,d1h5 c8g4 h5g4 e5g4,1513,77,89,660,advantage master opening short trappedPiece
CSXqp,r6k/pp2Nbpn/2p3P1/8/3P4/2PB4/P5PP/6K1 b - - 0 30,f7g6 e7g6 h8g8 d3c4,1692,80,91,776,endgame hangingPiece mate mateIn2 short
d0yDO,2k3r1/Qpp1b3/4p1r1/4B1p1/2P2p2/1P1q4/P2P1PR1/2K3R1 w - - 1 24,e5f4 g5f4 g2g6 g8g6 g1g6 d3g6,1810,75,100,622,advantage hangingPiece long middlegame
ezKa2,2R1nk1r/1Q4p1/p3p2p/5p2/q5N1/8/P5PP/3R2K1 w - - 2 28,g4e5 a4d1 g1f2 d1d4 f2f3 d4e5,1251,76,100,923,advantage fork hangingPiece long middlegame
MRqZ3,8/4p3/3p3p/1p1P4/8/2k4P/B3K1P1/8 w - - 4 42,e2d1 c3b2 d1d2 b2a2 d2c3 a2a3,1857,79,94,13883,bishopEndgame crushing defensiveMove endgame long trappedPiece
cNpws,r2qr1k1/1pp2pp1/p1nb1n1p/3p4/3P2bB/2PB1N2/PP1N1PPP/R2QR1K1 b - - 3 12,d6h2 g1h2 e8e1 d1e1,1495,75,85,631,advantage hangingPiece opening short
tZY10,8/8/4kb2/3p4/2pP1BK1/1pP5/1P6/8 b - - 0 40,f6d4 c3d4 c4c3 f4c1,1619,74,97,2835,bishopEndgame crushing defensiveMove endgame hangingPiece master short
ERpc0,4R3/1n3rpk/p2B3p/1p5P/2p3P1/P1Pb1P2/BP4K1/8 w - - 1 33,e8e7 b7d6 e7f7 d6f7,1329,75,97,6774,advantage endgame hangingPiece short
5Huv9,2r5/1p2kpQp/1q1p2p1/1P1P1b2/3b4/8/PP2B1PP/R4R1K w - - 2 23,g7h7 c8h8 h7h8 d4h8,1421,74,99,2997,advantage master middlegame short trappedPiece
GgwjH,1k1r3r/ppp1qpp1/2p1bn2/6Q1/4P2p/1PNP3P/PKP1BPP1/3R3R w - - 2 15,g5g7 d8g8 g7h8 g8h8,1604,76,94,2005,advantage middlegame short trappedPiece
A3PA6,2r1b1k1/1p4pp/1q2pn2/p1b1N3/1pPr4/5B1P/PB3QP1/2R1R2K b - - 1 28,d4c4 e5c4 c5f2 c4b6,1141,76,100,846,advantage hangingPiece master middlegame short
hVxCq,2r2rk1/p3q2p/b1p1p1p1/6N1/N1Pn1b2/1P5Q/3B2PP/4RRK1 w - - 0 26,g5e6 f4d2 e6f8 d2e1,1962,85,92,6987,crushing hangingPiece middlegame short
vRm7E,r1bq1rk1/p4ppp/1p1bpn2/3pB3/8/2PBP3/PP1N1PPP/R2QK2R w KQ - 1 12,e5d4 e6e5 d4e5 d6e5,1290,76,93,577,crushing opening short trappedPiece
elKLe,r2qk2r/p2nb2p/1p1nppp1/2pp3N/3P4/2P1P2P/PPQN1PP1/R1B1K2R w KQkq - 0 14,h5g7 e8f7 g7e6 f7e6,1066,80,85,623,advantage opening short trappedPiece
aYpHC,r3k2r/ppqn1ppp/4pn2/2bp4/N2N4/4B3/PPP2PPP/R2QR1K1 w kq - 7 13,d4e6 f7e6 a4c5 d7c5 e3c5 c7c5,1428,77,93,2458,crushing hangingPiece long middlegame
I5lNY,2kr3r/2pq3p/p1n1bp2/1pbn2B1/8/1B3N2/PPP2PPP/RN1QR1K1 w - - 0 14,g5f6 d5f6 d1d7 e6d7,1962,75,89,843,advantage hangingPiece middlegame short
aTzQ0,3r1rk1/4Qpp1/p2Np2p/2p5/b1P3P1/4PP1q/P4R1P/5RK1 w - - 1 28,f2g2 d8d7 e7f8 g8f8,1646,75,95,23739,crushing middlegame short trappedPiece
4LwSK,8/1p6/2p1kPp1/2P1N3/1P2P3/4KpP1/2n5/8 w - - 1 43,e3f3 e6e5 f6f7 c2d4 f3g4 d4e6,1972,75,95,10172,crushing endgame hangingPiece knightEndgame long master
wOGcF,r1b1k1nr/pppp1ppp/8/8/4P3/2Q5/P1P1KPPP/RNq2B1R b kq - 3 10,b7b6 b1d2 c1a1 c3a1,1851,77,93,10958,advantage middlegame quietMove short trappedPiece
EP93D,r4rk1/1p2ppbp/p1p1b1p1/q1p5/1P2Pn2/2PP1N1P/PB2NPP1/1R1QK2R b K - 0 13,f4g2 e1f1 g2e3 f2e3,1045,79,91,1243,advantage middlegame short trappedPiece
m4OC7,1r2q1k1/pR1Q1ppp/2p5/2P5/8/5PP1/P5KP/8 b - - 2 26,e8d7 b7b8 d7c8 b8c8,1159,77,95,7124,backRankMate endgame hangingPiece master mate mateIn2 queenRookEndgame short
7M8B4,r3kb1r/p5p1/2p2pn1/2pp4/Q2Pp3/P1P3P1/1P1BPKNq/R4R2 b kq - 1 19,a8c8 f1h1 h2h1 a1h1,1209,77,89,4629,advantage middlegame short trappedPiece
BHoQd,3r1rk1/p5pp/1qpb4/3pNp1b/1P6/P3P2P/2Q2PP1/R1B2RK1 w - - 1 17,c2c6 d6e5 c6b6 a7b6,1564,75,100,936,advantage hangingPiece middlegame short
cWr8A,7R/ppk1b1pp/2p5/5r2/3p4/2PPnP2/PP4PP/RN4K1 w - - 1 21,c3d4 e3c2 b1c3 c2a1,1173,77,95,2936,advantage endgame short trappedPiece
tLigb,3r4/2k1bppp/p1b1p3/4P3/N1R5/P1B5/1P3PPP/6K1 w - - 9 27,c4d4 d8d4 c3d4 c6a4,1202,78,89,2908,capturingDefender crushing endgame master masterVsMaster short trappedPiece
YsThi,r1bq1rk1/4bppp/p1np4/2p1N2n/PpP1P3/3P2B1/BP1N1PPP/R2Q1RK1 b - - 0 13,h5g3 e5c6 g3f1 c6d8,1637,74,100,1021,advantage hangingPiece opening short
4hSh0,r3r1k1/ppp2pp1/5q1p/2b1p3/2BnQ1b1/3P1NPn/PPPN1PK1/R1B2R2 b - - 5 16,h3g5 e4g4 d4f3 d2f3 f6f3 g4f3 g5f3 g2f3,1879,80,92,1762,advantage hangingPiece middlegame veryLong
a4i4N,6k1/pp6/3p1bQ1/2p2PP1/2Pp3p/P2P3P/1P4K1/4q3 b - - 1 34,g8f8 g6f6 f8e8 f6e6 e1e6 f5e6,1668,75,88,1701,crushing endgame exposedKing hangingPiece long
vKxeU,6r1/p5rk/bp5p/3P1N2/P7/1P2P1qP/1Q3RP1/7K b - - 0 43,g3f2 b2f2 g7g2 f2g2 g8g2 h1g2,1384,76,86,567,advantage endgame hangingPiece long
RvE6h,2rr2k1/5p2/4bQpp/2R5/1P2q3/P5RP/2P2PPK/8 b - - 3 32,c8c5 f6d8 g8h7 b4c5,1651,77,94,532,advantage endgame hangingPiece intermezzo master short
CP1Yd,8/pp1n2kN/2pB1pp1/3n2P1/P2P4/1P5P/5P2/6K1 w - - 1 37,g5f6 g7h7 f6f7 h7g7 f7f8q d7f8,1796,75,96,8000,crushing endgame hangingPiece long
gcoQX,2r3k1/2r3p1/1p1p1q1n/pPnPpP2/P3P2p/4QNpP/2B3P1/2R2R1K b - - 7 28,c5a4 c2a4 c7c1 f1c1 c8c1 e3c1,1068,78,100,812,advantage hangingPiece long middlegame
p6CTx,2r2rk1/1bp2p1p/p4bp1/2p1N3/2P1P3/2N2P2/PP4PP/R3R1K1 w - - 0 16,e5d7 f6d4 g1f1 f8d8 d7c5 d4c5,1475,76,87,878,advantage long middlegame trappedPiece
2iNWr,r5k1/5ppp/1P3n2/4N3/r1QP4/8/3q1PPP/R3R1K1 w - - 0 25,a1a4 d2e1 c4f1 e1f1 g1f1 a8a4,1159,76,96,3467,advantage hangingPiece long middlegame
xzbFH,3kr3/pp2r1NR/2p2p2/n1P5/3P2p1/P3P1P1/5PP1/1R2K3 w - - 7 35,g7e8 e7h7 e1e2 d8e8,1242,74,99,1829,advantage endgame hangingPiece intermezzo short
E8FEg,2r4k/4Rp1p/p3rp2/1pp4b/3B4/1P5P/PP3P2/2K3R1 w - - 0 24,e7e6 c5d4 e6c6 c8c6,1096,80,94,2336,crushing discoveredAttack discoveredCheck endgame hangingPiece queensideAttack short
Sq49K,5Bnr/ppR3pp/1n4k1/5p2/4B3/8/P4PPP/6K1 b - - 1 26,f5e4 f8g7 b6d5 c7b7 g8e7 g7h8,1845,74,94,5701,crushing endgame long trappedPiece
B3OkF,4r1k1/pp1nqpbp/3p2p1/2pP4/2P2Pn1/2NB3r/PP3BK1/R2Q1R2 w - - 0 21,d1g4 h3d3 a1e1 e7d8 e1e8 d8e8 f1e1 e8d8,1995,80,88,510,advantage defensiveMove hangingPiece master middlegame quietMove veryLong
Ht6WF,6k1/ppp3p1/5r2/4p2Q/2P2q2/4r2P/PP4R1/6RK b - - 4 29,e3h3 h5h3 f6h6 g2g7 g8f8 g7g8,1773,77,93,6123,advantage endgame hangingPiece long
iW8ep,8/N1k2p1p/2p2p2/2p1p1bP/P1P1P1P1/2P2P2/2K5/8 w - - 1 32,a4a5 c7b7 a7b5 c6b5 c4b5 c5c4,1612,78,94,14636,crushing defensiveMove endgame long trappedPiece
fqDuE,4r1k1/1p3p2/p2p4/b1pP2Bp/2P1P2R/P1N4P/1r6/4R1K1 w - - 0 30,e1e2 a5c3 e2b2 c3b2,1245,77,95,14750,advantage hangingPiece middlegame short
ZUFlY,2bq1rk1/r4p2/p1Qpp2p/1p3p2/3P4/2PB1N2/PP3PPP/R4RK1 w - - 1 16,f3d2 c8b7 c6f3 b7f3,1310,74,96,8901,advantage middlegame short trappedPiece
HnWNO,r2bk2r/1p1b1p1p/p2p2p1/3N4/3PP1P1/5N2/PP3PP1/R3K2R w KQkq - 2 16,f3g5 d8g5 d5c7 e8e7,1768,76,85,566,advantage defensiveMove hangingPiece middlegame short
78uKP,r5k1/pp1nprb1/1q1p1nNp/2pP4/2P5/2N2pPP/PP3P2/1RB1QRK1 w - - 1 16,g6e7 f7e7 e1e7 a8e8 e7e8 f6e8,1833,77,95,17333,advantage long middlegame sacrifice trappedPiece
x8xIB,4r1k1/pp1b1ppp/1q3n2/2np4/3N4/1P2rP2/P2QN1PP/1BR1R1K1 b - - 3 20,c5e6 d2e3 e6d4 e3d4 e8e2 d4b6,1740,77,93,661,advantage hangingPiece long middlegame
HxXFl,1k1r2r1/2pP1p2/pp6/3b3p/4BP1q/P3BK2/1P6/R2Q2R1 b - - 1 26,g8g1 d1d5 g1g3 f3e2 g3e3 e2e3,1814,80,93,1288,crushing hangingPiece long middlegame
VjfPB,6k1/1p2bpp1/pq2p2p/PP1pP2P/3PbPP1/2Q5/1B6/5BK1 b - - 0 38,b6a7 c3c8 g8h7 b5b6 a7b6 a5b6,1617,77,86,1914,crushing endgame long trappedPiece
kklqm,1r3rk1/3nbppp/bqn1p3/p1ppP3/P4P1P/2PP2P1/3N1NB1/R1BQR1K1 b - - 2 16,a6d3 f2d3 c5c4 d3f2,1289,85,93,16787,advantage defensiveMove hangingPiece master middlegame short
nmh7c,1kbr1b1r/p7/1p1q1p1p/QB1p4/2PN4/2P1P3/Pn1N1PPP/R4K1R w - - 0 20,d4c6 d6c6 b5c6 b6a5,1571,76,94,4607,advantage middlegame short trappedPiece
LdCzk,5rk1/5ppp/5n2/1Q1b3q/3N4/6B1/PP3PPP/3RR1K1 w - - 1 28,e1e5 h5d1 b5f1 d1d4,1542,80,90,3504,advantage fork hangingPiece middlegame short
FXv0G,1r1q1rk1/1p2bppp/p1ppbn2/8/PQ2PB2/1NN4P/1PP2PP1/R4RK1 w - - 3 15,b3d4 c6c5 d4e6 c5b4 e6d8 b4c3 d8c6 b7c6,1846,77,93,3461,crushing fork middlegame trappedPiece veryLong
353xv,rn2k2r/p1pp1ppp/1p2pq2/8/1b1PB3/2N4b/PPP2P1P/R1BQK1R1 b Qkq - 1 9,d7d5 c1g5 b4c3 b2c3 d5e4 g5f6,1594,78,91,3873,advantage long opening trappedPiece
gHf0l,r3k2r/3p1pp1/p1qNp3/1pP1P3/6Pn/2P2Q1p/P4P1P/R4RK1 b kq - 2 20,c6d6 f3a8 d6b8 a8b8,1102,78,95,2818,crushing hangingPiece middlegame short
4g6eH,1r4k1/1pRb2p1/p3Nn1p/3p4/1N1Pp3/PP2P3/5PPP/6K1 w - - 1 35,b4d5 d7e6 d5f6 g7f6,1589,78,90,1192,advantage endgame hangingPiece short
zetYQ,rnb1k1nr/pp3ppp/4p3/8/N1PPp3/1P6/3K1PPP/R4BNR b kq - 0 11,g8f6 a4b6 a7b6 a1a8,1588,74,94,11717,advantage discoveredAttack middlegame short trappedPiece
ges10,4r2k/pp4pp/8/3N4/2n1B3/1NP5/PPK1R2P/5r2 w - - 9 34,d5e3 e8e4 e3f1 e4e2,1500,78,91,804,advantage hangingPiece master middlegame short
MEkef,8/7p/R1Pk4/P5p1/1pb2pP1/2P2P2/5K1P/8 w - - 0 46,c6c7 c4a6 c7c8r a6c8,1835,78,90,1315,crushing endgame hangingPiece master short
sZhy6,4b1k1/2p5/p2p3p/1p1P1qp1/2P5/PPn2pBP/5P2/Q4K1R b - - 1 31,b5c4 a1c3 f5b1 c3e1,1061,86,88,1004,advantage endgame hangingPiece short
upKid,1r1n2k1/4b1p1/7p/p2pP3/2pN4/P1P4P/1P1N2P1/1R4K1 b - - 1 24,e7a3 b2a3 b8b1 d2b1,1050,75,100,590,advantage endgame hangingPiece short
FXgQJ,r1bqk1nr/pp4pp/2n2p2/2b1p3/4P2B/P1NB1N2/1P3PPP/R2QK2R w KQkq - 1 13,d1b3 d8d3 a1d1 d3a6,1923,75,91,1960,advantage hangingPiece middlegame short
6Xrij,rn1q1rk1/p1ppbppp/1p2pn2/4P3/3P1B2/P1NB1P2/1PP1Q1bP/R3K1NR b KQ - 0 9,g2h1 e5f6 e7f6 e2e4 g7g6 e4a8,1870,76,92,2701,advantage long middlegame trappedPiece
0B08j,r5k1/pp3pp1/1npN2rp/4P3/5P2/8/qPQ3PP/2R1R1K1 b - - 1 21,b6d5 c1a1 a2a1 e1a1,1960,81,91,2736,crushing master middlegame short trappedPiece
SNucl,2r2r2/pp1k2pp/4p3/3nP3/8/8/PPP3PP/RN3RK1 w - - 0 16,c2c3 f8f1 g1f1 d5e3 f1e2 e3c2 b1d2 c2a1,1636,76,96,15592,attraction crushing endgame trappedPiece veryLong
toSBe,4rk2/2p2Bpp/2R5/p7/3p4/1Q1b2Pq/PP1N1b2/3K3R w - - 1 23,b3d3 h3h1 d1c2 h1c6,1625,78,92,2614,crushing fork hangingPiece middlegame short
rECTb,1q3rk1/p1p2ppp/1r2p3/8/1b1NP3/P3R3/2Q2PPP/R5K1 b - - 0 23,b4c5 c2c5 b6b1 e3e1 b1a1 e1a1,1663,75,86,559,crushing hangingPiece long middlegame
VENXf,3r1rk1/3q2pp/1p3p2/4p3/PPnpB3/1Nn4P/2Q2PP1/R3R1K1 b - - 2 29,c3e4 c2c4 d7f7 c4f7 f8f7 e1e4,1547,76,87,855,advantage hangingPiece kingsideAttack long middlegame
JdZwM,r5k1/7p/1p2p1p1/p1P3N1/1nP5/1P6/P6R/2KR1r2 b - - 2 27,b4a2 h2a2 f1d1 c1d1,1640,77,89,2245,advantage endgame hangingPiece short
jtD5Q,3r1r1k/pp6/n1p1p1QB/4Pp2/1P1q4/P4R1P/5nP1/R6K w - - 11 30,f3f2 d4a1 h1h2 a1e5,1635,77,93,3261,crushing hangingPiece middlegame short
H6lrm,8/8/k7/2p2K2/5n1P/8/8/8 b - - 1 47,c5c4 f5f4 c4c3 f4e3 c3c2 e3d2 c2c1q d2c1,1213,76,97,7823,crushing endgame hangingPiece veryLong
4ISko,r2qk2r/1pp1bppp/p1n5/3pP3/6b1/1QP2N2/PP3PPP/RNB1K2R w KQkq - 2 11,b3b7 c6a5 b7a8 d8a8,1746,77,95,24493,crushing opening short trappedPiece
97ouf,5r1k/2p1P2r/1p1p1pQ1/8/2P1R3/p2q4/5KPP/8 b - - 5 38,d3e4 e7f8q,1193,76,100,518,advancedPawn endgame hangingPiece mate mateIn1 oneMove promotion
g61A2,2q2r1k/r2R2pp/1pn1Q3/p1b3B1/P7/2P2N2/1P3PPP/3R2K1 w - - 6 23,d7d8 c8e6 d8f8 c5f8,1857,76,92,1397,crushing hangingPiece master middlegame short
PanCr,6rk/2p4p/3p2r1/4qN2/1P2p3/2n3pP/4B1K1/Q4RR1 w - - 4 45,f1c1 c3e2 a1e5 d6e5,1427,77,91,765,advantage fork hangingPiece master masterVsMaster middlegame short
vQ5xd,2kr1bnr/p1p4p/5p2/1p1Pp1p1/qP1nP3/P1N2BPP/3B1P2/R2QK2R w KQ - 1 15,d1a4 d4f3 e1e2 f3d4 e2d3 b5a4,1906,77,92,794,advantage hangingPiece long middlegame
XGF6I,5rn1/ppp2p1k/5qpp/P7/3nP3/2P1P2Q/1r2B1PP/R4RK1 w - - 0 30,f1f6 d4e2 g1f1 g8f6,1419,79,93,862,advantage hangingPiece intermezzo middlegame short
APMw8,r1b2r2/p2nppkp/2p3p1/q2p4/3P4/1Qp2NN1/P1P2PPP/K2R1B1R w - - 8 19,d1b1 a8b8 b3b8 d7b8,1521,77,92,1868,advantage middlegame short trappedPiece
wcJO8,r5k1/2R2pp1/4b2p/p2pP3/1p1P4/1B1n1N2/PP3PPP/6K1 w - - 0 26,c7c2 a5a4 b3a4 a8a4,1517,77,91,1520,crushing endgame short trappedPiece
bgRjM,2r3k1/2q2p1p/prb2bp1/1p2p3/8/4BBP1/P1Q2P1P/2R1R2K w - - 0 27,e3b6 c6f3 h1g1 c7c2 c1c2 c8c2,1408,76,96,2369,crushing discoveredAttack hangingPiece long middlegame
4Cnkk,8/5k2/1r4pR/1P2p2p/8/6P1/4PP1P/6K1 w - - 2 37,g1g2 f7g7 h6h5 g6h5,1503,79,93,1987,advantage endgame rookEndgame short trappedPiece
lvu0w,2kr3r/1p3p2/p1p1bQ1b/8/2PB3p/1P1B4/P2P1P1q/2K1R1R1 w - - 1 26,e1e6 h2g1 c1c2 f7e6 f6e6 c8b8,1841,77,93,3202,advantage defensiveMove hangingPiece intermezzo long master middlegame
9EHtj,1r4k1/5pp1/1B1p1r1p/p3p1b1/NpP1Q1q1/1P3P1n/P5PP/3RR2K b - - 2 30,h3f2 b6f2 g4e4 e1e4,1791,75,92,2981,advantage hangingPiece middlegame short
IcXVi,r1bqr1k1/pp3pbp/3p1np1/2pPn1B1/2P5/2N2N1P/PP1QBPP1/R3R1K1 w - - 7 14,c3e4 f6e4 g5d8 e4d2,1663,76,92,1182,advantage hangingPiece middlegame short
gxpF5,1R5r/2P5/5k2/p4r2/8/PKP1p3/1P6/8 b - - 2 37,e3e2 b8h8 e2e1q c7c8q,1881,78,92,2723,advancedPawn crushing endgame hangingPiece promotion rookEndgame short
Vfcj6,rn2k2r/1p3pp1/pq1b1n1p/2pP4/2P1P3/1P1BBb2/P5PP/RN1QK2R w KQkq - 0 12,d1f3 d6e5 e3d2 e5a1,1796,74,88,2053,advantage middlegame short trappedPiece
rpq2r,r2q1rnk/ppp1n1b1/3p3p/3Pp3/2P5/2NQBN1P/PP3P2/R3K1R1 w Q - 1 17,e1d1 f8f3 g1g7 h8g7,1496,76,91,5754,crushing hangingPiece middlegame short
UHMt7,r2q1rk1/ppp1bppp/2np4/7b/8/2PB1N1P/PPP2PP1/R1BQR1K1 w - - 1 12,d3h7 g8h7 f3g5 e7g5 d1h5 g5h6 c1h6 g7h6,1588,80,94,6335,advantage hangingPiece opening veryLong
UpQ94,4b1k1/3nqrpp/2r1p1p1/pp1pP3/2pP1P2/2P1Q2R/PPBN2PP/5RK1 w - - 2 27,h3h7 g8h7 e3h3 h7g8 c2g6 d7f8,1953,75,93,2517,advantage hangingPiece long middlegame
of9oq,r6k/2q1p1b1/p2pQnpp/1p6/4P3/1PPn1P2/5BPP/R1R2N1K w - - 3 28,c1c2 d3f4 e6f7 a8f8 f7f8 g7f8,1952,74,96,5473,advantage long middlegame trappedPiece
bo7YB,8/p1q2pk1/4bp2/6r1/2p4Q/P7/6PP/4RRK1 w - - 0 37,f1f6 g7f6 h4h6 g5g6,1892,76,89,1620,crushing endgame hangingPiece short
w3QNC,5k2/5p1B/8/4P3/1p6/1P6/4Kp2/5r2 b - - 1 49,f1b1 h7b1 f2f1n e2f1,1059,78,94,1628,crushing endgame hangingPiece master short
7Ox7e,rq2k1n1/2pb1p1r/3p1Qp1/3P4/pp2P3/3B4/PPP1N3/1K1R3R w q - 4 26,h1h7 g8f6 h7h8 e8e7 h8b8 a8b8,1206,77,94,10364,advantage hangingPiece long middlegame
4zjVE,5rk1/rpQ2p1p/pN4B1/3PB3/8/4q3/PPPn3P/1K1R2R1 w - - 1 22,d1d2 e3g1 d2d1 g1d1,1136,78,94,2788,fork hangingPiece mate mateIn2 middlegame short
u76TN,r2q1rk1/1ppnbp2/p1n1p1bQ/3pP3/3P4/2P3P1/PP3PB1/RN2K1NR b KQ - 0 14,f7f5 h6g6,1608,77,96,9002,hangingPiece kingsideAttack mate mateIn1 oneMove opening
T3lid,r5k1/pb3pp1/1p2p2p/6n1/2N5/1PN5/1PP2PPP/R5K1 w - - 0 23,c4b6 a7b6 a1a8 b7a8,1392,77,88,1170,advantage endgame hangingPiece short
MzsMI,5B2/8/8/2Pk4/2n5/pK6/8/8 b - - 4 48,d5c6 b3c4 a3a2 f8g7,1148,75,97,575,crushing defensiveMove endgame hangingPiece master masterVsMaster short
XiNkA,r3kbnr/pp1npppp/1qp3b1/8/3PPB2/P1N2N2/1PP3PP/R2QKB1R b KQkq - 0 8,b6b2 c3a4 b2a1 d1a1,1279,77,93,2910,crushing opening short trappedPiece
BHvO3,7k/p2R3P/1pr3N1/5K2/1P1p4/3P2p1/7n/8 b - - 1 67,c6g6 f5g6 g3g2 d7d8,1172,75,96,6385,endgame hangingPiece mate mateIn2 short
z0QCN,8/8/6P1/7K/3n1N2/4p3/3k4/8 b - - 0 49,d4e6 f4e6 e3e2 e6d4,1959,78,94,4417,crushing endgame hangingPiece knightEndgame master short
0cWVr,8/1R4pp/P1k5/2n5/3b4/5P1P/5PK1/8 w - - 3 41,b7g7 d4g7 a6a7 c6b7,1140,76,95,1357,crushing endgame hangingPiece short
bVyDs,5R2/pb1k1p2/1ppppnp1/6r1/4P3/P1NB2P1/1PP2KP1/8 b - - 1 27,d7e7 f8b8 b7a6 d3a6,1559,74,94,2288,advantage endgame short trappedPiece
VW6Lz,r2qkb1r/1pp2pp1/p1n2p1p/3p1b2/3P4/1QP2N1P/PP1NPPP1/R3KB1R w KQkq - 0 9,b3b7 c6a5 b7a8 d8a8,1340,78,93,520,advantage opening short trappedPiece
mqtoj,1k2r3/pp1bp2n/3qp3/2Rn4/5Pp1/N2QB1Pp/PP5P/R5K1 w - - 1 31,d3h7 d5e3 h7e4 d6c5,1059,76,96,4533,capturingDefender crushing hangingPiece middlegame short
7zfFh,6r1/3r3p/1kq2R2/2p1Q3/8/1P5b/P4K1P/4R3 b - - 3 40,d7f7 f6f7 c6g2 f2e3 g2g5 e5g5,1361,80,92,1200,crushing hangingPiece long middlegame
VgsuI,r4r1k/pp3B1p/3q4/2p5/2Pn2Q1/3PN1b1/P5P1/1R3R1K b - - 0 25,f8f7 f1f7 d6h6 g4h3 h6h3 g2h3,1396,82,93,8474,crushing hangingPiece long middlegame
eNXzZ,r2qkb1r/1pp2p1p/p1n2np1/3pp1N1/4P3/1QPP4/PP3PPP/RNB2RK1 w kq - 0 11,b3b7 c6a5 b7a8 d8a8,1433,76,93,1580,advantage opening short trappedPiece
chM8f,r1b2r1k/ppp4p/2n4P/3p1p2/3P4/2PBPP2/P1Q1KPq1/R6R b - - 4 20,f8f7 a1g1 g2h1 g1h1,1535,77,93,3273,advantage middlegame short trappedPiece
iyII2,r3k1nr/pp1nppbp/1qpp2p1/8/2PPPBb1/P1N2N2/1P2BPPP/R2Q1RK1 b kq - 0 9,b6b2 c3a4 b2a1 d1a1,1345,75,96,22303,crushing master middlegame short trappedPiece
O56m9,6k1/p1Q2pp1/7p/6q1/8/1B5P/P4PP1/4n2K w - - 0 41,b3d5 g5d5 c7b8 g8h7,1294,85,94,3193,crushing endgame hangingPiece short
DvsKn,5k2/p6p/6p1/8/2Rpnn2/1Pp5/P4PPP/3K4 b - - 7 36,d4d3 c4e4 c3c2 d1d2 f4e2 e4c4,1780,79,91,670,advantage endgame hangingPiece long
8mXwe,3rk1nr/pppbqppp/3b4/8/3N2Q1/4P3/PPP2PPP/RNB2RK1 w k - 6 11,g4g7 d6e5 g7e5 e7e5,1435,79,92,1199,crushing opening short trappedPiece
Ch8Wk,r2r2k1/p4pbp/1q2p1p1/1bp5/1n2P3/Q3BNP1/P1R2PBP/1R4K1 w - - 0 20,e3c5 b4c2 c5b6 c2a3,1187,75,100,539,crushing hangingPiece master middlegame short
0I3Vy,r2q2k1/1b1n1r1p/pp1pQ1p1/2pP1p1n/P1P2P2/2PB3P/6PN/R1B2RK1 w - - 2 17,e6d6 f7f6 d6e5 d7e5,1353,77,88,2875,advantage middlegame short trappedPiece
T1AGz,r1bqkr2/p1pp1pQ1/1pn2n1p/8/4PB2/2P2N2/P1P2PPP/R3KB1R w KQq - 1 12,f4h6 f8g8 g7g3 g8g3,1303,82,93,1743,advantage opening short trappedPiece
tAZYS,5r2/1r2b2k/2pp1qpp/p3p3/2P1PnQ1/1P2BRN1/P4PP1/3R2K1 w - - 6 32,g1f1 h6h5 g4h3 f4h3,1354,77,92,10318,advantage master middlegame short trappedPiece
tNzEj,4r3/p4p2/1pnk1n2/3p2p1/3P1pPp/P1PNrP1P/1PB2K2/4R2R w - - 0 26,c2a4 e3d3 e1e8 f6e8,1386,79,94,7581,crushing hangingPiece middlegame short
D9ePN,4r1k1/1pp5/p2p3p/3Ppr2/1P4Bq/P1PPQ2P/6P1/R6K b - - 0 28,f5g5 g2g3 h4g4 h3g4,1868,76,94,10842,crushing endgame short trappedPiece
XCXQq,r1bq1rk1/ppp2ppp/2n2b2/8/3NR3/4BN2/PPP2PPP/R2Q2K1 b - - 2 12,c8f5 d4f5 d8d1 a1d1,1177,77,91,2072,advantage hangingPiece middlegame short
t2ioZ,3rr3/ppp2kpp/8/8/8/7P/PB3PP1/3RR1K1 w - - 0 22,e1e8 d8d1 g1h2 f7e8,1102,79,94,525,advantage endgame hangingPiece intermezzo short
vZsTV,4rrk1/p4p1p/1p4p1/8/3N1P2/1P3P2/PKP2n1P/3RR3 w - - 1 24,e1e8 f2d1 b2c1 f8e8,1347,77,89,1941,advantage endgame hangingPiece intermezzo short
1mP33,4QRqk/1p5p/p3b3/3pn3/8/7P/P1r3P1/6K1 b - - 3 34,g8f8 e8f8 e6g8 f8f6,1031,76,99,1596,endgame hangingPiece mate mateIn2 short
aClWW,r3r1k1/1p3ppp/2pq1b2/pQ1p4/P2P4/2P2N2/1P3PPP/R3R1K1 w - - 0 20,b5b7 e8b8 b7a8 b8a8,1553,76,94,1910,advantage middlegame short trappedPiece
GJrnF,3r1r1k/ppp3pp/3p4/3Bp3/2K1P3/1P6/P1nP1bPP/1RBR4 b - - 1 15,c2a3 c1a3 c7c6 d5e6,1479,76,89,2515,crushing defensiveMove hangingPiece middlegame short
1JEvY,r1b1k1nr/pp3p1p/2npp3/1B6/4P3/2q2NQ1/P1P2PPP/R1B1K2R w KQkq - 0 11,e1d1 c3a1 b5c6 b7c6,1193,77,92,676,advantage hangingPiece opening short
8la27,r1b1kbnr/1p3ppp/p1npp3/Pqp5/3PP3/2P2N2/1P1N1PPP/R1BQK2R b KQkq - 1 8,g8f6 c3c4 b5b4 a1a4 c5d4 a4b4,1602,75,95,2879,advantage long opening trappedPiece
l6AHp,r3r2k/pp2bp1p/2b1pNp1/q3B3/2P5/P2B1Q2/1P3PPP/3R2K1 w - - 7 23,f6e8 a5e5 f3f7 a8e8,1831,81,91,587,advantage hangingPiece middlegame short
yALZe,2r1kb1r/1p1n1ppp/p4n2/1p1p1b2/3P1B2/1Q2PP2/PP4PP/4KBNR w Kk - 0 12,g1e2 f5c2 b3c3 c8c3,1506,76,94,2045,advantage middlegame short trappedPiece
4MNvN,r4r2/3kb3/p1p1p2Q/3pB3/3PB3/q3N3/5p1P/3R3K b - - 0 31,a3e3 h6e3 f2f1r d1f1 f8f1 h1g2,1191,77,92,1014,advantage hangingPiece long middlegame
VvMdO,7r/pp4Rr/2kPp3/5p2/3PpB1q/2Pb4/PP6/2K1R1Q1 w - - 13 30,f4g5 h7g7 g5h4 g7g1,1804,77,96,4723,crushing hangingPiece master middlegame short
akfcs,5rk1/1p3pp1/pb2p1P1/4P2n/3r3N/8/PP1B2Q1/R4RK1 w - - 0 28,g1h1 d4h4 g2h2 h5g3 h1g2 h4h2 g2h2 g3f1,1588,75,100,1464,advantage attraction exposedKing hangingPiece kingsideAttack middlegame pin veryLong
Aziz0,2kr3r/pp2qp1p/6p1/2pbP3/5Pn1/2P3P1/P3Q1BP/R1B2RK1 b - - 1 18,d5g2 e2g4 e7e6 g4e6 f7e6 g1g2,1394,77,88,13336,advantage hangingPiece long middlegame
f5III,6kr/1pR2rb1/3p4/4p1R1/p2pP1P1/3P4/P3Q3/1qB3K1 w - - 1 32,c7f7 b1c1 f7f1 c1g5,1091,79,87,598,crushing fork hangingPiece master middlegame short
g5fjN,r1b2rk1/pp3ppp/1q6/4n3/1bPpN3/1P1B4/PB3PPP/R2Q1RK1 w - - 2 16,b2d4 b6d4 e4f6 g8h8,1962,76,93,5458,advantage hangingPiece opening short
vBGmp,r2q1rk1/pp3pbp/2n1b1p1/3p1n2/3P4/P1N1BN2/1P1QBPPP/2R2RK1 b - - 5 13,d8f6 e3g5 f6d8 g5d8,1330,77,96,6619,advantage middlegame short trappedPiece
kyDon,r5rk/1pp4p/p4p2/3p1p2/8/P1P1Pq1P/1P2R2K/R4Q2 b - - 3 26,g8g3 f1f3 g3f3 h2g2 f3h3 g2h3,1866,75,94,3530,advantage endgame long trappedPiece
oBXpT,5rk1/6pp/3p4/2p2P1P/5qn1/3P4/1PP3Q1/rN1KR1R1 w - - 3 32,g2g4 a1b1 d1e2 f8e8,1737,80,93,1478,hangingPiece mate mateIn2 middlegame short
7VGrm,5b1r/Qbp3pp/p1k5/P2q4/2pP4/8/1P3PPP/R3R1K1 w - - 0 22,e1e5 d5e5 d4e5 f8c5 a7c5 c6c5,1879,73,94,7900,crushing long master middlegame sacrifice trappedPiece
efJMW,3r1rk1/1Q3pb1/7p/p1p4P/2bNPp2/qPP2Pp1/P5P1/1K1R1N1R w - - 0 30,d4c2 d8d1,1171,85,94,1315,hangingPiece master mate mateIn1 middlegame oneMove queensideAttack
jPhFJ,8/2q2k1Q/2p5/2P1p3/3pP3/3P4/p3KP2/r7 b - - 1 50,f7f6 h7c7 a1e1 e2e1 a2a1q e1e2,1467,77,93,3045,crushing endgame hangingPiece long
nDiOD,rn2k2r/pp2bp1p/2p1pp2/8/8/2BP1B1P/qPPKQPP1/3R2R1 b kq - 3 16,b8d7 d1a1 a2a1 g1a1,1340,77,92,1226,advantage middlegame short trappedPiece
xsxYp,r1b2rk1/ppp1n1pp/2n1p3/8/3PBp2/P1N1B3/1PP2PqP/R2QKR2 b Q - 1 13,g2h2 f1h1 h2h1 e4h1,1353,76,89,537,advantage master opening short trappedPiece
qRGJw,3r1rk1/1pp2ppp/p2q1nb1/n7/P1BP4/2P2N1P/2PQ1PP1/R1B1R1K1 w - - 1 18,c1a3 a5c4 a3d6 c4d2 d6f8 d2f3,1451,77,95,6033,advantage hangingPiece long middlegame
5nehU,r4rk1/p4ppp/2p1pqb1/2b5/6P1/2P1BN1P/PP2QP2/R4RK1 b - - 2 16,c5d6 e3g5 f6g5 f3g5,1824,77,92,918,advantage middlegame short trappedPiece
9E2fn,3rr3/pp3pk1/3pp1p1/2p3Np/2P1PP1q/2P1Q3/PP4PP/5RK1 b - - 4 23,f7f6 g2g3 h4g4 h2h3 g4g5 f4g5,1670,75,95,2937,crushing endgame long trappedPiece
UB6y5,r3k2r/p2n2bn/1Np4p/2Ppp2P/4pBp1/4P1P1/1P3P2/R3KB1R b KQkq - 1 21,a7b6 a1a8 e8e7 a8h8 g7h8 f4h6,1441,79,91,2959,advantage hangingPiece long middlegame
DGkUc,4rr1k/ppp2Npp/2n5/6q1/3P4/1QP2b2/PP3PPP/R3R1K1 b - - 1 18,f8f7 e1e8 f7f8 e8f8,1176,76,98,1212,backRankMate hangingPiece mate mateIn2 middlegame short
nwDs2,r1b1r1k1/1p3ppp/1q1P4/p2QB3/2B1n3/P4N2/5bPP/R2K3R b - - 1 23,c8e6 d5e4 e6c4 e4c4 e8e5 f3e5,1276,75,94,956,advantage hangingPiece long middlegame
mYfsM,2r2rk1/p3qppp/bp2pn2/2p5/Q2P4/2N1PN2/PP3PPP/R2R2K1 b - - 6 16,a6c4 a4c4 c5d4 c4d4,1369,80,87,1108,advantage hangingPiece middlegame short
SmfyV,3r2k1/p4ppp/1p2pb2/8/3P4/PP2R3/1B2qP1P/1Q4K1 b - - 1 27,e2d2 b2c3 d2e3 f2e3,1990,75,96,2044,advantage endgame master short trappedPiece
9cUPL,8/4pk1R/3p1pp1/5n2/8/3K4/6PP/8 b - - 0 43,f7e6 g2g4 f5h4 h7h4,1316,77,92,966,crushing endgame master short trappedPiece
iBt4p,2kr3r/ppp2ppp/2nbp3/7q/2PP2b1/5NP1/PP2BP1P/R1BQ1RK1 b - - 0 11,c6d4 f3d4 g4e2 d1e2 h5e2 d4e2,1832,80,92,2006,advantage hangingPiece long middlegame
4x6Zf,k4r2/pp2b1rp/2q1P3/3N1B2/2pP2p1/2P3P1/PP1B3P/1R3Q1K w - - 1 36,d2h6 c6d5 f1g2 d5f5,1788,78,92,1382,advantage deflection hangingPiece middlegame short
jz8c8,r1b4k/ppn1b2n/2p1p3/4P2Q/2P2r1P/P1NqN1P1/1P3P2/R3K2R b KQ - 0 24,f4f8 a1d1 d3d7 d1d7,1462,75,88,704,advantage middlegame short trappedPiece
o2Gvf,1R6/5ppk/4p2p/3pP3/2p5/2B3P1/r3nPKP/4N3 w - - 6 30,b8b2 e2c3 b2a2 c3a2,1348,77,85,1368,crushing endgame hangingPiece short
MXVLo,r2q1rk1/p3bppp/bnp2p2/8/PppP4/4P3/NP1NBPPP/2RQ1RK1 b - - 11 13,b6a4 d1a4 a6b5 a4d1,1647,80,92,1876,advantage defensiveMove hangingPiece opening short
eef9M,5r2/pppq3k/3pN1rp/3Pbp2/2P5/7P/PPQ5/R6K b - - 1 29,g6g3 e6f8 h7g7 f8d7 g3h3 h1g1,1803,76,92,572,crushing defensiveMove fork hangingPiece long middlegame
p7ce9,r1b1k2r/ppppqppp/6n1/2bQP3/1n6/4PNB1/PPP2PPP/RN2KB1R w KQkq - 1 8,d5e4 d7d5 e4b4 c5b4,1587,77,90,4198,advantage opening short trappedPiece
61Cka,2kr3r/ppp1q3/4b2b/1N2Pp2/3p3p/P2B3P/1PPN1P1Q/2KR3R w - - 0 22,d3c4 e6c4 b5a7 c8b8 a7c6 b7c6,1574,78,92,2374,crushing long middlegame pin trappedPiece
EavRE,4r3/8/8/6R1/8/8/3K1p2/5k2 b - - 1 70,e8e5 g5e5 f1g2 e5g5 g2f3 g5f5,1754,76,87,1569,crushing endgame hangingPiece long rookEndgame
oLM1a,3r2k1/ppp1bppp/8/3r4/1P6/P1n1PN1P/2P1BPP1/3R1RK1 w - - 9 19,d1d5 c3e2 g1h2 d8d5,1396,75,92,14286,advantage hangingPiece intermezzo kingsideAttack middlegame short
40gy6,3r2k1/1p3pp1/p2r1n1p/4q3/1P2pN2/P3P2P/2Q2PP1/R2R2K1 w - - 0 24,d1d6 e5a1 g1h2 d8d6,1184,79,94,2481,advantage hangingPiece intermezzo master middlegame short
7Polc,2r1r1k1/5p2/2p2n1p/1p3Pp1/p1pP2N1/2P2P1P/PP4K1/R3R3 b - - 1 32,e8e1 g4f6 g8g7 f6h5 g7f8 a1e1,1500,77,97,17234,crushing endgame hangingPiece kingsideAttack long
ho1GU,2kr2r1/1q3p1p/pQR1p3/3pBb2/5P2/NP2P3/P2P2PP/5RK1 b - - 0 21,b7c6 b6c6,1690,79,91,5244,hangingPiece mate mateIn1 middlegame oneMove queensideAttack
5Da2D,1r4k1/2R2pbp/3p1np1/1Bn1p3/Pq2P3/4BQ1P/5PP1/4R1K1 w - - 4 22,e3c5 b4e1 g1h2 d6c5,1694,76,92,2839,advantage hangingPiece intermezzo middlegame short
XuENx,r2qk2r/pp3ppp/2nbp3/3B2B1/8/5b2/PPP2PPP/R2QR1K1 w kq - 0 13,d1f3 d8g5 d5c6 b7c6 f3c6 e8e7 c6b7 e7f6,1679,77,93,1679,advantage defensiveMove hangingPiece middlegame veryLong
5yrEn,8/5B2/1p2Pk2/1P3p2/1b1P4/3K4/1P6/8 w - - 1 54,e6e7 f6f7 e7e8q f7e8,1547,76,96,7632,bishopEndgame crushing endgame hangingPiece master short
aROM4,r2qk2r/1pp2ppp/p1nbpn2/3p4/3P1B2/1QP1PB2/PP3PPP/RN2K2R w KQkq - 3 9,b3b7 c6a5 b7a8 d8a8,1388,78,94,953,advantage opening short trappedPiece
fb3hQ,2k1r3/pp3pp1/2p1q2p/3pN2r/3P1Q2/5PP1/PPP4P/4R1K1 b - - 2 25,g7g5 f4g4 e6g4 f3g4 h5h3 g1g2 h3h2 g2h2,1908,74,94,7188,crushing endgame trappedPiece veryLong
8Gm6u,8/8/3k4/1pnP1pP1/pK6/5B2/8/8 b - - 0 44,d6e7 b4c5 a4a3 d5d6,1712,75,97,2719,crushing endgame hangingPiece short
VjXV1,4rrk1/p1ppRqpp/1p1n1p1B/8/6Q1/2P2P2/P4P1P/4R1K1 w - - 1 22,e7f7 e8e1 g1g2 f8f7,1217,82,93,7533,advantage hangingPiece intermezzo middlegame short
IHeHh,r2q1rk1/6bp/p2p2p1/1bpPn3/2n1PB2/2N2NPP/1PQ1P1B1/R4RK1 b - - 0 21,f8f4 g3f4 e5f3 f1f3,1945,80,88,1165,advantage hangingPiece middlegame short
Dee20,1r3rk1/4bppp/p1bp1n2/q1p1p3/1PP1P1P1/P1N1BP2/4B2P/1R1Q1RK1 b - - 0 17,a5a3 b1b3 a3b3 d1b3,1733,77,92,5729,advantage middlegame short trappedPiece
Jqio4,7r/p1kqbR2/2p1p3/1p2P3/1P1P2Q1/P3n2r/3Q3P/2R3K1 w - - 1 36,d2e3 h3e3 g4g7 h8e8,1878,80,88,668,advantage defensiveMove hangingPiece middlegame short
cYeb5,rn3rk1/pp3ppp/4p1b1/1B1pP1B1/P2P4/8/1P3PPP/R1R3K1 b - - 4 19,a7a6 g5e7 a6b5 e7f8,1129,80,95,6269,crushing master middlegame short trappedPiece
Sgf7O,r1bq2r1/pp1kpQ2/3pnnpp/8/3PP3/2N2N2/PP3PPP/R1B1K2R w KQ - 2 15,e1g1 g8g7 f7g7 e6g7,1684,75,88,642,advantage opening short trappedPiece
4olBF,5b2/5K2/7p/6pP/2k3P1/5P2/8/8 b - - 9 59,c4d4 f7f8 d4e3 f8g7 e3f3 g7h6,1368,76,94,8780,crushing endgame hangingPiece long master
nA8eo,8/6p1/5pk1/4p2p/4R2P/5P1r/5K2/8 b - - 2 63,g6f5 f2g2 h3h4 e4h4,1272,75,100,1621,advantage endgame rookEndgame short trappedPiece
JlyU6,4r3/2q1nkpp/r1p1Rp2/p2p4/8/1BQ5/P1P2PPP/4R1K1 w - - 6 29,b3d5 e7d5 c3h3 d5f4 e6e8 f4h3,1804,76,94,11903,crushing fork hangingPiece long middlegame
VnPYs,4r1k1/5pb1/3N2p1/1p1n4/8/P4P2/1P5P/R1B1rR1K w - - 2 28,d6e8 e1f1 h1g2 d5e3 c1e3 f1a1 e8g7 g8g7,1236,81,90,1202,advantage hangingPiece middlegame veryLong
6bxV8,5rk1/5pp1/p1Qbp2p/1p1q4/3P4/4P2P/PPR3P1/3N2K1 b - - 6 27,d5a2 c6d6 a2b1 c2d2,1714,78,92,3290,advantage defensiveMove endgame hangingPiece short
kNp00,rnb2rk1/ppp2pp1/7p/4q3/8/3B4/PPP2PPP/RN1QK2R w KQ - 0 11,d1e2 e5b2 e1g1 b2a1,1330,75,91,1083,crushing middlegame short trappedPiece
s7XU9,1r2k2q/Q2b1r1p/4p2P/1B4BR/3P4/2P5/P1n2PP1/R3K3 w Q - 1 24,e1f1 d7b5 f1g1 f7a7,1681,78,94,26460,crushing discoveredAttack hangingPiece middlegame short
tDHL7,r1bqkb1r/p2np2p/2p2p2/1p4Nn/2pP3B/2N1P1P1/PP3P1P/R2QKB1R b KQkq - 0 10,f6g5 d1h5,1062,79,93,1063,hangingPiece mate mateIn1 middlegame oneMove
Ca3TA,1r6/2p2pkp/pp1pbqp1/2r5/2P5/QP4PP/P3PPB1/2RR2K1 w - - 0 21,a3a6 c5a5 a6a5 b6a5,1330,79,92,6328,advantage middlegame short trappedPiece
RzLKp,r1b1kb1r/ppp3pp/3p4/5P2/6P1/2Q5/P1P1KP1P/RNq3NR b kq - 3 12,c8d7 b1d2 c1a1 c3a1,1579,76,94,7692,crushing middlegame quietMove short trappedPiece
EwKHu,5rk1/p1R5/6bp/4n3/2B2q2/6QP/6P1/7K b - - 3 43,e5c4 g3g6 g8h8 g6g7,1150,75,97,515,endgame hangingPiece mate mateIn2 short
HvlNv,6k1/Qb2q1p1/2p2r2/4p2p/2Pp4/1P1P2P1/P4P1P/R4RK1 w - - 1 26,a7b8 f6f8 b8a7 f8a8 a7b6 a8a6 b6a6 b7a6,1562,77,96,5029,advantage defensiveMove endgame trappedPiece veryLong
Q2GeP,4r1k1/p1p3p1/1pPnpq1p/7P/1P4Q1/P1N3P1/5P2/4R1K1 w - - 2 34,c3d5 e6d5 e1e8 d6e8,1493,78,87,896,advantage endgame hangingPiece short
k9fId,6k1/4np2/pp2p1pp/q2pP3/P2P4/1Pr1PN1P/3Q1KP1/3B4 b - - 0 32,c3c6 b3b4 a5b4 d2b4,1512,77,94,2941,advantage endgame short trappedPiece
7ss32,r4r2/pp1b2bQ/n2p1kp1/q1pP1pN1/2P5/P2B3P/R4PPN/4R1K1 w - - 5 24,g5e6 a5e1 h2f1 d7e6,1643,78,91,5771,crushing hangingPiece middlegame short
1H7NI,r2r4/ppp2kbN/2n4p/6p1/5p2/1PPB1N2/PB4PP/R5K1 w - - 1 23,d3c4 f7g6 h7g5 h6g5,1245,74,89,1838,advantage defensiveMove middlegame short trappedPiece
6WH3T,r1b1r1k1/pp2bppp/8/2n1P3/3B1P1P/P1N3P1/1PQ2KB1/2R4q b - - 1 23,h1h2 c1h1 h2h1 g2h1,1184,77,95,4639,advantage master middlegame short trappedPiece
uxIQm,3rr3/pb2qpk1/1pn1pn1p/6p1/2PP2NB/P3Q3/5PPP/RB1R2K1 w - - 0 23,h4g5 f6g4 g5e7 g4e3 e7d8 e3d1,1404,79,93,3161,advantage hangingPiece long middlegame
D1kGw,2Q5/3r2k1/p2pq2p/1pp3p1/3b4/P3p1PP/1P2K1P1/5R2 b - - 7 38,d7f7 c8e6 f7f1 e2f1,1180,75,95,1783,crushing endgame hangingPiece short
5Yyq9,rn2k2r/p3bp1p/2p2pb1/qB2p3/3P4/1QP2P2/PP1BN1PP/R4RK1 b kq - 0 16,c6b5 b3d5 e8g8 d5a8 a5a6 a8d5 f8d8 d5b3,1908,74,96,13554,advantage middlegame trappedPiece veryLong
IAwtd,r2q1b1r/pp2pkpp/2n2n2/2p1P3/6b1/2N2N2/PPPP2PP/R1BQK2R b KQ - 0 8,c6e5 f3e5 f7g8 e5g4,1109,75,96,2779,crushing hangingPiece middlegame short
GHtEu,r1b1k2r/1p4pp/p1n1p3/5p2/1b1PN3/5N2/PP1B1PPP/R4RK1 w kq - 0 13,d2b4 f5e4 f3e5 c6b4,1701,77,93,3837,advantage hangingPiece intermezzo middlegame short
oy56A,r2qk2r/pp2bppp/2p1bn2/3n4/2BP4/2N2N2/PP2QPPP/R1B1K2R b KQkq - 2 11,d5f4 c1f4 e6c4 e2c4,1282,75,95,1050,advantage hangingPiece opening short
djyxa,r4rk1/5pp1/p3pb1p/1pp5/2P1R3/qB1P4/P4PPP/1R2Q1K1 b - - 0 23,b5c4 e4c4 a6a5 c4a4 a3b4 a4b4,1751,75,89,1652,advantage long middlegame trappedPiece
lXCO7,r4rk1/pp2bppp/1qn1pn2/3p2B1/3P2b1/P1N2N2/1PP1BPPP/R2QR1K1 b - - 0 11,b6b2 c3a4 b2a1 d1a1,1648,75,94,6695,crushing middlegame short trappedPiece
T7UZG,r3q1kr/1p4pN/pn2pp2/3pP2Q/3P4/P7/1P3PPP/2R2RK1 w - - 0 21,h5e8 a8e8 h7f6 g7f6,1189,79,89,1275,advantage master middlegame short trappedPiece
p9dCb,2r1r1k1/pp3pb1/5q1p/3pN1p1/3P1pQP/2P5/PP1B2P1/1K3R2 b - - 2 24,e8e5 g4c8 g8h7 d4e5,1774,77,93,4097,crushing hangingPiece intermezzo master middlegame short
VOkZ2,5B2/3k4/r3pp2/2np2p1/P1p5/R1P1PK1P/5PP1/8 b - - 2 36,a6a4 f8c5 a4a3 c5a3,1124,80,92,1844,crushing endgame hangingPiece short
IxdSF,8/2P5/3P1k2/8/3b2q1/pB6/6N1/3RK3 b - - 6 51,g4f3 d1d4 f3g3 e1f1,1478,78,91,1537,crushing defensiveMove endgame hangingPiece master short
Ev0Ik,r1b2rk1/pp2bppp/1qn1pn2/8/1PBP1B2/P1N2N2/5PPP/R2Q1RK1 b - - 0 12,f8d8 c3a4 b6d4 f3d4,1628,75,94,10672,crushing middlegame short trappedPiece
xnuZ7,4r1k1/6p1/7p/1P2qp2/4bR2/3B3P/2P1Q1P1/7K w - - 1 30,d3e4 e5f4 e4d5 g8f8,1938,78,93,4090,advantage defensiveMove endgame hangingPiece short
92fyO,r2qrb1k/pp5p/2pp2b1/4n2p/3QNB2/6R1/PPP2PPP/4R1K1 b - - 5 20,d8f6 e4f6 e5f3 g2f3,1597,78,94,1043,crushing hangingPiece middlegame short
IggeL,6RR/4kp2/1p4p1/8/2QP3p/1p2P2P/2q2PNK/8 w - - 1 48,c4c7 c2c7 g2f4 b3b2,1482,79,93,8903,advancedPawn advantage endgame hangingPiece master short
eqFxf,rn1qk2r/pp3ppp/4bn2/2b3B1/3p4/2N2N2/PPPQ1PPP/R3KB1R w KQkq - 0 9,c3e4 f6e4 g5d8 e4d2 f3d2 e8d8,1281,79,92,1294,advantage hangingPiece intermezzo long opening
SY3Bx,rn1qk1nr/ppp1bpBp/3pb3/3P4/8/1P2Pp2/P1P2PPP/RN1QKB1R b KQkq - 0 7,f3g2 f1g2 e6f5 g7h8,1535,75,99,3268,advantage opening short trappedPiece
QNPDV,rnbq1k1r/pppp2b1/4pn1p/5pp1/2PP4/2NBPQ2/PP3PPP/R1B1K1NR w KQ - 0 8,g1e2 g5g4 f3f4 f6h5 h2h3 h5f4,1206,81,88,1329,crushing long opening trappedPiece
awqq3,1r3rk1/Qp1q1ppp/3bpn2/2pp1b2/2PP4/2N1PN2/PP3PPP/R3KB1R w KQ - 1 10,c3b5 b8a8 a7b6 a8a6 b6d6 a6d6,1548,78,95,18918,crushing long middlegame trappedPiece
YcsrV,4r1k1/pp2qbpp/5p2/2Rp4/5PP1/1P2P2P/P2Q1KB1/8 w - - 1 27,g2d5 e7c5 d5f7 g8f7,1537,75,90,2305,crushing endgame hangingPiece short
xeYTf,b3B1k1/1q3ppp/2n2b2/8/1P1R4/6P1/4Q2P/5RK1 w - - 0 34,e8c6 f6d4 g1g2 b7c6,1209,77,100,1632,crushing hangingPiece intermezzo middlegame short
LmilH,5rk1/p4p1p/1p5p/nP3q2/2P3n1/4RbP1/P1N2P1P/R1Q3K1 w - - 2 24,e3f3 f5f3 c1f4 f3f4,1255,80,86,909,advantage hangingPiece middlegame short
naG1V,6r1/4qp1p/4p2k/4P1pP/8/1P1R1Q2/P4P2/6K1 w - - 3 39,d3d7 e7d7 f3f6 h6h5,1992,82,91,4948,crushing endgame hangingPiece short
4WReT,r3k2r/1pp2ppp/p1npbq2/2bN4/Q1P1P2P/P4P2/1P1BBP2/R3K2R b KQkq - 2 15,f6b2 d2c3 b2c3 d5c3,1828,76,85,815,advantage middlegame short trappedPiece
TnIgH,4k3/3rb2q/1pQ2r2/p7/3PRN2/7P/PP3PP1/6K1 w - - 1 29,c6f6 h7e4 f6h8 e7f8,1088,84,92,1035,advantage endgame hangingPiece short
Um2Xk,7Q/kpq5/p1b3RP/2P5/3pr3/P5P1/5PK1/7R w - - 0 40,g6c6 c7c6 g2h2 e4e6,1984,77,91,1777,advantage endgame hangingPiece short
DcplN,r7/p1q2Nkp/bp1bp3/3p1p1Q/1n1P1P2/4P3/PP1N2PP/RBB3K1 w - - 3 23,f7g5 c7c1 g1f2 c1d2 f2g3 d2e3,1680,76,95,8808,crushing deflection fork hangingPiece long middlegame
j9cL8,2r2bk1/2N2pp1/1p2p2p/1P2P2P/8/2n2NP1/1R1Q1PK1/1q6 b - - 14 39,b1a1 d2c3 c8c7 c3c7 a1b2 c7b6,1315,76,100,671,advantage hangingPiece long middlegame
b4dEf,2r3k1/p1r2p1p/4b1pB/3p1q2/8/8/PP2QPPP/1RR3K1 w - - 2 26,c1c7 f5b1 e2f1 b1f1 g1f1 c8c7,1180,75,99,3006,crushing hangingPiece long middlegame
mN7ol,r2qkb1r/pp3ppp/2n1p3/3p4/3PN1PN/3Q3P/PPP2P2/R1B2RK1 b kq - 0 12,d8h4 c1g5 d5e4 d3e3 h4g5 e3g5,1768,75,95,4555,advantage long middlegame sacrifice trappedPiece
pwtAW,8/8/8/5k2/4ppp1/8/4KP1N/8 w - - 2 53,e2f1 g4g3 f2g3 f4g3 f1g2 g3h2,1703,75,89,1469,advancedPawn crushing endgame knightEndgame long trappedPiece
66rdq,r3kbnr/ppp1pppp/2n5/5q2/4N1b1/3P1N2/PPP1QPPP/R1B1KB1R b KQkq - 0 8,c6d4 f3d4 g4e2 d4f5,1315,78,92,6815,advantage hangingPiece opening short
HcIbN,r2qr1k1/ppp3bp/5np1/3Pp3/4B3/1P2B2P/P2Q1PP1/2R2RK1 w - - 3 20,e3g5 f6e4 g5d8 e4d2,1008,77,89,526,crushing hangingPiece middlegame short
zmtnV,2k5/ppp2pb1/3p4/8/4P1n1/2PPB1r1/PP1KB3/6R1 b - - 3 24,g3e3 e2g4 c8d8 d2e3,1596,78,94,1368,crushing endgame hangingPiece master short
IydE8,5rk1/pq1Nnpb1/1r2b2p/1B1p1p2/3P4/P1N4P/1P1Q1PP1/2R1R1K1 b - - 11 23,e6d7 e1e7 b6b5 c3b5 b7b5 c1c5,1849,77,93,1608,advantage clearance hangingPiece long middlegame
xajrT,7r/1p2k3/1p2p3/3pP2b/3P1pPn/1N3P2/PP3K2/7R b - - 1 35,h5g4 f3g4 e7f7 b3d2 h4g6 h1h8,1799,76,89,1483,crushing endgame hangingPiece long quietMove
sdS3t,r4rk1/4bppp/p1pppn2/q1p3B1/4P3/1P1P2QP/P1P1NPP1/R4RK1 b - - 7 13,f6e4 d3e4 e7g5 g3g5,1363,76,93,1425,advantage hangingPiece middlegame short
0d90g,2r3k1/pQp3p1/3p1qPp/2pP1b2/4R3/5P2/PPr5/K2R4 b - - 7 28,f5e4 b7c8 f6f8 c8e6 g8h8 e6e4,1701,80,88,1216,advantage endgame fork hangingPiece long
Bi1MJ,8/8/2b2k2/8/8/8/1K1RN1r1/8 w - - 3 49,e2d4 g2d2 b2c3 d2d1,1687,77,94,4205,crushing endgame fork hangingPiece master short
Qdx89,6k1/p4pp1/1p2p2p/3p4/3P4/2RNP1P1/qP1n1PP1/2R3K1 b - - 1 27,d2e4 c3a3 a2a3 b2a3,1823,74,93,1787,crushing endgame short trappedPiece
165b0,2rq1rk1/3nbppp/b3p3/3pP3/1p1Q1B1P/1N1n1NP1/PP3PB1/RR4K1 b - - 1 20,c8c4 d4d3 c4c1 b3c1 a6d3 c1d3,1888,80,92,2128,advantage hangingPiece long master middlegame
Rdf0S,1r6/6pk/7p/5P2/5n2/3P1P1q/Q2R4/5R1K w - - 3 35,d2h2 h3f1,1025,82,94,1599,endgame hangingPiece mate mateIn1 oneMove
4z4n8,6k1/3R2pp/8/b7/1pnK4/8/5PPP/8 b - - 1 39,c4b6 d7a7 b4b3 a7a5 b3b2 a5b5,1683,75,95,1667,advantage endgame long trappedPiece
IajOr,r1b1kb1r/pp2pppp/2n2n2/1Bp5/5P2/2N2N2/PPqPQ1PP/R1B2RK1 b kq - 1 8,c8d7 b5d3 c2d3 e2d3,1669,71,95,17901,crushing opening short trappedPiece
FfoMb,4Qr1k/5Ppp/8/2p4n/8/8/PPb2q2/1KR3R1 w - - 0 29,c1c2 f2g1 c2c1 g1g6,1436,78,92,1548,crushing endgame hangingPiece short
wHVSc,r2r3k/pp3Bp1/6Qp/6N1/4R3/7P/5PP1/3q2K1 w - - 4 28,e4e1 d1e1 g1h2 e1e5 g2g3 e5g5,1378,77,97,2376,crushing hangingPiece long middlegame
fMaTI,3r4/pp2n2k/2p2Q1N/5P2/6K1/6P1/PP5q/R7 b - - 0 36,h2h6 f6e7 h6g7 e7g7,1585,78,93,1683,crushing endgame fork hangingPiece short
ZpTG6,r7/p7/3P3p/1pR3p1/1k3pP1/1r6/P4KP1/3R4 w - - 0 32,a2b3 b4c5 d6d7 a8d8,1365,79,93,1048,crushing endgame hangingPiece rookEndgame short
8ED5l,rn3rk1/1b4pp/4p3/pp2Pp2/2pPp3/2P1q1B1/PPQ1B1PP/R4R1K b - - 1 18,f5f4 g3f2 e3d3 e2d3,1588,75,91,3862,advantage middlegame short trappedPiece
DTxQW,2kr1b1r/ppqnppp1/5n1p/3p1b2/3P4/5NP1/PP1NPPBP/R1BQR1K1 w - - 0 10,b2b3 f5c2 d2c4 c2d1,1752,80,96,29141,crushing opening short trappedPiece
mxsvy,8/8/4K1k1/8/5p1P/5bN1/8/8 w - - 0 45,g3e4 f3e4 e6e5 f4f3 e5e4 f3f2,1045,77,94,541,advancedPawn crushing endgame hangingPiece long
elZ25,r6k/6pp/6n1/5Q2/r2P1P1q/8/2P1N1PP/R3R1K1 w - - 0 30,a1a4 h4e1,1295,81,89,543,hangingPiece mate mateIn1 middlegame oneMove
IUiFE,1r4k1/4nppp/4p3/1bqpP3/5PP1/5N2/6BP/1Q3R1K b - - 3 27,b5f1 b1b8 c5c8 b8c8 e7c8 g2f1,1068,75,100,562,advantage hangingPiece long middlegame
Kn35R,2rqk1nr/p3b1pp/2b2p2/8/4Q3/2N5/PP1B1PPP/R3K1NR w KQk - 2 15,e4e2 c6g2 e2g4 g2h1,1166,83,92,915,crushing opening short trappedPiece
GUnkB,4rrk1/1p5p/1q4pb/8/p1PpN3/P2n3P/1P2RPP1/1RBQ2K1 b - - 0 24,h6c1 d1d3,1688,79,88,1226,advantage hangingPiece middlegame oneMove
5QQK3,r1b2r1k/4Nppp/pb3n2/2N5/8/7P/PPP2PP1/R1B2RK1 w - - 3 18,e7c8 b6c5 c8e7 c5e7,1511,80,91,5175,advantage hangingPiece master middlegame short trappedPiece
lbSeu,r1b1k2r/1p1p1ppp/p1n1p3/7q/4PPn1/2P1B3/PPQ1B1PP/RN3RK1 w kq - 3 14,h2h3 g4e3 c2d3 h5c5,1801,73,95,9369,crushing fork hangingPiece opening short
kNduw,r5k1/pp4p1/2p1P2p/1P1p4/3q4/P5r1/B5N1/R3Q1KR w - - 3 28,e1f2 d4a1 g1h2 g3h3 h2h3 a1h1,1952,75,87,535,advantage attraction deflection exposedKing hangingPiece long middlegame
1DQTQ,r2b4/PR1P4/8/2pk1p1p/5B2/1P6/5PP1/5K2 w - - 1 45,f4b8 d5c6 b8d6 c6b7,1429,75,94,10792,advantage endgame master short trappedPiece
7wpY8,4r1k1/pp2r3/2p1p1Q1/3p2N1/6PK/1P6/P6P/3q4 b - - 0 28,e7g7 g6e8,1146,86,93,679,endgame hangingPiece mate mateIn1 oneMove
qmeG5,r4k1b/p3p3/4p1P1/qB1p1bN1/3P1Pn1/2p3K1/P7/1R5Q b - - 5 27,c3c2 h1h8,1234,78,93,6758,hangingPiece mate mateIn1 middlegame oneMove
S75AT,3r4/pp2bkpR/2n2p2/5b2/2p4P/2P2NB1/P1P1BPP1/6K1 w - - 2 26,e2c4 f7g6 h7g7 g6g7,1673,75,94,9761,advantage defensiveMove middlegame short trappedPiece
8vpe4,r3kb1r/ppp1qppp/2b2n2/4p1B1/8/2P2N2/PP3PPP/RN1Q1RK1 w kq - 0 11,f3e5 e7e5 f1e1 f6e4,1759,75,88,973,advantage hangingPiece opening short
HzX78,3q1rk1/2p4p/4b1p1/4Q3/2P5/n1PBP3/Pr1NK1P1/7R b - - 0 27,a3c4 e5e6 f8f7 e6c4,1554,75,87,1139,crushing fork hangingPiece middlegame short
FkzxN,5r1k/pp6/8/2p1p1b1/2Q4P/5q2/PP3PR1/6K1 b - - 0 29,g5h4 c4h4 f3h5 h4h5,1093,79,94,782,endgame hangingPiece mate mateIn2 short
Di5h7,rn2r1k1/6p1/4N3/p1Q2P2/P7/2P3P1/b3RK1P/1q6 b - - 0 34,b1f5 c5f5 a2e6 e2e6 e8f8 e6e8 f8e8 f5d5,1785,80,93,814,advantage hangingPiece middlegame pin veryLong
NsijK,r1bqk2r/pp1pppbp/2N3p1/4n3/8/8/PPP1BPPP/RNBQ1RK1 b kq - 0 9,b7c6 f2f4 d7d5 f4e5,1739,76,89,1061,advantage opening short trappedPiece
dEeyh,5rk1/ppq2ppp/2p2p2/4r3/2B5/bP3Q1P/P1P2PP1/R2R2K1 b - - 3 19,a3b2 a1b1 b2a3 b3b4 a3b4 b1b4,1778,80,89,848,advantage long middlegame quietMove trappedPiece
oTLdG,5r1k/4r1p1/7p/p4p2/3N1P2/6Q1/PqB3PP/3R2K1 w - - 0 30,d4f5 b2c2 f5e7 c2d1,1480,82,93,24632,crushing fork hangingPiece middlegame short
mf3FG,r7/pp2kp2/3Np2p/3p2n1/1n1P2Pq/4B2P/PPP1K3/R4BNR b - - 0 18,e7d6 e3f2 h4f2 e2f2,1805,74,94,9222,crushing middlegame short trappedPiece
Hlm0H,rnb1k1nr/1pQp1p1p/1B2pbp1/4P3/2B5/8/P1p2PPP/qN3RK1 b kq - 0 14,a1b1 c7c8 f6d8 c8d8,1597,76,96,7827,hangingPiece mate mateIn2 middlegame short
Gn3AC,r3k2r/2p2pp1/p2b1q1p/1p5b/3pP1N1/1P1P1N1P/P4PP1/R2Q1RK1 b kq - 3 20,f6f4 g2g3 f4g4 h3g4,1584,77,93,9281,crushing middlegame short trappedPiece
UnDph,r1b2rk1/1p3ppp/1qn1p3/p1Nn4/3P4/P4NP1/1P2BP1P/R2Q1RK1 b - - 1 14,b6b2 c5a4 b2a1 d1a1,1803,79,92,778,advantage middlegame short trappedPiece
mQ4tx,r2r2k1/1p3pp1/p1n1b2p/3p1q2/5P2/Q1P1PNP1/P4KP1/3R1B1R b - - 2 19,f5e4 f1d3 e4d3 d1d3,1330,76,91,4307,crushing master middlegame short trappedPiece
D3HDy,r4rk1/1b1pnppp/p2qp3/1p1N4/4P3/1P2PN2/PP2Q1PP/2R2RK1 w - - 2 16,e4e5 d6d5 f1d1 d5e4,1534,78,94,9915,advantage hangingPiece middlegame short
8NVq4,2rr4/4kp1Q/p3b1p1/1p2q3/7R/P2B3P/2P3P1/5R1K w - - 3 28,d3g6 d8h8 h4e4 h8h7 e4e5 f7g6 f1e1 c8c6,1921,77,94,8138,crushing middlegame trappedPiece veryLong
1uv98,r4r1k/p4Rpp/7q/3Q4/2P5/6P1/P5P1/6K1 b - - 0 27,f8f7 d5a8 f7f8 a8f8,1393,82,87,1152,endgame hangingPiece mate mateIn2 short
0b2ii,2r2rk1/pp3p2/3p1P1R/1P2q3/P1B1P3/5n2/3Q2P1/2R3K1 w - - 5 36,g1f2 f3d2 h6g6 g8h7 g6g7 h7h6 c1h1 e5h5,1451,77,88,1402,advantage hangingPiece middlegame veryLong
CbuPh,rn1qk2r/ppp2ppp/1b1p4/4Pb2/1PP1n3/P2BP3/5PPP/RNBQK1NR w KQkq - 3 8,f2f3 d8h4 g2g3 e4g3 h2g3 h4h1,1395,73,94,33284,advantage long opening pin trappedPiece
xPxP4,r1b1r1k1/pp3p2/2n2qp1/2p1p2Q/2Bp1P1P/1P2P3/PBPP4/R3K1R1 w Q - 0 21,c4f7 g8f7 h5h7 f6g7 h7g7 f7g7,1724,76,93,726,advantage hangingPiece long middlegame
c9Eb0,3r2k1/p3qpp1/1pN1p2p/8/8/1Q5P/PP1r2P1/2R1R1K1 b - - 3 25,d2g2 g1g2 d8d2 g2h1,1834,76,92,1103,advantage defensiveMove hangingPiece middlegame short
ZYhza,4r2k/qp3Q1p/5bp1/2p2b2/8/P6P/5PB1/R5K1 b - - 1 36,a7b8 f7f6 h8g8 g2d5 f5e6 d5e6 e8e6 f6e6,1054,76,98,778,crushing hangingPiece master middlegame veryLong
HasEq,3r1rk1/p1p2ppp/b1p2q2/8/4B3/1R6/P1P2PPP/3QR1K1 w - - 6 16,e4h7 g8h7 b3h3 h7g8 d1h5 f6h6 h5h6 g7h6,1454,77,93,9979,advantage hangingPiece master middlegame veryLong
yYLMO,2r2r1k/pp3p1p/1q3np1/2n1pNQ1/4P3/5P1P/PPp1p2P/R5RK b - - 3 24,c5e6 g5f6 e6g7 f6g7,1131,79,95,11260,hangingPiece kingsideAttack mate mateIn2 middlegame short
iGjNC,rn1qkb1r/ppp1ppp1/4bn1p/8/2pP4/2N1PN2/PP3PPP/R1BQKB1R w KQkq - 0 6,f1c4 e6c4 d1a4 b7b5,1436,77,91,1936,advantage hangingPiece opening short
MFi0s,3r4/1pn2k1p/pN2pbp1/2Pp1p2/PP6/8/5PPK/1R1R4 w - - 1 29,b6c4 d5c4 d1d8 f6d8,1175,78,92,7281,advantage endgame hangingPiece master short
2FkAj,8/1p5k/2p2b1P/2r2p1R/p3p1p1/P3P3/3rBPP1/1K5R b - - 2 36,d2a2 b1a2 c5c2 a2b1 c2b2 b1c1,1211,78,91,806,advantage endgame hangingPiece long
p94nA,r1b1kr2/2Bpqp2/p3pb1Q/1pp5/3nPP2/P1NPR3/BPP3PP/R5K1 w q - 1 18,a1c1 f8h8 h6f6 e7f6,1377,76,88,1774,advantage middlegame short trappedPiece
H3fFZ,2k3r1/1p3p2/p7/P1P5/3P3p/2q4P/6P1/R4Q1K w - - 0 33,f1f7 c3a1 h1h2 g8d8,1942,78,92,3389,crushing endgame hangingPiece short
kfuId,4k1r1/5p2/p3p3/1pr3Bp/6bP/P1P2n2/1P2B1R1/1K3R2 b - - 6 30,f3d2 g5d2 g4f5 f1f5 g8g2 f5c5,1717,78,90,674,advantage hangingPiece long middlegame
SDtYn,r4rk1/pp1nBppp/2p1p3/7b/3P4/2PB1N1P/PP4P1/R2nR1K1 b - - 1 15,f8e8 e7a3 h5f3 g2f3 d1c3 b2c3,1992,77,92,588,advantage long middlegame quietMove trappedPiece
Jv8C2,2r3k1/1p3pNp/5b2/2Pp4/1q2n3/3rB2Q/5PPP/2R2K2 b - - 0 25,f6g7 h3c8 g7f8 e3h6 d3d1 c1d1,1510,78,94,5002,crushing hangingPiece long middlegame pin
SE1VX,8/5ppk/7p/1PP5/P5R1/3r3P/r4qnQ/R4N1K w - - 2 38,a1a2 f2f1 h2g1 d3h3,1196,75,95,2806,deflection hangingPiece master mate mateIn2 middlegame short
Rji15,r1k1r3/pp1R2pp/2p1B3/P2n4/1B6/2PR4/6PP/6K1 w - - 3 30,d7b7 c8b7 e6d5 c6d5,1330,76,97,5878,advantage hangingPiece middlegame short
fUEyf,r5r1/3nbk2/p1p1q2p/1p1pPp2/3P1P2/2P3B1/PP2Q2P/R4R1K b - - 3 22,g8g4 e2g4 f5g4 f4f5 e6f6 e5f6,1645,79,92,1543,advantage long master middlegame sacrifice trappedPiece
rM1qx,3r1r1k/p6p/1p6/3pn1qP/4p1p1/2P1Q1B1/P1B2PP1/3R2K1 b - - 4 29,g5e3 g3e5 h8g8 f2e3,1151,76,99,2706,advantage hangingPiece intermezzo middlegame short
QeDOr,r3k2r/pppb1ppp/4p3/3nP3/4N2q/5Q2/PPP2PPP/R1B1K2R b KQkq - 2 11,d7c6 c1g5 h4e4 f3e4,1373,77,91,2802,advantage middlegame short trappedPiece
SM6T3,8/pp3k1p/2qrNb2/2p2pp1/PnP1p3/8/1P2QPPP/R2R2K1 w - - 0 24,d1d6 c6d6 e2h5 f7e6,1114,83,91,914,advantage middlegame short trappedPiece
HproU,5rk1/p4p1p/2p3p1/3p3B/2qNrR2/6QP/P5P1/5R1K w - - 6 29,f4e4 c4f1 h1h2 d5e4,1445,79,92,1042,advantage hangingPiece intermezzo middlegame short
3kpoS,r2qk2r/1p3ppp/p1n2b2/2PpNp2/1P3P2/2N5/P1P2PPP/1R1QK2R w Kkq - 0 13,e5c6 f6c3 e1f1 b7c6,1370,76,100,1101,advantage hangingPiece intermezzo middlegame short
j8NKE,rr6/3b1pkp/2pqp1p1/p1Nn4/Q2P4/PP5P/4BPP1/1R1R2K1 w - - 11 32,b1c1 d5b6 c5d7 b6a4,1867,75,95,6028,advantage master middlegame short trappedPiece
vVAaZ,6k1/p5pp/2pqr3/4p3/2PbP3/P1N4Q/R5PK/3R4 w - - 3 31,d1d4 e5d4 h2g1 d4c3,1245,83,93,1554,advantage discoveredAttack discoveredCheck endgame hangingPiece short
nMEab,4rrk1/2p5/1p6/pPpP3p/P2bp1Nq/1P4PP/2Q4K/3RR3 b - - 0 29,h5g4 g3h4 f8f2 c2f2,1585,79,93,3093,advantage hangingPiece master middlegame short
PnaLO,r1b2rk1/ppp2ppp/3p1n2/3P2B1/2Bpq3/1Q6/P4PPP/RN2N1K1 w - - 0 14,g5f6 e4e1 c4f1 g7f6 b3g3 g8h8,1429,81,93,2781,advantage hangingPiece intermezzo long middlegame
o9D0u,2kr3r/pp4p1/1b3nq1/1N3p1p/5B2/3B2Pb/PPP1QP2/R2R2K1 w - - 4 19,d3f5 g6f5 e2c4 f5c5 b5d6 d8d6 c4c5 b6c5,1938,77,92,673,advantage hangingPiece middlegame veryLong
keKDr,1r3r1k/R2BN1p1/3p3p/P3p3/2P1n1qP/6P1/6QK/8 b - - 1 40,g4h5 g2e4 f8f2 h2h3,1639,74,85,540,crushing defensiveMove hangingPiece middlegame short
98WxL,8/6k1/2Q2p1p/qP4p1/P7/4pP2/4B1PP/4R1K1 w - - 3 40,b5b6 a5e1 e2f1 e1f2 g1h1 f2f1,1551,80,96,29943,deflection endgame fork hangingPiece long mate mateIn3
AloaS,3r2k1/1R1r1p1p/4p1p1/p1q1P3/8/3R1Q1P/P5P1/7K b - - 0 36,d7b7 d3d8 g8g7 f3b7 c5c1 h1h2,1832,79,96,5158,advantage endgame hangingPiece intermezzo long master
PJYSI,3r3k/1q4p1/5r1p/8/1pQpP3/1P1P2P1/2P1R2P/4R2K w - - 0 39,h1g1 f6c6 c4c6 b7c6,1645,74,95,1690,advantage endgame short trappedPiece
SQESG,8/8/4k3/1p1pp1P1/n4p2/2PN1P2/1P1K4/8 b - - 1 44,a4b2 d3b2 e6f5 b2d3,1749,75,97,3283,crushing endgame hangingPiece knightEndgame short
YRWhx,r1b2rk1/ppp2pp1/1bnp3p/3BN1q1/3P4/2P5/PP4PP/RN1Q1R1K w - - 2 14,e5f7 g5d5 f7h6 g7h6 f1f8 g8f8,1568,75,89,699,advantage hangingPiece long opening
Ze8qj,2r3k1/3r1ppp/p2n1n2/q1p2Q2/N2B4/1P4P1/P3PP1P/2R1R1K1 w - - 3 22,f5h3 c5d4 c1c8 d6c8,1434,81,90,3420,advantage hangingPiece master middlegame short
XySpE,r1b2rk1/pp2bppp/8/4p2q/2Q2BnP/2N2BP1/PP2PP2/R2R2K1 w - - 0 17,f4e5 g4e5 f3h5 e5c4,1387,77,95,11269,advantage hangingPiece master masterVsMaster middlegame short
cOcTd,Q1bq2k1/p2pn1pp/1pn5/2p1P3/3p4/8/PPP2PPP/RN3RK1 w - - 1 14,b1d2 e7d5 e5e6 d5c7 e6e7 d8e8 a8c6 d7c6,1920,78,92,8524,advantage middlegame quietMove trappedPiece veryLong
0fJFI,2rr2k1/pQ3pb1/1p2p2p/2p1q3/8/2P1P2P/PP3PP1/3R1RK1 b - - 1 22,d8d1 b7c8 d1d8 c8d8,1106,78,94,6255,crushing endgame hangingPiece short
Rw0Jk,2r5/RRp2rk1/3pp1p1/6n1/2N1P3/3P1P2/2P3K1/8 w - - 2 39,c4d6 c7d6 b7f7 g5f7,1403,75,95,7307,advantage endgame hangingPiece master short
OwqWn,8/p4kp1/1p1rp2p/2p2p2/2Pr1q2/3P1P1P/P1Q1RKP1/3R4 b - - 2 27,g7g5 g2g3 f4f3 f2f3,1179,80,90,1292,crushing endgame short trappedPiece
eWROk,r1b1k2r/pp2ppbp/1q1p2p1/3P4/4PP2/2N3P1/Pn1Q2BP/R1N2R1K b kq - 0 16,b2a4 c3a4 b6b5 a4c3,1286,79,93,4562,advantage hangingPiece middlegame short
Uv3sg,8/5p1p/6p1/2Pk4/P1R5/8/r4PPP/4K3 w - - 3 37,c5c6 d5c4 c6c7 c4d3,1842,76,92,1458,crushing defensiveMove endgame hangingPiece rookEndgame short
A4SvB,1nk5/R1p1Q2p/1pq2bp1/5p2/2P1p3/3rB3/6PP/2R3K1 w - - 2 30,e7h7 d3e3 h7g8 f6d8,1432,81,92,3306,crushing defensiveMove hangingPiece middlegame short
G4Y1h,8/8/6k1/6p1/2pP4/4nP2/5KPP/8 b - - 1 52,c4c3 f2e3 c3c2 e3d2 c2c1r d2c1,1140,80,94,1134,crushing endgame hangingPiece long
pI9oF,r4rk1/p1p2pp1/1p1p3p/3PnP2/8/1R6/P1B1KPP1/3QR2q b - - 2 23,h1g2 b3g3 g2h2 e1h1 h2g3 f2g3,1895,75,100,693,advantage long middlegame trappedPiece
rHOTZ,4kb1r/p2n1ppp/Pr2b3/3Nq3/B1p5/1nN1B3/6PP/R2Q1RK1 w k - 0 23,d5b6 e5e3 g1h1 e3b6 a4d7 e6d7,1778,77,91,2320,advantage fork hangingPiece long middlegame
cb1Ab,4r2k/ppQ3bp/3p2p1/7q/2Pn1P2/7P/PP2NRP1/4R1K1 w - - 2 31,e2d4 e8e1 g1h2 g7d4,1156,80,95,3205,advantage hangingPiece intermezzo kingsideAttack middlegame short
2WlXm,1r2r1k1/p2N2pp/8/3p1pbb/3P4/1BP5/PP3RPP/4R1K1 w - - 6 24,d7b8 e8e1 f2f1 g5e3 g1h1 e1f1,1125,87,92,1041,backRankMate deflection hangingPiece long mate mateIn3 middlegame pin
Ca41l,r3k2r/pp3ppp/3bpn2/7b/N1Nn1P2/P6P/1P4P1/1RB1KB1R b Kkq - 0 14,b7b5 c4d6 e8e7 d6b5 d4c2 e1f2,1985,80,91,871,advantage hangingPiece long middlegame
tCkOe,8/8/1p3kpR/2p5/5P2/r6P/P4PK1/8 w - - 1 32,h3h4 f6g7 h6h8 g7h8,1795,75,85,546,crushing endgame master masterVsMaster rookEndgame short trappedPiece
rR2pI,r4rk1/1bq1bppp/2p1p3/1pP1B3/8/4Q1P1/4PPBP/R1R3K1 b - - 3 20,a8a1 e5c7 a1c1 e3c1,1475,76,93,890,crushing hangingPiece master masterVsMaster middlegame short
sE2vn,1rr3k1/3Rppbp/2B3p1/p1P4n/4q3/1Q2BN2/P4PPP/1R4K1 b - - 0 25,b8b3 c6e4 b3b1 e4b1,1788,76,94,1205,crushing hangingPiece middlegame short
dmKmy,8/4Q3/p2P2pk/1pp1b2p/2P5/1P5P/P3r1P1/7K w - - 3 35,e7e5 e2e5 d6d7 e5e1 h1h2 e1d1,1181,75,94,4042,crushing endgame hangingPiece long
FmN12,r3k2r/p3qppp/5n2/3pp3/1b1B4/2N5/PPP2PPP/R2Q1RK1 w kq - 0 14,d4e5 e7e5 f1e1 f6e4,1705,76,89,1594,crushing hangingPiece middlegame short
1o16X,2r3rk/p3np1p/1pp4q/3pPp1B/PP3P2/2R4R/3Q2PP/6K1 b - - 2 31,g8g7 h5f7 h6h3 c3h3,1343,76,94,5957,advantage middlegame short trappedPiece
K2l8H,3r2k1/7p/p5p1/PpB5/1P1p4/3R3P/6PK/1r6 b - - 1 36,b1b3 d3b3 d4d3 b3b1 d3d2 b1d1,1815,75,91,984,advantage endgame hangingPiece long quietMove
2yFzJ,5rk1/4b1pp/1p2p3/2r2q2/1n2NP2/1Q4P1/PP1B3P/1K1R3R w - - 1 29,d2b4 f5e4 b1a1 c5b5 h1e1 e4b4,1792,75,93,767,advantage hangingPiece long middlegame queensideAttack
WqBN9,r3kbnr/ppp2ppp/2n1p3/3P4/6b1/P1N1BN2/1qP2PPP/R2QKB1R w KQkq - 0 9,d5c6 b2c3 e3d2 c3c6,1947,81,91,2924,advantage hangingPiece opening short
zI7NO,r2r2k1/pb3ppp/2p1p3/2B5/N1B1Pn2/1P6/P2b2PP/3R1RK1 b - - 1 18,f4d3 d1d2 d3c5 d2d8 a8d8 a4c5,1363,76,92,1593,crushing hangingPiece long middlegame
pRNAZ,4r1k1/6p1/1pr4p/p5q1/P1P1p3/1P1R3P/3Q2P1/4R1K1 b - - 0 38,e4d3 e1e8 g8f7 d2g5 h6g5 e8d8 f7e7 d8d3,1710,77,90,1870,advantage endgame hangingPiece veryLong
wCE0o,r1b3k1/pp2rpb1/2p2np1/3pP3/8/2NPBN2/PP6/1K1R3R w - - 0 24,e5f6 e7e3 f6g7 e3f3,1547,77,95,23640,advantage hangingPiece middlegame short
Qfgce,r3k3/3b1p2/p1npqn2/4p1Br/Q3PP1P/2P5/PP1N2P1/R4RK1 b q - 0 17,f6h7 f4f5 e6e7 g5e7,1218,77,93,1650,crushing middlegame short trappedPiece
6gzl5,2rq2k1/pb2b1pp/1pn1pr2/8/3P3P/P2BBN2/4QPP1/R3K2R w KQ - 0 16,d3h7 g8h7 f3g5 h7g8 e2h5 f6h6,1531,76,90,2401,advantage hangingPiece long master middlegame
PZ2Rw,rn3rk1/p5p1/2p3q1/3p3p/PQpPp1bP/2P1B1P1/2P2P2/RR3BK1 b - - 0 24,f8f3 b4b7 b8d7 b7a8,1607,74,96,1616,crushing middlegame short trappedPiece
xvIvX,1nr2r2/pk4p1/1pB1pq1p/3pN3/P2Q4/B1b5/4RPPP/R5K1 b - - 4 26,b8c6 d4c3 c6e5 c3e5 f6e5 e2e5,1563,75,88,803,advantage hangingPiece long middlegame
SkeP6,r3k2r/ppnqppbp/3p2p1/1PpP4/P3Q3/2P2N1P/3B1PP1/R4RK1 b kq - 2 17,a7a6 b5b6 c7d5 e4d5,1388,75,88,2294,advantage middlegame short trappedPiece
NlqOh,2r2rk1/1p2bppp/pq2pn2/3p2B1/3P4/P1NQ3P/1PP2PP1/4RRK1 w - - 3 17,c3d5 f6d5 g5e7 d5e7,1106,80,93,2377,advantage hangingPiece middlegame short
xFR9z,5rk1/1b3ppp/p5r1/1p6/1p1p1PQ1/1BqP4/P1P1R1PP/4R1K1 w - - 14 30,b3f7 f8f7 e2e8 f7f8 e8f8 g8f8 g4f5 g6f6,1168,78,94,1045,crushing hangingPiece middlegame veryLong
AbaRx,8/1bB2k2/pPp1p3/2PP1ppp/3P2q1/4P1P1/5P2/5QK1 b - - 0 38,e6d5 f2f3 g4g3 c7g3,1531,77,91,666,crushing endgame short trappedPiece
Yqe24,8/5pk1/1pnKP3/6P1/P7/8/8/8 b - - 4 55,f7e6 d6c6 e6e5 c6d5,1694,77,93,1394,crushing endgame hangingPiece master short
V4H6g,4r1k1/1R3p2/3p1qpp/2pP1p2/b7/2R1P2P/1Q2BPPK/r7 b - - 5 28,a1a2 b2a2 f6c3 a2a4,1296,80,91,766,advantage middlegame short trappedPiece
Ws0PJ,2r1k2r/1b3pp1/p2Bpn1p/1pp5/3nP2q/2NP4/PPPQ1PP1/R2BR1K1 b k - 4 15,h6h5 d6g3 h4g3 f2g3,1656,75,92,7689,crushing master middlegame short trappedPiece
qFs9R,r4rk1/pp3pp1/2nbp2p/3pN3/3P3q/2PQ1P1P/PP6/R1B1RNK1 w - - 0 16,f3f4 h4e1 e5f3 e1e4 d3e4 d5e4,1847,75,94,10434,crushing hangingPiece long middlegame
yPr3r,4r1k1/ppb2pp1/2p4p/2Pp3n/3P4/5P1P/PP2BPK1/4R1R1 b - - 0 21,e8e2 e1e2 h5f4 g2f1 f4e2 f1e2,1113,75,97,2698,advantage endgame hangingPiece long
7srGp,3r1rk1/ppqnb1pp/2p1Qn2/8/2PP4/6N1/PP3PPP/R1B1R1K1 b - - 0 14,g8h8 e6e7 f8e8 e7b4 e8e1 b4e1,1966,80,91,2581,advantage hangingPiece long middlegame
LwZLo,r1b1kbnr/p1qp1p1p/2p3p1/2p1N3/4P3/2N5/PPPP1PPP/R1BQK2R w KQkq - 1 7,e5d3 c5c4 d3f4 c7f4,1047,81,92,2802,advantage opening short trappedPiece
BLPno,rn3rk1/p4p1p/1p1p1qp1/2pPbb2/2P1N3/1Q2BB1P/PP3PP1/3R1RK1 b - - 5 19,f6h4 e3g5 h4e4 f3e4,1409,78,94,20324,crushing middlegame short trappedPiece
x6lx5,r3k2r/pq2bppp/2p3b1/2pnN3/N2p1BP1/3P3P/PPP1QP2/2KR3R w kq - 2 16,a4c5 d5f4 c5b7 f4e2,1848,75,93,1405,advantage hangingPiece middlegame short
3UQ4H,r1b2rk1/5pbp/1p1p2p1/pNnPp3/P7/R5PP/1q1B1PB1/3Q1RK1 b - - 1 19,c8a6 d2c3 b2a3 b5a3,1636,75,94,1387,advantage middlegame short trappedPiece
xUKfI,2krr3/p1p2p1p/1p3p2/3Nn3/2P1b2q/5P2/PP1Q2PP/2KR1B1R b - - 0 15,e5c4 f1c4 e4d5 c4d5,1932,76,91,552,advantage hangingPiece middlegame short
zqr73,1k5r/pp1r1pp1/2p2n2/2P1n2p/3N1B2/2P4P/P3BPP1/1b3RK1 b - - 1 22,b1d3 f4e5 b8a8 e2d3,1237,75,95,9906,advantage hangingPiece master masterVsMaster middlegame short
IP0q2,4kb1r/p1pbqppp/1r1p4/4p3/2BPn3/8/PP3PPP/RNBQK1NR w KQk - 0 11,f2f3 e7h4 g2g3 e4g3 h2g3 h4h1,1231,75,100,940,advantage long middlegame pin trappedPiece
BX733,N2k3r/1p1bqp2/2n2n1p/3p2p1/3P4/P3PpP1/2P1QPP1/R3KB1R w KQ - 0 17,e2f3 d7g4 f3e2 g4e2,1896,75,94,1054,advantage middlegame short trappedPiece
Buouw,8/6rp/5B2/8/4k2P/6p1/6K1/8 b - - 3 55,e4f5 f6g7 f5g4 g7f6,1393,75,97,2256,crushing defensiveMove endgame hangingPiece short
83If5,r5k1/p1p4p/2pb2p1/3P2q1/3Qn3/4P1NP/PP3r2/RNB2RK1 w - - 0 20,f1f2 g5g3 f2g2 g3e1,1142,77,95,15313,hangingPiece kingsideAttack mate mateIn2 middlegame short
VL3i5,1R4rk/p1Q3pp/6n1/8/3P1P2/2PK1PP1/P2p1nq1/3R4 w - - 2 30,d3c4 f2d1 b8g8 h8g8 c7d8 g6f8 d8d5 g8h8,1423,77,92,1857,crushing hangingPiece middlegame veryLong
NTdcG,r5k1/pp4p1/4b2p/q3r3/1n3P2/1P1BN3/P1Q3PP/R3R1K1 w - - 1 23,c2b2 b4d3 b2e5 d3e5,1203,83,94,2573,advantage fork hangingPiece middlegame short
fohtC,6k1/pbpn1p2/1p1p2pq/5nN1/P2P1R2/3B4/1PP3pP/4Q1K1 w - - 1 20,d3f5 h6g5 e1g3 g5g3 h2g3 g6f5,1396,77,95,14929,advantage hangingPiece long middlegame
eKGbk,2r2rk1/5pp1/pq3pp1/1pn5/8/Q3PN2/PP3PPP/2RR2K1 w - - 0 20,f3d4 b5b4 a3b3 c5b3,1269,75,99,1980,crushing master middlegame short trappedPiece
B1SwN,r2qk2r/1bppbppp/p1n2n2/1p6/3NP3/1BN5/PPP2PPP/R1BQK2R w KQkq - 2 9,e1g1 c6d4 d1d4 c7c5 d4d3 c5c4 b3c4 b5c4,1686,75,90,1519,crushing fork opening trappedPiece veryLong
speBB,6k1/6p1/6p1/2R4p/4p3/1rn4P/3N2PK/8 b - - 1 38,e4e3 d2b3 e3e2 c5e5,1604,75,89,4029,crushing endgame hangingPiece short
PDjPa,3r2k1/pp2q1pp/3p1p2/4n3/1Q2P2P/Pb6/1Pr1BPP1/2BRR1K1 b - - 8 21,c2e2 b4b3 e7f7 b3f7 g8f7 e1e2,1466,77,94,10444,advantage hangingPiece long middlegame
7uspU,r1rqb3/3n1ppk/4p2p/3pN3/P6Q/1PN1R1RP/2P2PP1/6K1 w - - 17 29,g3g7 h7g7 e3g3 g7h7,1281,77,99,2176,advantage defensiveMove hangingPiece middlegame short
5WpfD,4r2k/4q1p1/1r2NPQp/p2p4/1n2p3/1P6/P4PPP/4R1K1 b - - 0 36,e7f6 g6e8 h8h7 e6f8,1303,77,86,2048,crushing hangingPiece middlegame short
1bFOS,r4rk1/ppp1q1pp/5p2/b2Pn3/2P2P2/P6P/1B2B1P1/R2Q1RK1 b - - 0 19,e5c4 e2c4 e7c5 d1d4 a5b6 d4c5,1704,79,93,4422,crushing hangingPiece long middlegame
F81Ic,1r2kb1r/pP3ppp/2n1p3/1B1p4/5B2/2K4P/1P3PP1/nN5R b k - 3 21,e8d8 b5c6 b8b7 c6b7,1628,79,94,14547,advantage hangingPiece middlegame short trappedPiece
0fbG6,1Q4k1/5npp/2q1p3/3pPp2/2pP1N2/2P2N1P/r4rPK/8 b - - 3 36,f7d8 b8d8 g8f7 f3g5,1065,87,91,1035,hangingPiece kingsideAttack mate mateIn2 middlegame short
wanHl,r4b1R/5b2/1n1pk3/2p1p3/1nP1P2B/2KP1P2/p7/N5R1 b - - 4 43,b6c8 h8f8 c8b6 f8a8,1154,78,95,10494,advantage hangingPiece middlegame short
SX49P,r1b1k1r1/pp2bp1p/4p3/4n2Q/4N3/3BB3/PqP2PPP/R4RK1 w q - 0 16,h5h7 e5f3 g1h1 g8h8 h7h8 b2h8,1633,74,95,6357,advantage long master middlegame pin trappedPiece
Q8QeV,r3r1k1/pp3pp1/2q2b1p/4pb2/1PBR4/P5B1/2P1QPPP/4R1K1 w - - 1 20,c4d5 e5d4 d5c6 e8e2,1363,77,93,1218,crushing discoveredAttack hangingPiece master middlegame short
lCRom,3rq1kr/Q5p1/3p3p/2nnp3/8/3P1N2/PP3PPP/R1B2RK1 w - - 0 21,f3h4 d8a8 a7a8 e8a8,1715,74,97,4898,crushing middlegame short trappedPiece
ht5yu,5rk1/p4pp1/2p1bb1p/q2p3Q/Nr6/1P1B4/P1P2PPP/3RR1K1 w - - 2 18,e1e3 e6g4 h5g4 b4g4,1778,75,89,2037,crushing fork middlegame short trappedPiece
NJaZC,r2kr3/ppp2bQ1/1b1p2Np/5q2/3P2n1/2N1B3/PP3PPP/4RR1K w - - 3 19,g6f4 e8g8 g7g8 f7g8,1731,75,93,3096,advantage middlegame short trappedPiece
oEpwI,Rb6/1r2k2p/1P4p1/4pp2/8/5PB1/6PP/5K2 w - - 0 45,g3e5 b8e5 a8a7 b7d7,1796,81,92,2344,advantage collinearMove endgame hangingPiece master short
WbGg0,r2qk2r/1p2n3/p1p1Qp2/2p1b1B1/4P3/2NP2p1/PPP5/4RRK1 w kq - 0 18,g5f6 d8d4 g1g2 h8h2,1650,77,94,1585,advantage kingsideAttack middlegame short
6bJQV,6k1/1pR3qp/p3br1B/3p4/5p2/1P6/P4PPP/6K1 w - - 0 29,c7g7 g8h8 g7b7 f6h6,1211,80,93,2103,advantage endgame short
Ax24J,2B3k1/5p1p/6p1/4p3/3q4/P2n2P1/1P1Q1P1P/6K1 w - - 0 30,b2b3 d4a1 g1g2 d3e1 d2e1 a1e1,1339,77,94,1595,crushing endgame long
xpDyh,3r3r/2pk3p/2q2p1p/2R1pP2/3p4/1Q1P1P1P/PP4P1/4K2R b K - 0 24,c6c5 b3e6,1239,84,93,1923,dovetailMate endgame mate mateIn1 oneMove
tJXqd,3r1qk1/1BR2p1p/p3pQp1/1p2P3/3n3R/P2r2P1/1P3P1P/6K1 b - - 5 27,d4f5 h4h7 g8h7 c7f7 f8f7 f6f7,1816,74,86,673,attraction crushing deflection fork long middlegame sacrifice
5OUZO,r4k2/2RRb1r1/pq2P2p/1p2Q3/5p2/7p/PP3PPP/6K1 w - - 0 29,d7e7 g7g2 g1h1 g2h2 h1h2 b6f2 h2h3 f2g3,1639,74,96,13952,attraction endgame master mate mateIn4 sacrifice veryLong
0Jw09,rn1qkb1r/pbp2ppp/1p3n2/3p4/3P4/2N1PN2/PP3PPP/R1BQKBR1 b Qkq - 1 7,f8b4 d1a4 b8c6 f1b5 e8g8 b5c6,1929,76,94,11673,advantage fork long opening
Rr7Tn,r4r1k/2p3b1/bp1p2Pp/3Pp3/2P1B2N/4q1P1/Q4R1P/5RK1 w - - 0 24,a2e2 e3e2 f2e2 f8f1 g1f1 a6c4,1848,76,93,1459,crushing kingsideAttack long middlegame pin
44l20,8/ppQ4p/5qpk/2b1p3/8/3p1NK1/PP1R3P/8 w - - 1 39,c7e5 c5d6 e5d6 f6d6,1162,82,92,2592,advantage endgame pin short
mSbkU,8/8/8/RP2k3/P3p3/5p2/1r1K1P2/8 w - - 2 48,d2e3 b2e2,1488,79,90,1653,endgame master mate mateIn1 oneMove rookEndgame
MrRop,8/6pk/2R2n1p/p5P1/r1p4P/5K2/8/8 b - - 0 39,f6d5 g5g6 h7h8 c6c8,1195,75,100,1368,endgame mate mateIn2 short
Lviy0,r1b2rk1/pp2bpp1/5n1p/4p3/2BnP2B/2N2P2/PP4PP/3RK1NR w K - 1 12,c3d5 f6d5 h4e7 d5e7,1597,75,94,1289,advantage middlegame short
b4qbk,1n1r1kbQ/5q2/2R1Bbp1/p2p2p1/3P4/P3B1NP/1r3PP1/4R1K1 w - - 0 34,h8g8 f7g8 e6g8 b8c6,1876,77,94,1557,advantage middlegame short
oe4LL,2r5/4kp2/2P1p2b/1BR2p2/1P2P3/5P1P/3r4/4R1K1 w - - 1 31,e1e2 d2e2 b5e2 h6e3,1827,75,93,8642,advantage endgame short
CznRH,r2qk2r/1b2bpp1/p4p1p/1p2n3/3N4/2NB3P/PPPQ2P1/2K1R1R1 b kq - 5 18,d8d4 d3b5 a6b5 d2d4,1145,79,94,5485,advantage discoveredAttack middlegame short
IarKO,2n2k2/3b1qp1/p7/1pppR3/8/N1P2N2/PP3KPP/1B6 b - - 2 31,d7c6 e5f5 f7f5 b1f5,1298,83,92,998,advantage master middlegame pin short
f0iew,6k1/1p6/2pp3p/P3p1r1/2P3q1/P2PQrP1/5P2/1R3RK1 w - - 1 24,e3e4 f3g3 f2g3 g4g3 e4g2 g3g2,1491,75,90,542,endgame long mate mateIn3 sacrifice
f5Xse,5rbk/p2r3p/2pq1p2/1p2pQ2/4P3/P1PP3R/1P3P2/2K4R b - - 2 30,d6e6 h3h7 d7h7 h1h7 g8h7 f5e6,1178,75,98,4965,advantage kingsideAttack long middlegame
CTqdl,r3k1r1/ppp1b3/1P2p3/P1Pq1pn1/2NPp2p/4P2P/1BQ2RP1/R5K1 w q - 1 25,b6c7 g5h3 g1f1 h3f2,1501,77,91,1426,advantage kingsideAttack middlegame pin short
FO5F2,4k2r/3p1ppp/p3P3/1p6/8/P3QR2/1qr3PP/4R2K b k - 0 20,d7e6 f3f7 c2e2 e1e2 b2b1 e2e1 b1e1 e3e1,1695,77,94,4482,advantage attackingF2F7 endgame veryLong
r17pE,r2q1rk1/pp3ppp/4p1n1/3bP2Q/8/P2B4/1B3PPP/1R1R2K1 b - - 1 19,d8h4 d3g6 h4f2 g1f2 f7g6 h5f3 d5f3 g2f3,1459,77,92,1856,advantage middlegame veryLong
x93Ps,r3k2r/1pp3pp/p1n1b3/3q1p2/1bBPp3/1P2P1N1/PB3PPP/R2QK2R w KQkq - 2 12,e1e2 d5c4 b3c4 e6c4,1613,74,94,7473,crushing middlegame sacrifice short
Y1YPF,8/5k1p/5pp1/8/2p2PP1/1pK2N1P/2n5/8 b - - 1 35,c2b4 c3b4 b3b2 f3d2 f7e6 b4c4,1601,76,87,993,advantage endgame hangingPiece knightEndgame long
AbVOT,4r3/1ppk2RQ/p1p5/4qp2/8/2NPnP2/PP3K2/8 b - - 0 31,e8e7 g7e7 e5e7 h7e7 d7e7 f2e3,1365,77,92,2150,crushing endgame fork long
lAKfV,6k1/1p2rppp/p2q4/P2p4/3Q1n2/2P2N1P/1P1N2P1/R5K1 w - - 0 24,a1e1 e7e1 f3e1 f4e2 g1f2 e2d4,1350,81,92,3167,crushing fork long middlegame
hed1k,1r1qr1k1/p2p1ppp/1p6/8/1P2B3/5Q2/1P3KPP/R6R w - - 3 20,a1c1 d8h4 g2g3 h4e4 f3e4 e8e4,1193,80,96,2021,advantage long middlegame
fPmdi,r1b2rk1/ppp2pp1/3p2np/2PPp1q1/2P1Pn2/P2BBP2/6PP/R2QNRK1 w - - 1 16,g2g3 f4h3 g1h1 g5e3,1188,78,87,1194,advantage discoveredAttack kingsideAttack middlegame short
76tcD,r1br2kb/1p2pp1p/p5pB/q2n4/2BP4/P4N1P/1P3PP1/R1QR2K1 b - - 3 17,b7b5 c4d5 d8d5 c1c6 c8b7 c6b7,1744,76,89,560,advantage clearance fork long middlegame
9OSpH,3k4/pR1r4/P1p1p3/2P3p1/6Pp/8/5PK1/8 b - - 2 35,d7b7 a6b7 d8c7 f2f4,1746,78,93,3886,advancedPawn crushing endgame short
CoC97,7k/p1bq3n/3p1pQ1/1p1P4/1Pp1PN2/2P5/P4P1P/7K b - - 0 35,d7g7 g6g7 h8g7 f4e6 g7g6 e6c7,1955,77,91,2568,attraction crushing endgame exposedKing fork long
f02nn,4r1k1/pp1n1pp1/1q4np/7Q/5B2/6PP/PP3PB1/3R2K1 w - - 0 21,d1d7 e8e1 g1h2 b6f2 d7d8 g8h7,1684,75,94,2694,advantage defensiveMove deflection long middlegame pin
RwBXQ,r6k/pp2bp1n/4q3/2p1pNr1/2PpP3/PP1R3Q/2P2PPP/3R2K1 b - - 12 26,a8g8 h3h7 h8h7 d3h3 g5h5 h3h5 h7g6 h5h6,1481,76,93,1349,attraction crushing exposedKing kingsideAttack middlegame sacrifice veryLong
EiHgQ,8/6k1/1p4p1/p2b4/6N1/1P3P2/5KPP/8 w - - 2 43,b3b4 a5a4 f2e3 a4a3,1433,75,93,11181,crushing endgame quietMove short
nyMYA,4r1k1/ppp3pp/3b4/3P3q/1PPpBp2/P4P2/5P1P/R2Q3K w - - 1 23,d1d4 d6e5 d4d1 e5a1,1601,74,90,508,advantage endgame short skewer
Q8Jah,3r1rk1/p1p1qppp/n1p1pN2/4P3/1PP5/P4Q2/5PPP/3RR1K1 b - - 2 22,g7f6 e5f6 e7f6 f3f6,1610,77,97,11832,crushing middlegame short
ZVfLL,8/3k4/2p5/1pKp1p1p/1P3P2/2P3PP/8/8 w - - 0 45,h3h4 d7c7 c5d4 c7d6 d4d3 c6c5,1675,74,88,668,crushing endgame long pawnEndgame zugzwang
X6LYp,3qk2r/3b1pbp/3Qpnp1/1NPp4/P7/5NP1/2r1BP1P/5K1R b k - 3 20,d7b5 e2b5 f6d7 c5c6,1778,75,100,648,advantage middlegame short
VsAlg,r5r1/PR1k4/3p3p/3P1P1P/1p2P3/1PbK2p1/R7/8 b - - 1 45,d7c8 b7b8 a8b8 a7a8q b8a8 a2a8 c8d7 a8g8,1589,75,91,3452,advancedPawn crushing endgame exposedKing promotion skewer veryLong
jQbb9,2kb4/p1pn1P1q/1p1pQ3/3Pp3/BP2P3/2P5/PK3p2/8 b - - 0 37,f2f1q e6d7 c8b8 d7d8 b8b7 a4c6 b7a6 d8c8,1472,78,100,1346,deflection endgame mate mateIn4 queensideAttack veryLong
BUZJ9,4r1k1/p1q2ppp/1p6/2r1PQ2/3R4/6P1/PP4PP/4R1K1 b - - 0 23,c5e5 e1e5 e8e5 f5e5 c7c1 g1f2,1545,76,96,8217,advantage defensiveMove endgame long
CbjB7,6k1/5pp1/pbr4p/1p6/1P6/P1R3P1/5q1P/2Q4K w - - 0 34,c3c6 f2f3,1156,75,99,866,endgame master mate mateIn1 oneMove
1tjo4,r1bq1rk1/pp1nbppp/1n2p3/2pP4/4P3/2N1BN2/PP2BPPP/2RQK2R b K - 0 10,d7f6 d5d6 e7d6 e4e5,1980,75,93,5910,crushing master opening short
vd9iy,7q/8/8/5k2/4p3/1PQ5/PKP5/8 b - - 2 43,h8c3 b2c3 f5f4 c3d2 f4f3 d2e1,1364,79,93,3049,crushing defensiveMove endgame long
u2bsY,r3r1k1/5p2/p1N1b1pp/1p4q1/1Pn5/2Q5/P4PPP/1B1RR1K1 w - - 0 23,b1d3 e6d5 e1e8 a8e8,1769,77,95,10087,crushing middlegame short
3T8B6,2r2b2/2q4k/3Rp1pp/p2bP3/8/P2Q2B1/1PP2PP1/1K5R w - - 5 34,d6a6 d5c4 d3d1 c4a6,1522,74,95,24768,advantage fork interference middlegame short trappedPiece
EnltT,1r4k1/2R1P1pp/b4p2/p2PpP2/q3N1P1/4B2P/2R4K/8 b - - 0 31,a4e4 c7c8 b8c8 c2c8 g8f7 e7e8q,1198,87,92,2438,advancedPawn endgame long mate mateIn3 promotion
usz98,1Q3k2/4r1p1/p3q2p/1p2p2P/3p1r2/3P1P2/2P5/1R1K2R1 b - - 7 34,f8f7 b8h8 e6f6 g1g6 f6g6 h5g6,1890,75,94,2859,advantage endgame long
J9XA6,r2q1r2/3n1pkp/2bpp1p1/p1p3QN/1p2P3/3P1N1P/PPP2PP1/R3R1K1 b - - 1 17,g7g8 g5h6 g6h5 f3g5 d8g5 h6g5,1589,76,94,5984,advantage kingsideAttack long middlegame sacrifice
oMM75,8/7p/2p3p1/K4p2/1P2kP1P/6P1/8/8 b - - 4 49,e4f3 a5b6 f3g3 b6c6 g3f4 b4b5,1188,85,95,638,crushing defensiveMove endgame long pawnEndgame
qGQj3,3r1k2/6pp/5p2/1BbP4/8/p4N2/5PPP/1R4K1 w - - 0 29,b5c6 a3a2 b1a1 d8b8 f3d2 b8b2 c6b5 b2d2,1954,77,91,1704,advancedPawn advantage endgame quietMove veryLong
LNav0,8/7p/p6k/1p6/8/1P6/5PPK/8 w - - 0 48,h2g3 a6a5 g3f4 a5a4 b3a4 b5a4,1397,78,88,1513,crushing endgame long pawnEndgame quietMove
Ijr3o,3r2k1/3qp1b1/p4NQ1/1p2p1p1/2p5/P3P1P1/1P2nrBP/3R3K b - - 1 26,e7f6 d1d7 d8d7 g6e8 g8h7 e8d7,1528,77,89,546,advantage attraction exposedKing fork long middlegame
QD8k3,r2q1rk1/pp1b2p1/2pp2Qp/3P4/2P1B3/1P4P1/P4P1P/b1B2RK1 b - - 2 20,a1f6 g6h7 g8f7 e4g6 f7e7 f1e1,1392,78,93,1573,crushing kingsideAttack long middlegame
DL9uw,r1b1k2r/p1p2p2/1p1p1q1p/3Pp1pQ/2P1B3/6P1/P1P2PP1/R3R1K1 b kq - 2 18,c8f5 h5f3 g5g4 f3f5 f6f5 e4f5,1967,74,94,8009,advantage long middlegame
RS6bT,r1b1kb1r/pp3ppp/1qn5/3PP3/Q5n1/2N5/PPP3PP/R1B1KBNR w KQkq - 3 9,d5c6 b6f2 e1d1 f2f1,1649,76,96,10896,crushing deflection opening short
Phyl6,6r1/P1k5/3p4/1B1P4/2P3b1/3qp1PP/1P4P1/R3B1K1 b - - 1 35,g4d7 e1a5 c7b7 b5d7,1298,75,100,774,crushing deflection endgame short
W3xNj,5q2/Q6p/6p1/3pk3/3Np1K1/p5P1/6P1/8 w - - 3 45,d4e2 f8f5 g4h4 f5h5,1173,75,100,2311,endgame mate mateIn2 short
teItS,4r3/1bk2ppp/2p5/p1B5/1p3Pn1/1P1RP1PP/6B1/6K1 b - - 1 28,b7a6 d3d6 g4e3 d6c6,1917,76,92,2007,advantage endgame short
fTeoj,3r2k1/6pp/pNp5/2Ppq3/1P2b1PK/7P/P7/4RQ2 b - - 3 33,d8f8 f1f8 g8f8 b6d7 f8e7 d7e5,1369,74,95,24525,attraction crushing endgame fork long sacrifice
FGqkN,r1b1k1nr/ppp2ppp/2nb2q1/3p2PP/3P1p2/2P2N1B/PP2P3/RNBQK2R b KQkq - 0 9,g6h5 h3d7 c8d7 h1h5,1177,80,91,1784,advantage collinearMove discoveredAttack middlegame short
pP3aW,1k1r1b1r/1p5p/4p1p1/qB2Rn2/P1Q5/2n5/3P1PPP/R1B3K1 w - - 2 21,d2c3 d8d1 c4f1 d1f1,1046,79,91,518,crushing kingsideAttack middlegame short
31dGL,6k1/4R1p1/3Np3/3b1p2/3K1P2/8/4r3/8 b - - 9 51,g8f8 e7e8,1521,87,89,1447,endgame mate mateIn1 oneMove
uro2z,4q1k1/5pp1/4p2p/Q1N5/P1r4P/6P1/KP3P2/8 b - - 0 41,e8c6 a5d8 g8h7 d8d3 f7f5 d3c4,1294,75,94,2434,crushing endgame fork long
Fy6Hp,8/pp1P1p1k/2n5/3Bp2p/4Pq1P/2P1Q3/P4P2/3RK1r1 w - - 2 28,e1e2 f4g4 f2f3 g4g2 e3f2 g2f2 e2f2 g1d1,1674,77,94,5503,advantage endgame veryLong
sX3O5,4b3/p3b1pk/1p2Q3/2ppP1qp/3Pp1B1/2P1P1P1/PP1B3P/6K1 w - - 0 28,h2h4 g5g4 e6g4 h5g4,1378,75,98,1774,advantage endgame short
z8ahD,8/5R2/1P1Np2p/6p1/8/3pk3/6KP/1r6 w - - 6 40,f7f3 e3d4 f3f7 d3d2,1996,78,89,2375,advancedPawn crushing defensiveMove endgame short
fkbFx,8/5pk1/2P4p/4Q3/P4p2/8/1r4r1/3K4 b - - 2 41,g7g8 e5b2 g2b2 c6c7,1905,75,91,1549,advancedPawn crushing endgame queenRookEndgame sacrifice short
UTe0P,7k/7P/6P1/6K1/8/8/b7/8 b - - 10 69,a2b3 g5h6 b3d1 g6g7,1128,75,98,4060,advancedPawn bishopEndgame endgame master mate mateIn2 short
JgnMd,8/8/1p1B4/1kp1K2R/3r1P2/p7/7P/8 w - - 0 51,h5h8 a3a2 h8a8 d4a4 a8a4 b5a4,1312,75,97,16936,advancedPawn crushing endgame long
lRIB0,3r2k1/5pb1/p5pp/1p6/1Q6/1PPqB2P/P4PP1/4R1K1 w - - 1 26,c3c4 g7c3 b4e7 c3e1,1471,77,92,3589,advantage endgame fork interference master short
iFrvA,r2q3r/ppp2kpp/2n2n2/2b1p3/4P1b1/2N2N2/PPPP2PP/R1BQ1R1K b - - 3 9,c6d4 f3e5 f7g8 e5g4 f6g4 d1g4,1394,78,94,12258,advantage long middlegame
9tz92,2k5/R7/1KNP2p1/6P1/7p/2p5/P2r4/5b2 b - - 2 56,d2d6 a7c7,1610,85,92,9444,endgame master mate mateIn1 oneMove vukovicMate
qGsPe,rn4k1/1p3p2/p2p4/8/6b1/1B2Q3/PPPK1P2/R6q b - - 1 20,h1a1 e3e8 g8g7 e8f7,1934,76,95,1143,crushing endgame short
vhqUo,8/5k2/6p1/4K2p/7P/6P1/8/8 w - - 1 55,e5d6 f7f6 d6d7 f6f5 d7e7 f5g4,1175,77,97,6628,crushing endgame long pawnEndgame
P1lxc,4R3/1pr3k1/5qp1/5p1p/1Q6/1P5P/2r3P1/5R1K b - - 2 37,f6f7 b4d4 f7f6 e8g8 g7g8 d4f6,1378,75,92,1265,advantage deflection endgame long master
dvwqz,8/8/5p2/1pp1k3/P3P3/1P2K3/8/8 b - - 0 49,b5a4 b3a4 c5c4 a4a5,1290,85,92,3950,crushing defensiveMove endgame pawnEndgame short
c1IRJ,8/8/5r2/1pk2PK1/8/8/8/3R4 b - - 1 55,f6c6 d1c1 c5d6 c1c6 d6c6 f5f6,1346,79,96,30205,crushing endgame long rookEndgame
jDCMn,2r2rk1/1p2bppp/p2p4/q4P2/6P1/PBP2Q2/1KP4P/3R3R b - - 2 23,c8c3 f3c3 e7f6 d1d4,1644,76,92,2021,advantage middlegame short
9NQ4Y,r2r2k1/1Q1b1ppp/p3p3/4q3/PP1p4/6N1/2R2PPP/2R3K1 b - - 1 22,d7a4 b7a8 d8a8 c2c8 a4e8 c8a8,1854,77,94,11337,advantage attraction long middlegame pin sacrifice
akzeR,r1b2bkr/pppq2pp/2n5/3pp1N1/4N3/6Q1/PPPP1PPP/R1B1K2R b KQ - 5 9,d5e4 g3b3 d7e6 g5e6,1435,76,96,12897,crushing opening short
ANXra,6k1/ppp3q1/3p2np/3Pp3/4P3/P1P1PQPP/1P3R2/1b4K1 w - - 1 32,h3h4 g6h4 f3f6 g7g3 g1f1 b1d3,1412,75,100,1914,advantage discoveredAttack endgame exposedKing kingsideAttack long pin
mgfVD,8/8/3Nk3/5p2/5P2/4P2p/5Kb1/8 w - - 2 53,d6c4 g2d5 c4b6 h3h2 b6d5 h2h1q,1872,76,98,1255,advancedPawn crushing endgame long promotion
30G0d,rn2k1nr/pb2pp1p/1ppq2p1/1B1PN3/8/8/PPP2PPP/RN1QK2R w KQkq - 0 10,d5c6 d6e5 d1e2 e5e2,1633,75,95,11059,crushing fork hangingPiece opening short
JHobx,r3r3/4qpk1/pn1p1np1/2pPp3/1pP1B2P/1P2N3/P4PQK/R4R2 b - - 5 26,e8h8 e3f5 g7f8 f5e7 h8h4 h2g1,1544,78,92,919,advantage defensiveMove long middlegame pin
oEgQx,1b1r2k1/5pp1/p6p/8/2Q5/P3PB1P/1P1q1PP1/2R3K1 w - - 0 31,c1c2 d2e1 c4f1 b8h2 g1h2 e1f1,1450,75,96,5865,advantage deflection endgame long pin
5r8M9,1rb2rk1/1p4p1/pN1p3p/P1pPppq1/4Pn2/1P4QP/2P1BPP1/2R1R1K1 w - - 0 22,e4f5 f4e2 e1e2 g5c1,1235,76,98,6895,advantage discoveredAttack kingsideAttack middlegame short
NFS3l,4r3/5pkp/pR4p1/n2pPnq1/P1pP1p2/B1P4P/3Q1PP1/4R1K1 w - - 2 26,b6a6 f5h4 g2g3 h4f3 g1g2 f3d2,1832,75,95,7459,crushing fork long middlegame
nuAuH,2b2rk1/5qpp/8/p1N5/1PrpNb2/P7/Q5PP/R4RK1 w - - 2 29,f1f4 c4c1 a1c1 f7a2,1608,76,94,10678,advantage deflection discoveredAttack master masterVsMaster middlegame short
bm6Wi,r2qk2r/ppp2ppp/1bn5/5b2/1PNPp3/P3B3/2P2PPP/R2QKB1R b KQkq - 3 12,c6d4 c4b6 d4c2 d1c2,1603,74,89,5283,advantage opening short
kT1Zh,8/8/1p1k2pp/1P1p4/P5P1/3K3P/8/8 w - - 1 73,d3d4 g6g5 d4d3 d6c5 d3c3 d5d4,1769,75,92,1000,crushing endgame long pawnEndgame quietMove zugzwang
2Y4lL,2Q2b1r/pp1nkpp1/1q2p1p1/3pP3/2NP4/1P2B3/n3BPPP/5RK1 b - - 3 18,d5c4 d4d5 e6d5 e3b6,1774,76,92,1808,crushing discoveredAttack middlegame short
sUrue,8/8/8/3p4/8/1PK1k3/8/8 w - - 2 52,b3b4 d5d4 c3c2 e3e2,1517,76,87,773,crushing defensiveMove endgame pawnEndgame short
QmeVY,8/6k1/8/3p1pP1/3P4/2P1K3/8/8 w - - 4 49,e3f4 g7g6 f4e5 g6g5 c3c4 d5c4,1263,78,85,1245,advantage endgame long master pawnEndgame zugzwang
2Hewh,1r1r2k1/ppb1qppp/2n2n2/3p3b/1P3N2/P3PN1P/1B3PP1/1BRQR1K1 b - - 16 20,c7f4 e3f4 h5f3 d1f3,1603,76,95,14755,crushing master middlegame short
lkv3p,r2r2k1/pp3pp1/4bn1p/8/2B5/PqN2N2/1P3PPP/1Q1RR1K1 b - - 0 21,e6c4 f3d2 d8d2 d1d2,1978,78,92,3196,crushing middlegame short
VEVVN,8/8/8/pp6/P1p5/KbQ5/1P2k3/5r2 w - - 13 50,c3a5 f1a1 a3b4 a1a4 b4b5 a4a5,1148,87,92,965,crushing endgame fork long master
3U8Uh,8/8/P1K5/1B1P4/8/1r2b3/5pk1/5R2 b - - 2 78,b3b5 f1f2 e3f2 c6b5,1933,75,89,1854,crushing endgame intermezzo master masterVsMaster short
376Pz,r2qk2r/p1pn1p2/1p1p3p/3b2p1/4n3/2P1PNB1/P1Q1BPPP/3RK2R b Kkq - 1 14,d7f6 d1d5 e4g3 h2g3 f6d5 c2e4,1826,75,85,649,advantage long middlegame sacrifice
n5xAS,8/Q3kpB1/4qp2/p5r1/1p6/6PP/5P1K/8 b - - 5 43,e6d7 g7f6 e7f6 a7d7,1367,74,97,2526,crushing deflection endgame short
sJad6,8/p2k4/1ppnR3/3p2p1/3P4/PP3P2/2P1N1K1/7r b - - 3 41,h1c1 e6d6 d7d6 e2c1,1479,74,97,6672,crushing endgame short
Oi7IZ,8/5Qpk/7p/8/6K1/1Pq5/8/8 b - - 3 35,c3f6 f7f6 g7f6 b3b4 h7g6 b4b5,1032,75,98,666,crushing defensiveMove endgame long queenEndgame quietMove
TT6Kf,6rk/1p2q1rp/p1b1p3/3pNp2/1P1Q4/4R2P/5RP1/6K1 b - - 4 36,h7h6 e5g6 h8h7 g6e7,1004,86,93,2049,crushing middlegame pin short
YFdri,rn2kb1r/ppqb1ppp/4p3/3B4/8/1Q1P4/PP2PP1P/R1B1K1NR w KQkq - 0 10,b3b7 c7a5 c1d2 a5d5 b7d5 e6d5,1652,78,96,6808,advantage long opening
CHrQN,B1b4r/p3kpbp/1p2p1p1/2p5/5B2/1PN5/Pn3PPP/3RK2R w K - 1 17,d1c1 b2d3 e1d2 d3f4,1850,79,92,2963,crushing fork middlegame short
SQjan,r5k1/4pp1p/6p1/3P4/2n5/PRN5/2K2PPP/8 b - - 0 28,a8a3 b3a3 c4a3 c2b3,1751,73,96,8257,crushing endgame master short
7ufKS,8/2r5/p7/6p1/k2N4/P1p5/5PPP/R5K1 w - - 0 43,a1a2 c7d7 h2h4 d7d4,1960,78,91,1122,advantage endgame short
1TnbF,8/5k2/4p1p1/4P2p/1n3P1P/3pK1P1/3R1N1r/8 w - - 2 56,f2d3 b4d5 e3f3 h2d2,1443,78,93,1676,crushing deflection endgame master short
FHHtL,1r3k2/5p2/b3pQ2/p2pPn2/3P4/P7/6PP/B5qK w - - 0 34,h1g1 b8b1 g1f2 b1f1,1566,76,99,3296,endgame fork mate mateIn2 operaMate short
Up9bg,2r5/1p2kp1p/p2p4/q3P3/4Pp2/3Q1P2/bP1R2PP/2K2B1R w - - 1 24,d2c2 a5e1 d3d1 c8c2 c1c2 a2b3 c2b3 e1d1,1610,75,90,2617,attraction crushing deflection middlegame pin queensideAttack veryLong
T0lg6,3k4/R7/3K4/3P4/p3r3/8/8/8 b - - 7 54,e4d4 a7a8,1223,81,92,661,endgame mate mateIn1 oneMove rookEndgame
ZPY9l,6k1/p4n1p/p1p3p1/2r3q1/3N1r2/P3RP1P/5P2/3Q1K1R b - - 3 32,g5d5 e3e8 g8g7 d4e6 g7f6 d1d5,1689,77,94,1863,advantage discoveredAttack fork long master masterVsMaster middlegame
Eaq9b,1rr3k1/p5pp/4p3/3pNp2/1qPQn1P1/3R4/PP3P1P/1K5R w - - 1 23,c4d5 e4c3 d4c3 c8c3,1655,76,96,9092,crushing master middlegame pin queensideAttack short
F4ta3,8/8/7p/2k2BpK/P1p3P1/4n3/2P5/8 b - - 2 57,c5b4 h5h6 b4a4 h6g5,1716,77,91,3626,crushing endgame master short
eRzp9,2kr3r/pppR1p2/4p3/1q4pp/2N1p3/1PP1P3/P3QPPP/5RK1 b - - 0 21,d8d7 c4d6 d7d6 e2b5,1048,76,97,594,advantage discoveredAttack endgame queensideAttack short
NOXOT,2krr3/1pp1pp1Q/p1n1q1p1/3p2Pn/3Pb3/2N1PN1P/PPP1BP2/2KR3R w - - 1 18,f3e5 c6e5 c3e4 e8h8 h7h8 d8h8,1987,76,93,6712,advantage long middlegame trappedPiece
aAsRx,4rrk1/6pp/pqp1p3/2pp1Q2/2P5/1P1P3P/P5P1/4RRK1 w - - 0 24,e1e6 f8f5 e6e8 g8f7 f1f5 f7e8,1510,79,96,30417,crushing endgame long
iicBJ,r4r2/pp3pk1/3p3R/2pP1Pp1/2n3P1/2N5/PP6/1K5R b - - 3 25,f8h8 f5f6 g7g8 h6h8,1169,79,95,13310,endgame mate mateIn2 short
4CKcM,6Q1/p6p/8/P3p3/4P2k/2P2q2/P4r2/6RK w - - 4 35,g1g2 f2f1 h1h2 f3h3,1456,76,99,2833,endgame mate mateIn2 short
uei0B,rn1qk2r/ppp1bBpp/3p4/8/3PP1b1/5NPn/PPP3KP/RN1Q1R2 b kq - 0 10,e8d7 f3e5 d6e5 d1g4,1405,75,94,23311,crushing discoveredAttack opening short
5iG7c,4r1k1/pp4Rn/3q3P/5P1P/3np3/P1rp3N/1PPQ4/2K4R b - - 0 27,g8h8 g7h7 h8h7 h3g5 h7g8 h6h7,1994,75,93,1219,advancedPawn advantage attraction exposedKing kingsideAttack long middlegame sacrifice
sdKHM,rn1qkbnr/ppp3pp/8/4pb2/8/5N2/PPPP2PP/RNBQKB1R w KQkq - 0 6,f3e5 d8h4 g2g3 h4e4 d1e2 e4h1,1392,75,91,4419,advantage fork long opening
DlaII,8/1p2PQpk/2p4p/p7/P5P1/4q3/1P4K1/8 b - - 6 53,e3d2 f7f2 d2d5 f2f3,1741,76,88,1306,crushing defensiveMove endgame master queenEndgame short
mVwpR,4rrk1/1b1p1ppp/pNn5/5q2/1pB5/1P2QN2/5KPP/3R3R w - - 6 20,e3d3 f5c5 f2g3 c5b6,1647,75,95,8071,advantage fork middlegame short
l3GuJ,2k2R1r/7p/1p2p1p1/p2b4/P1pP4/2q5/5QPP/5RK1 b - - 1 31,h8f8 f2f8 c8b7 f1f7 b7a6 f8c8 d5b7 c8b7,1763,75,96,9408,endgame exposedKing mate mateIn4 veryLong
YuIFT,1KB1rrk1/p5pp/8/2p5/2P4P/2PP4/P6R/R7 w - - 7 33,a1b1 e8c8 b8a7 c8a8,1579,76,92,755,advantage endgame short
C7Lff,r3kb1r/1b1npppp/pq1p4/1p1N4/3PP3/1B2n3/PPQ2PPP/R3K1NR w KQkq - 0 13,d5b6 e3c2 b3c2 d7b6,1073,76,96,1621,crushing intermezzo opening short
8fJbc,r2q4/pp3pkp/2p2pr1/8/7Q/1P1PPR2/P1P3PP/5RK1 w - - 8 22,f3f6 g6f6 h4g5 f6g6,1344,76,88,846,advantage endgame short
CuSlj,8/3k4/6RP/7R/8/6PK/8/r4r2 w - - 13 83,h6h7 f1h1 h3g4 a1a4 g4g5 a4a5,1161,79,91,5064,advantage endgame long rookEndgame
YuAb2,5rk1/p5p1/1p2prqp/2p5/4R2Q/2P2P2/P1P3PP/5RK1 b - - 2 22,f6f3 f1f3 f8f3 e4g4 g6g4 h4g4,1817,72,94,10084,advantage endgame long master
8IfEi,3R4/4k3/8/3B1b2/3b4/2p5/4K3/8 w - - 1 63,d8g8 c3c2 e2d2 d4e3 d2e3 c2c1q,1471,77,93,1643,advancedPawn attraction crushing deflection endgame exposedKing long promotion
1qN2v,8/1p3pp1/p4k1p/P2pR2P/r2P1PP1/2P3K1/8/8 b - - 2 31,a4a5 g4g5 h6g5 f4g5,1351,76,93,2317,endgame mate mateIn2 rookEndgame short
VVNQh,1k6/p1p5/1pb5/n4B1p/P7/2P1rpP1/7P/R4RK1 w - - 0 32,f1e1 f3f2 g1f2 e3f3 f2g1 f3f5,1768,79,95,24228,advancedPawn advantage attraction endgame fork long
e7vFF,r3r1k1/pp3pbp/6p1/4P3/b2NP3/3P2QP/1PqB2P1/R2R2K1 b - - 0 20,g7e5 d4c2 e5g3 a1a4,1953,83,91,2094,advantage capturingDefender middlegame short
0we0H,5rk1/3nn1bp/pq4p1/1ppp1p2/3P2P1/1P1B4/PBP4P/R2Q1RK1 w - - 0 19,d4c5 b6c5 g1h1 g7b2,1347,76,91,1033,advantage master middlegame short
dHv17,4r3/1b4k1/p2p2p1/1pr3P1/5P1P/1Bp1p1K1/PP2R3/4R3 w - - 0 33,e2e3 e8e3 e1e3 c3b2,1924,77,96,3658,advancedPawn crushing endgame master short
Znsjo,6rk/pq3p2/1p3prp/4pQ2/1P5P/2P3P1/P4P2/R4RK1 w - - 1 24,a1d1 g6g3 f2g3 g8g3 g1f2 b7g2 f2e1 g3e3,1249,76,87,606,endgame epauletteMate kingsideAttack mate mateIn4 sacrifice veryLong
SsIz5,2r2rk1/pp2ppbp/2np1np1/q5B1/2P3b1/2N1PN2/PP2BPPP/2RQ1RK1 w - - 6 12,a2a3 g4f3 e2f3 a5g5,1169,81,94,909,capturingDefender crushing master masterVsMaster middlegame short
IrJWR,5rk1/1p2b2p/pq6/3pPBp1/3r4/1P1Q1RP1/P6P/5RK1 w - - 0 28,f5h7 g8g7 d3e3 f8f3,1990,77,88,1215,advantage middlegame short
4hmIZ,2br4/5pkp/p5p1/4p3/5P2/1BQ5/P1P1q1PP/6RK b - - 0 22,f7f6 c3c7 d8d7 c7c8,1006,85,89,1252,advantage deflection endgame fork master short
tQyTV,r3q1k1/1b2bp2/1p1np1p1/6Bp/1P1Pp1N1/8/P2Q1PPP/2R2RK1 w - - 0 25,c1c7 e7g5 d2g5 h5g4,1784,75,93,660,advantage master middlegame short
xaNAT,3r2k1/p2q1pp1/1p1p1n1p/3P4/4Q3/2N4P/PPP2PP1/4R1K1 w - - 2 20,e4e7 d8e8 e7e8 f6e8,1563,79,94,704,advantage endgame master short
8iZyz,8/pQ1krnq1/6B1/6p1/4PpP1/7P/P5P1/7K b - - 0 37,d7e6 b7d5 e6f6 d5f5,1558,76,97,2922,endgame mate mateIn2 short
CWZdK,7r/kp2qp2/p1p1nn2/3pQ1P1/3P4/4PP2/PP1B4/1K1R4 b - - 0 30,h8h5 g5f6 h5e5 f6e7,1406,77,96,18326,advancedPawn crushing middlegame short
7YYno,3r2k1/3q1p2/2p3pp/p1Q1P3/Pp6/1B5P/1PP2PP1/2K1R3 w - - 5 27,c5a5 d7d2 c1b1 d2e1 b1a2 d8d1,1230,76,96,5667,advantage defensiveMove endgame fork long
4EwUF,3r1rk1/5p1p/Qp4p1/8/1q2p3/1N2P3/Pb3PPP/3RR1K1 w - - 1 24,d1d8 b4e1 a6f1 e1f1 g1f1 f8d8,1177,75,96,4883,advantage hangingPiece long middlegame
zBqZe,5k2/p3pp1p/3p2p1/3P4/1r2P3/1P6/q4PKP/1RQ5 b - - 1 35,a2e2 c1c8 f8g7 c8c3 f7f6 c3b4,1431,77,97,7605,advantage endgame fork long
Ey4UK,1r3rk1/1Q3pp1/8/p7/P7/1P1q4/5PPP/R3R1K1 w - - 1 26,e1d1 d3d1 a1d1 b8b7,1236,77,85,710,advantage endgame short
ek8fH,R7/8/8/8/1k3K2/5P2/p5r1/8 w - - 0 57,f4e5 g2g5 e5f4 g5a5 a8a5 b4a5,1730,78,92,765,crushing endgame long rookEndgame
ETPH0,8/7p/6p1/3Pkp2/nR5P/4K1P1/1p6/8 w - - 2 47,b4b5 a4c3 b5b2 c3d1 e3f3 d1b2,1660,76,96,18793,crushing endgame exposedKing fork long
HMxAg,6k1/2p4p/2Np2p1/3P4/PP2p2P/6Q1/2Pqb2K/8 w - - 1 39,g3f2 e4e3 c6e7 g8g7,1452,76,86,1192,crushing endgame master short
PzwvA,3q4/2n2p1k/2P3p1/1p1np2p/pP5P/P2QNPPK/3N4/8 w - - 0 39,d2e4 d5f4 g3f4 d8d3,1509,75,94,5077,crushing discoveredAttack endgame master short
5Bp1l,5rk1/pp6/2p1p1pq/4Pn2/3P2Q1/2PB4/PP4R1/7K w - - 2 35,g2h2 h6c1 g4g1 f5g3,1397,77,87,1566,advantage endgame pin short
MsvkS,5rk1/2p4p/2P3p1/5n2/p1Q2Nq1/P5P1/5b1P/1R5K b - - 1 37,f8f7 b1b8 g8g7 f4e6 g7f6 c4g4,1479,74,86,1471,crushing discoveredAttack long middlegame
qxNuz,6k1/3b4/3q1p1p/1ppPr1p1/4Pp2/r1PQ1P1P/6P1/1B1RR1K1 b - - 0 34,e5e8 e4e5 f6e5 d3h7,1099,79,92,1067,advantage clearance master middlegame short
jZu3F,rnbqk2r/p1pp1ppp/1p2pn2/8/1bPPP3/2N2P2/PP4PP/R1BQKBNR b KQkq - 0 5,f6e4 f3e4 b4c3 b2c3,1423,76,92,3403,advantage hangingPiece opening short
9ppz7,8/p5pp/4kp2/PP2n2Q/1P1B4/1q6/2r3PP/R5K1 w - - 3 32,d4e5 b3e3 g1h1 c2c1 h5d1 c1d1,1715,76,92,1506,crushing endgame long master masterVsMaster
n7nMr,8/3kb1Q1/4p3/3q4/8/8/2p2PPP/2R3K1 w - - 0 43,g7b2 d5d1 c1d1 c2d1q,1132,77,98,1099,advancedPawn backRankMate endgame master mate mateIn2 promotion short
d7gYq,6k1/1p3pb1/1R1P2pp/8/6q1/4Q3/5P2/6K1 w - - 2 28,e3g3 g4g3 f2g3 g7d4 g1f1 d4b6,1543,74,99,2821,crushing endgame fork long
jILcg,r1b1nrk1/pp1p1p1p/4p1p1/4P1q1/2PQ4/3B4/PP3PP1/R2NK2R b KQ - 1 13,g5g2 d4h4 g2h1 h4h1,1809,77,89,583,crushing middlegame short
wrvx8,6k1/5p2/8/P5p1/1K6/2P3rp/8/3R4 b - - 0 42,g5g4 a5a6 g3e3 d1d8 g8g7 a6a7,1794,75,100,879,advancedPawn crushing endgame long rookEndgame
9viqX,4k3/pp1rqp2/2p1p1rp/2P3pQ/3P4/P4RP1/1P4PP/5RK1 b - - 8 34,e8d8 f3f7 e7f7 f1f7 d7f7 h5g6,1052,78,96,1759,capturingDefender crushing endgame long
n1Tej,4r1k1/1R2Br1p/p4bp1/2p5/N7/7b/PPP1RP1P/6K1 w - - 10 24,e7f6 e8e2 b7b8 f7f8,1157,83,88,607,advantage hangingPiece middlegame short
V1SEV,4R3/6pk/2p3p1/1rPp1pP1/3P1P1P/r1n1RNK1/8/8 b - - 9 44,c3e4 e8e4 d5e4 e3a3,1842,79,88,548,advantage endgame short
bMZ5h,r5k1/4Rpp1/1r2P2p/5P2/7n/8/P6P/5RK1 b - - 0 29,a8a2 e7e8 g8h7 e6f7,1811,75,93,1539,advancedPawn advantage deflection endgame master short
eGLp1,2rr1bk1/p4pp1/4p1qp/1p6/2pPpPN1/2P1P1QR/PP4PP/5RK1 b - - 9 24,f7f5 g4h6 g6h6 h3h6,1368,76,100,1448,crushing kingsideAttack middlegame pin short
qLpKs,Rb3r1k/1P4p1/2rq4/1Qp1pp1p/2Pp4/3P4/1B3PPP/R5K1 b - - 2 30,e5e4 a8b8 f8b8 a1a8 h8h7 a8b8,1348,76,94,1354,advantage attraction clearance long middlegame sacrifice
OHZCN,r1b4r/p4pk1/3p2q1/2p1p1N1/1p2P1Q1/1P1P3P/1PP3P1/R4R1K w - - 6 29,g4g3 f7f6 g5e6 c8e6 g3g6 g7g6,1980,76,91,3189,advantage long middlegame
Dg1eK,8/1p4k1/2pK1p2/3n4/1r4B1/8/8/6R1 b - - 0 64,g7f7 g4e6 f7f8 g1g8,1318,75,97,7743,endgame mate mateIn2 operaMate short
SrBb4,r1qrb1k1/pp2ppbp/2n3p1/3NPn2/2BP4/1Q3N1P/PP3BP1/3R1RK1 w - - 15 18,c4b5 c6a5 b3d3 d8d5 b5e8 c8e8,1932,75,94,7674,crushing long middlegame
YrV5F,r1b3k1/pp1p3n/2p4N/8/8/4r3/PP4PP/2R2RK1 b - - 0 26,g8g7 h6f5 g7g8 f5e3,1151,76,99,1923,advantage fork middlegame short
tka0G,6rk/pp5p/3Rqnrp/5N2/4PQ2/2P4P/P4P2/3R2K1 w - - 1 26,g1h1 e6e4 f4e4 f6e4,1799,75,88,975,advantage middlegame short
5GxGN,r5k1/pp3pp1/8/2b1n1q1/4BP2/7b/PPQ3PP/3R1RK1 w - - 1 21,c2c5 e5f3 e4f3 g5c5,1271,80,92,1615,advantage discoveredAttack middlegame pin short
F3xVb,6k1/5p2/q3pPp1/P1bpP3/2pN2P1/8/3Q2K1/8 b - - 1 40,c5d4 d2h6 c4c3 h6g7,1339,77,92,536,endgame mate mateIn2 short
8F5mr,4r2k/7p/2p1K3/3n2r1/3P1p2/3B3R/P4P1P/2R5 w - - 1 33,e6f7 e8e7 f7f8 g5g8,1374,76,94,1095,endgame mate mateIn2 short
urWee,r2r2k1/pb1n2pp/1pp1p3/5p2/2PP1QNq/3B4/PP3PPP/R3R1K1 w - - 0 16,g2g3 h4g4 f4g4 f5g4,1386,77,92,1522,crushing middlegame short
4MDjv,6r1/7R/1p6/1P6/3P4/4K3/2P3kp/8 w - - 0 49,d4d5 g8g3 e3d4 g3h3 h7h3 g2h3,1738,75,98,1195,crushing endgame long rookEndgame
TZRxG,r4rk1/2p2ppp/p7/1p2R3/3P4/P1PQ1P1P/2B2q2/2K5 b - - 2 27,f8e8 d3h7 g8f8 h7h8,1007,76,100,519,endgame mate mateIn2 short
R1t9D,r2q1rk1/pp2bppp/1n1p4/B2Pp3/4b3/1QP2N2/P3BPPP/R4RK1 b - - 6 15,e4d5 a5b6 d5b3 b6d8 f8d8 a2b3,1180,78,88,666,advantage long middlegame
0pVku,5qk1/1p4r1/p1rp3Q/8/2P2p2/7P/PB3PP1/2R3K1 b - - 0 35,d6d5 b2g7 c6h6 g7f8,1660,80,94,12746,crushing endgame short
Lrqmr,k2r4/2Q1qp2/2b2n2/8/6pr/P1N1P3/1PP2PP1/R4RK1 w - - 0 23,c7e7 d8h8 f2f3 g4g3 e7d8 h8d8,1626,75,94,704,advantage long middlegame quietMove
ui6VZ,5r2/2R5/3rpk2/3pNp2/1P1P2p1/6P1/5P1P/7K b - - 0 35,d6b6 e5d7 f6e7 d7b6,1292,77,87,629,crushing discoveredAttack discoveredCheck endgame fork master short
C5Yd0,5k2/2r3b1/b3pNB1/p2pP1P1/qn1P1P2/2P5/1Q6/2KR3R w - - 9 33,g6h7 c7c3 b2c3 b4a2 c1b2 a2c3,1825,75,94,3868,advantage attraction exposedKing fork long middlegame sacrifice
RTBRj,4r1k1/1p5p/p7/6p1/1R3n2/1nN5/1P1p1PPP/3R2K1 w - - 2 33,b4b3 e8e1 d1e1 d2e1q,1261,74,96,28341,advancedPawn endgame mate mateIn2 promotion short
T2b1A,r3r1k1/pp3pbp/3R2p1/2Q5/P3N2q/2P2P2/1P3P1P/R5K1 w - - 1 19,c5g5 e8e4 g5h4 e4h4,1379,75,86,526,advantage middlegame short
Ob1oV,7r/pr2kpQp/4p3/qB1pP3/3p4/8/P4PPP/5RK1 b - - 0 20,b7b8 g7f6 e7f8 f6h8,1154,78,99,790,crushing endgame interference short
grnY2,r2r2k1/pq2bppp/4pn2/1P1bN1B1/P1Np4/1Q1P4/1P3PPP/R4RK1 w - - 7 18,e5c6 d5c6 c4a5 c6d5 a5b7 d5b3,1755,78,91,1476,advantage long middlegame
2sEeW,3b3k/1p3Qp1/p7/5K2/1P1p1pP1/P2q4/8/2R5 w - - 0 38,f5e6 d3b3 e6d7 b3f7,1767,75,95,11743,crushing deflection endgame short skewer
kLGLH,r1bqk1nr/p4pbp/2p1p1p1/3pP3/2BQN3/8/PPP2PPP/R1B1K2R w KQkq d6 0 11,e4d6 d8d6 e5d6 g7d4,1445,78,94,11609,crushing opening short
ikROc,r4rk1/4q1p1/1p2pn2/p1p1Q3/1P2P1Pp/P1B4P/2PP1P2/2KR3R w - - 0 20,g4g5 f6d7 e5g7 e7g7 c3g7 g8g7,1515,75,89,4218,advantage long middlegame
hSvXm,1rb2rk1/p1p2ppp/2pp4/8/4QB2/2q2P2/P1P3PP/3KRB1R w - - 2 15,e4d3 b8b1 f4c1 b1c1 d1c1 c3e1,1784,74,95,4758,advantage attraction deflection long middlegame
a4s8l,8/8/6K1/8/p7/2Q2p2/kp2bB2/8 w - - 2 87,c3b4 b2b1q b4b1 a2b1,1410,77,100,1818,advancedPawn crushing endgame promotion short
jUcZk,8/p4pk1/2p5/2P4p/7P/P2q1QK1/5P2/8 b - - 3 56,d3f3 g3f3 g7f6 f3f4 f6e6 f4g5,1287,75,95,2306,crushing endgame long
NR5VG,1bb2q2/4k1p1/4p1P1/rN1p3Q/P1pP1P2/6K1/3B4/1R6 b - - 4 41,a5a8 d2b4 e7d7 b4f8,1458,78,95,3083,crushing master middlegame short skewer
4fiA4,5rk1/pb2b1pp/1p2p1q1/8/3P1B2/4Q1NP/PP4P1/5RK1 b - - 2 25,e7d6 f4d6 f8f1 g1f1,1606,75,94,3138,advantage hangingPiece middlegame short
yjOeR,r3k3/pp1b1pr1/1bn1p3/1B2q1N1/2QpN3/8/PPP2PPP/1K1R3R w q - 2 17,h1e1 g7g5 e4g5 e5g5,1801,75,91,2196,advantage middlegame short
ijKlN,7r/R2nkpp1/1p2p3/1P1pP3/2pP2p1/N1P5/3QKPP1/7q b - - 7 28,h1g2 d2g5 e7e8 a7a8 d7b8 a8b8 e8d7 b8h8,1351,76,95,6031,crushing endgame skewer veryLong
NtVRz,6r1/1b1pkN1p/2n1p2p/8/3P4/P6P/4BPr1/2R2R1K w - - 1 28,f7h6 c6d4 h6g8 g2g8 f2f3 d4e2,1813,78,91,1105,crushing discoveredAttack discoveredCheck exposedKing long middlegame
y4awL,4r1k1/5ppp/p2q1n2/1p2P3/2p5/2P2QP1/PP3B1P/4R1K1 b - - 0 27,e8e5 f3a8 f6e8 a8e8 e5e8 e1e8 d6f8 e8f8,1804,75,88,1288,crushing endgame veryLong xRayAttack
bYD7C,1r3rk1/R2n1p2/6p1/1PpBp2q/2P1Pb2/1P3P2/6QP/6RK b - - 1 29,d7f6 g2g6 h5g6 g1g6 g8h7 g6f6,1580,74,100,1827,advantage kingsideAttack long middlegame pin
P3YRC,r2qkb1r/ppp2ppp/2n5/4p2b/8/2NP1N1P/PPP2PP1/R1BQR1K1 b kq - 2 10,f8d6 f3e5 d6e5 d1h5,1980,74,93,10871,advantage discoveredAttack opening short
k4VVV,r4rk1/p5pp/b2P1p2/1ppP1P2/1q1n2PP/1PNQ4/P5B1/R4RK1 w - - 1 26,g4g5 b4c3 d3c3 d4e2 g1h2 e2c3,1534,76,92,831,advantage attraction exposedKing fork long middlegame sacrifice
xff55,r3k2r/p2b4/2pq1p1p/3pb1p1/8/P1N2NP1/1PP3PP/R2QR2K w kq - 2 22,c3e4 d5e4 d1d6 e5d6,1395,75,96,3285,advantage middlegame short
Smg6Y,2kr3r/bp6/2pq3p/1P3bp1/5N2/P2P1Q1P/3B1PP1/1R3RK1 w - - 0 24,d2b4 d6f4 f3f4 g5f4,1525,76,93,1307,advantage middlegame short
aaiMA,8/1bk5/3p4/1PbPp2p/B1N1Pp2/2P2PpP/4K1P1/8 w - - 3 46,e2d3 b7c8 h3h4 c8h3,1987,74,94,7210,crushing endgame master short
fdR1c,4r1k1/5ppp/1p1q4/2pP4/Q3nP2/8/PP4PP/3rBR1K b - - 1 28,d1e1 a4e8 d6f8 e8f8 g8f8 f1e1,1372,78,90,2210,advantage endgame hangingPiece long
6YtZV,6R1/1p6/p1p4p/1b5k/1P5P/2B3P1/7K/3r4 b - - 2 47,d1c1 g3g4 h5h4 c3f6,1322,78,93,4117,endgame mate mateIn2 short
dE8Jg,8/1p3k2/2p5/2pnKPPN/8/8/8/8 b - - 5 48,c5c4 g5g6 f7e7 f5f6 d5f6 h5f6,1319,80,94,6285,crushing endgame exposedKing knightEndgame long
MFnpp,1k6/1p3pp1/1P5b/4r3/2R5/8/1P1n1PK1/R7 b - - 1 39,e5e6 a1a8 b8a8 c4c8,1492,75,96,11244,attraction endgame master mate mateIn2 sacrifice short
FIi7x,5k2/7p/p2pb1p1/4p3/4P3/q1r2QP1/2P3P1/1R5K b - - 1 29,f8g7 b1b7 g7g8 b7b8 e6c8 b8c8 c3c8 f3a3,1424,75,100,742,crushing deflection endgame veryLong
jG272,6k1/p4pp1/5b1p/8/1q6/3B1QP1/1P3P1P/6K1 b - - 0 30,a7a5 f3a8 b4f8 d3h7 g8h7 a8f8,1096,76,98,1547,crushing deflection endgame long master
B0lAZ,4B3/p1k5/P7/2P1np2/1P4pP/2r1p1P1/5P2/1R4K1 w - - 0 43,f2e3 e5f3 g1f1 f3d2,1058,89,93,1290,advantage endgame master masterVsMaster short
t5APd,8/p1k3p1/1p3p1p/1P5P/P2R1PP1/3K4/8/6r1 w - - 1 41,f4f5 g1d1 d3c4 d1d4 c4d4 c7d6 d4c4 d6e5,1307,78,96,21848,crushing endgame exposedKing rookEndgame veryLong zugzwang
emXH5,5n2/p4kQ1/1r2N3/3nP2p/Pq1P1P2/6P1/7P/5RK1 b - - 0 35,f7e6 f4f5,1551,84,94,4576,endgame mate mateIn1 oneMove
tIfIu,r3rnk1/pp3p2/1qp2ppP/3P4/1b6/2Q1BN1P/bPP1BP2/2KR3R b - - 0 17,e8e3 c3f6 b4c3 b2c3 b6b1 c1d2 e3e2 d2e2,1899,77,95,4215,advantage middlegame veryLong
KORht,3Q4/1p4qk/p3p2p/2p5/2P5/1P1Pn3/P5PP/5RK1 w - - 1 33,f1f2 g7a1 f2f1 a1f1,1198,75,100,2398,endgame mate mateIn2 short
gtHIX,8/6pk/5p1p/5K2/4Q1PP/8/8/r7 w - - 31 69,e4e8 a1f1 f5e6 f1e1 e6d7 e1e8,1298,76,97,12945,crushing endgame long queenRookEndgame skewer
wdkpd,7r/6k1/p2p1qp1/P1p2p2/2P1PPb1/1P1P4/R1KB2r1/2Q1R3 w - - 4 39,c1b2 g2d2 c2d2 h8h2 d2c1 h2b2,1884,78,92,504,attraction crushing long middlegame sacrifice skewer
qwITd,5rk1/p5p1/2Q3R1/1p5q/1K1P4/2P5/5P2/8 b - - 5 46,f8f2 c6e8 g8h7 g6g7 h7g7 e8h5,1350,75,94,2712,crushing discoveredAttack endgame long
SZMSl,2rq1knr/p3p2p/2Q3p1/3pb3/8/2N1BP2/PP3P1P/R3K2R w KQ - 1 15,c6d5 e5c3 b2c3 d8d5,1130,76,100,1102,crushing intermezzo middlegame short
x9fNk,3r1k2/5ppp/p2P4/3R4/3Q4/6P1/5PKP/2q5 b - - 2 35,d8d7 d5c5 c1c5 d4c5,1399,75,85,501,crushing endgame short
eN78e,5r1k/1p1bb3/pq1p3p/4p1pN/5rP1/1PQ2N2/P1PR1PP1/3R2K1 b - - 8 27,f4g4 f3e5 d6e5 c3e5 e7f6 h5f6 b6f6 e5f6,1444,75,93,1385,crushing exposedKing fork middlegame veryLong
mYqjz,rnb2rk1/p3q1p1/4pb2/2pp2NQ/7P/2P3N1/PP3PP1/R3K2R b KQ - 3 15,f6g5 h4g5 g7g6 h5h8 g8f7 h1h7,1579,78,94,1931,crushing kingsideAttack long middlegame
hAnh6,3rk2r/pp3pbp/2p1bnp1/2q1B3/2P1P3/2N5/PP2BPPP/R1Q2RK1 w k - 5 14,c1f4 f6h5 e5g7 h5f4,1401,77,85,1307,advantage middlegame short
kjLO8,r4rk1/p4pp1/2pb1n1p/4n3/8/2NP2Pq/PP2BP1P/R1BQ1RK1 w - - 1 19,c3e4 f6g4 e2g4 e5g4 d1g4 h3g4,1620,76,93,4691,crushing long middlegame
wsFpn,8/8/p3k3/P3p2p/2Kp3P/2p5/8/4R3 w - - 3 49,c4c5 d4d3 c5c4 d3d2 e1d1 c3c2,1738,76,94,1825,advancedPawn crushing endgame long rookEndgame
WybCU,8/1p1k4/p6p/P1pP1ppP/2P5/3PK1P1/8/8 b - - 2 39,d7d6 d3d4 f5f4 g3f4,1456,77,94,1278,crushing endgame pawnEndgame short
pb9Tr,4k2r/2rq1p2/p2b1Bp1/1p1P1b2/4p2p/1PP3PP/P2Q1R1K/5RN1 w k - 0 27,f6h8 h4g3 h2g2 g3f2,1738,76,87,633,advancedPawn advantage fork master middlegame short
rJHyb,7r/1p6/4kP2/4P1K1/P1p4p/7R/8/8 w - - 1 47,h3h4 h8h4 g5h4 c4c3,1434,75,99,3363,crushing endgame master rookEndgame short
RkbIM,2kr3r/p1p2pp1/2p1p3/4P1Pb/2q1PP1p/2Nn3P/PP1R3K/R1B3Q1 b - - 8 22,d3f4 d2d8 h8d8 c1f4,1311,75,94,6064,advantage discoveredAttack master middlegame short
gK7EP,2kq3r/1r3R2/pp2Q3/2p5/P3P2P/3P4/1PP5/6K1 b - - 2 32,b7d7 e6c6 d8c7 c6a8 c7b8 a8b8 c8b8 f7d7,1675,74,94,10150,crushing endgame exposedKing veryLong
VKeiD,r1b3k1/pp4pp/2p5/4p1r1/2B2n2/8/PPP2P1B/2KR3R b - - 1 23,c8e6 h2f4 e6c4 f4g5,1374,77,91,2404,advantage middlegame short
SJSTU,5R2/8/8/4p3/4k2P/3p4/7r/3BK3 w - - 2 55,f8h8 e4e3 e1f1 h2h1 f1g2 h1d1,1963,76,96,7902,crushing endgame exposedKing long master skewer
MYNJu,8/4R2p/1p1P2pk/1Pp1N3/3q4/5K2/6PP/8 b - - 5 36,d4d6 e5f7 h6g7 f7d6,1214,77,88,722,crushing discoveredAttack endgame fork short
KwnYe,1k1r3r/1bq1b1pp/p1p5/1pPPn3/1P4Q1/P5P1/1B1N2BP/R4RK1 w - - 0 20,g4g7 e7c5 b4c5 c7g7,1532,75,97,4209,advantage discoveredAttack middlegame short
IYwNA,R7/7p/5pk1/8/6P1/6r1/P3p3/4K3 b - - 6 34,g3g4 a8g8 g6f5 g8g4 f5g4 a2a4,1698,76,97,1452,crushing defensiveMove endgame long rookEndgame
LQ2Mv,4rr1k/p3q1pp/1p3p2/2pRP3/P3QP2/8/1P3P1P/4R1K1 b - - 1 25,f6e5 d5e5 e7e5 f4e5,1634,75,96,20010,crushing endgame master short
eYFBP,8/3R4/5k1p/p2KN1bP/3P1pp1/2P3r1/1P6/8 b - - 1 44,f4f3 d7f7,1011,76,100,834,endgame hookMate master masterVsMaster mate mateIn1 oneMove
CnhZ9,3rq1k1/pR4bp/2p5/5p2/P1b2B2/6QP/2P3PK/8 b - - 3 29,d8d7 b7b8 e8b8 f4b8,1772,76,89,1674,advantage middlegame pin short
VkAMp,8/6kp/8/1P2Kp2/4p3/r6P/8/1R6 b - - 0 42,a3h3 b5b6 h3d3 b6b7,1428,80,94,2845,advancedPawn crushing endgame master rookEndgame short
w2AEW,r2qr1k1/p4pbp/6p1/4p3/3pQ3/1NP5/PP3PPP/3RK2R w K - 2 19,c3d4 e5d4 e4e8 d8e8,1142,76,96,1229,crushing middlegame pin short
8paAE,7r/3q2bp/4p1k1/1p3nB1/2pP4/1n2P3/1PK1BPQ1/7R b - - 1 27,g6f7 e2h5 f7g8 g2a8,1289,75,88,2156,crushing middlegame short
AVpPn,8/8/3ppk2/4n1p1/4P2p/3N1P1P/4K1P1/8 w - - 8 49,e2e3 e5d3 e3d3 f6e5 d3e3 d6d5,1792,75,94,2525,crushing endgame knightEndgame long zugzwang
A2yda,k5R1/1p2qp2/p3p3/2bp1p2/3N1P2/1Q2P3/PPP4r/1K6 b - - 1 28,a8a7 d4c6 b7c6 b3b8,1020,77,100,897,endgame mate mateIn2 sacrifice short
wpH4m,4rr1k/1pp2p1p/p5P1/2q1Pb2/3N1Q2/2P1K3/PP6/6RR b - - 0 26,c5e5 f4e5 e8e5 e3f4 f7g6 f4e5,1070,82,93,583,advantage attraction long middlegame
MjA60,8/8/6pK/pp1p1kP1/3P4/2P5/PP6/8 w - - 1 47,b2b3 b5b4 c3c4 d5c4 b3c4 a5a4,1664,78,93,1000,crushing defensiveMove endgame long pawnEndgame
kNwXw,5r1k/2P2rpp/pQ6/8/P2Pp3/4PpP1/5P1q/1RR1K3 w - - 0 34,c7c8q h2g1 e1d2 g1f2 d2c3 f8c8,1659,75,92,922,crushing deflection interference long middlegame
rG9Px,6B1/pppQ4/2np3p/4p3/4k2q/P3P2P/1PP3P1/6K1 b - - 0 26,c6e7 d7a4 e4e3 a4h4,1397,76,100,1451,crushing endgame short skewer
iBORm,b4k1r/4R3/p2p1pp1/1p6/3B4/2P3np/PP5P/1N3RK1 w - - 1 29,h2g3 h3h2 g1f2 f8e7,1857,75,94,2817,advancedPawn advantage endgame short
empHW,b2r3k/2p2q1p/N1n2bp1/1p2p3/7n/P1P2N2/1P1B1PPP/R2QR1K1 w - - 1 28,f3g5 f6g5 d2g5 d8d1,1394,76,86,887,crushing middlegame short
TXROe,8/1p5r/p1p1k3/P1PpPnR1/3P1P1B/2P3KP/8/8 w - - 3 89,g3g4 h7h4 g4f3 h4h3,1277,75,95,1638,advantage deflection endgame master short
cR73z,6rk/pp2Rp1p/3p4/2pB1P2/3b4/5Q1P/PP2K1P1/6q1 b - - 4 28,g8g2 f3g2 g1g2 d5g2,1105,84,95,2784,crushing endgame master short
yixqt,r4rk1/pp3ppp/2nqb3/2pp2N1/3P4/P1P5/B1P2PPP/R2QR1K1 b - - 2 14,f8e8 d1h5 h7h6 e1e6 d6e6 g5e6,1952,76,92,2424,crushing long middlegame
tiITp,5rk1/1p1qnppp/p3p3/3p4/5NQ1/6P1/PPr2P1P/3R1RK1 b - - 5 21,c2b2 f4h5 e7g6 g4d4 e6e5 d4b2,1732,76,94,2573,advantage clearance long middlegame
nBP4v,2kr3r/1p2q3/p7/3P2p1/1n1Pp2p/1B6/PP2QBPP/4R1K1 b - - 0 22,b4d3 e2d3 e4d3 e1e7,1748,79,93,621,advantage discoveredAttack middlegame short
97wR8,3r1rk1/1b3pp1/p1q1pb1B/1pPn4/1P2N3/P2B1P2/2PQ2PP/3R1RK1 b - - 2 19,g7h6 e4f6 d5f6 d2h6,1949,79,92,4283,crushing intermezzo kingsideAttack middlegame short
F6UsK,rnbqk2r/pppp1pp1/4pn1p/6B1/1b1P4/2NQ4/PPP1PPPP/R3KBNR w KQkq - 0 5,a2a3 b4c3 d3c3 h6g5,1571,75,95,20111,advantage opening short
oO50L,8/5Qpk/4p2b/3p3N/4n3/5P1P/6PK/1q6 b - - 2 36,e4g5 h5f6 h7h8 f7f8,1158,75,100,988,endgame mate mateIn2 pin short
B65rT,r2qk2r/p1p3p1/1pb1ppPp/3pP3/3P1PQb/2P5/PP5P/RNB2KR1 b kq - 1 16,f6e5 g4e6 h4e7 e6c6,1546,76,93,1943,advantage fork middlegame short
3AurH,2rr2k1/1p3ppp/3bp3/p2p1b2/Pn1qn3/1BN2N1P/1PPB1PP1/1R1Q1RK1 b - - 1 19,d4d2 f3d2 e4c3 b2c3,1127,78,92,6700,advantage middlegame short
KOAuI,4rr1k/p7/5q1p/1p5B/2pP2P1/PnP5/1P4QP/3R2K1 b - - 7 32,f6f3 g2f3 f8f3 h5e8,1650,76,94,542,advantage middlegame short
MIOcD,8/5pp1/2k1p2p/3pP2P/p2P1PP1/P2K4/8/8 b - - 0 39,g7g6 g4g5 h6g5 h5h6,1641,79,93,1278,crushing endgame pawnEndgame short
kSkxL,6k1/6p1/1q1p3p/4p2P/1p6/pP1QbP2/P1P5/K2R4 w - - 1 33,d3d6 e3d4 d1d4 b6d4 d6d4 e5d4,1559,77,89,706,crushing endgame long
GyRv6,8/3rBP2/p1r1k2p/P3P1pP/1p2K1P1/2p5/5R2/8 b - - 2 51,c6c8 f7f8q c8f8 e7f8 d7d2 f2f6,1990,78,91,1161,advancedPawn crushing endgame long promotion
73Nhm,r1b2rk1/5ppp/pq3n2/2b5/1p2P3/1BN1B1Q1/PPP3PP/3R1RK1 w - - 4 17,f1f6 c5e3 g1h1 b6f6,1342,76,89,1392,advantage intermezzo middlegame short
zTN58,r4rk1/1bp5/p1p1p1p1/3pP1p1/2PP1p2/1P2P2R/P2N2PP/R5K1 w - - 0 19,d2f3 g5g4 h3h4 g4f3,1206,76,95,7592,advantage endgame fork short
KrsU8,8/r2R4/8/7P/8/2K1k1P1/3p4/8 w - - 0 56,d7d2 a7c7 c3b3 e3d2,1698,75,97,2405,crushing deflection endgame rookEndgame short
DcZrv,2kr3r/ppp2p2/2p5/8/3qPQ1R/1P1P1Pp1/2PRK1P1/5B2 w - - 6 27,h4h8 d4f2 e2d1 f2f1,1246,76,87,785,deflection endgame mate mateIn2 short
WyhLw,4Rr2/p6k/1ppn1q2/3p1b1P/3P1Q2/1PN3R1/P4PP1/6K1 b - - 0 26,f8e8 g3g6 e8e1 g1h2 f6g6 h5g6,1550,77,94,9474,crushing long middlegame
hQ2bO,6k1/pp3pp1/4bq1p/2r5/8/5N1P/P1PQ1PP1/3R2K1 b - - 1 24,e6h3 d2d8 f6d8 d1d8 g8h7 g2h3,1333,76,88,1143,advantage endgame long
dvRXV,2kr4/pp4p1/2p1pn2/8/2PPp2Q/1P4B1/P2q1RK1/8 b - - 5 32,d2d3 h4f4 d3g3 f4g3,1620,76,94,4874,advantage endgame short
mnomG,r1bqk2r/pppp1p2/2n2n2/6B1/2B1P3/2Q5/P4PPP/5RK1 b kq - 0 15,e8g8 g5f6 d8f6 c3f6,1147,77,90,567,crushing middlegame short
2pYgf,6k1/5pp1/p6p/8/3Pq1b1/1P1r2P1/P1Q2R1P/5RK1 w - - 7 30,f2f7 d3g3 h2g3 e4c2,1570,77,94,513,advantage discoveredAttack endgame short
rmDy7,3q2k1/1b3ppp/p3pb2/1pp1P3/6Q1/1P4P1/PBP2PBP/6K1 b - - 0 24,b7g2 e5f6 g7g6 g1g2,1357,79,93,8300,crushing endgame intermezzo short
p5OzA,2kr4/ppp2Npp/2nb1n2/6q1/8/8/PPP1QPPP/R4RK1 b - - 1 15,d8e8 e2e8 f6e8 f7g5,1755,75,100,1195,advantage middlegame short
omO0e,7R/r4k1p/4pp2/4p3/8/8/r5P1/5RK1 b - - 1 38,a2e2 h8h7 f7g6 h7a7,1006,76,100,611,endgame master
rDtbM,1k2r3/1p4p1/p1n3p1/2p1P3/2Q1R1P1/P1B3q1/1P6/1K6 w - - 3 33,c4c5 g3d3 b1a1 d3e4,1532,76,89,938,advantage endgame fork short
1K4tJ,3r3k/3r2pp/4Q3/1p3pq1/p2P2P1/6RR/5P2/6K1 b - - 3 34,d7e7 h3h7 h8h7 g3h3 g5h6 h3h6 g7h6 e6e7,1541,75,98,2930,attraction crushing endgame sacrifice veryLong
2iAIX,r1bq1rk1/ppp2ppp/2nbp3/3p4/3Pn3/2PBPNB1/PPQ2PPP/RN2K2R b KQ - 8 8,e4g3 d3h7 g8h8 h2g3,1364,76,95,10181,crushing intermezzo opening short
XTtZP,2k4r/pp3QRp/8/P7/q7/3Pr3/P2R4/3K4 w - - 1 27,d1c1 e3e1 c1b2 a4b4 f7b3 b4d2 b3c2 d2c2,1419,76,95,19981,crushing endgame exposedKing fork veryLong
RcLRZ,6rk/pp3q2/2p1p2p/2P1Prp1/4pP2/4PbRP/PP1B1Q1K/6R1 b - - 15 32,g5g4 h3g4 f3g4 g3g4 f5h5 g4h4 g8g5 g1g5,1930,76,92,1111,advantage middlegame veryLong
bMlCv,2r3k1/4Bppp/p3q1n1/1p1bn2Q/8/1P4NP/P4PP1/1B2R1K1 w - - 1 29,e7a3 e5f3 g2f3 e6e1,1378,76,94,2348,advantage discoveredAttack kingsideAttack middlegame short
DjC2Z,8/8/4k3/p7/P7/8/2K4p/6bR w - - 3 64,c2d3 e6d5 d3c3 d5c5,1386,79,92,4082,crushing defensiveMove endgame short zugzwang
PINWC,rn1qkb1r/p1p1pb1p/1p3pN1/7Q/3P4/2P5/PP3PPP/R1B1KB1R w KQkq - 1 11,h5b5 c7c6 g6h8 c6b5 f1b5 b8d7 h8f7 e8f7,1428,76,93,1073,advantage defensiveMove opening veryLong
p3GCB,2r3k1/5p2/pQ2b1p1/1p1p4/8/1P4R1/P1P3P1/q4BK1 b - - 5 30,a1a2 g3g6 g8h7 g6e6 f7e6 b6b7 h7g8 b7c8,1963,79,91,1400,crushing endgame fork veryLong
aFWos,2kr3r/1pp2p1p/pbbq1p2/8/1P2p3/P3P2P/1BPP2P1/RN1Q1RK1 w - - 3 16,b2f6 b6e3 d2e3 d6d1 f1d1 d8d1,1195,79,97,1340,advantage kingsideAttack long middlegame
1HNM8,8/3Q4/8/7p/4p3/4qp2/7k/4NK2 w - - 8 63,d7d6 h2h1 e1f3 e3f3,1402,76,90,854,crushing defensiveMove endgame master short
JswaV,2r5/1q3pk1/p5Pp/3pPN2/3P1P2/2P4Q/3n2P1/6K1 b - - 0 30,g7g6 h3g4 g6h7 g4g7,1683,74,96,2050,endgame mate mateIn2 short
JPytn,r3r1k1/1bp2p1p/p5pb/3Pp1q1/P3Pn2/2N1BP2/2BQ2PP/R4RK1 w - - 3 22,f1f2 f4h3 g1f1 g5e3 d2e3 h6e3,1544,75,90,791,advantage discoveredAttack kingsideAttack long middlegame pin
gqB4p,1k5r/1b6/p1n4b/1p1pP3/2pPq2P/2P2QP1/PP4P1/3R1R1K b - - 6 29,b7c8 f3f6 e4h7 f6c6,1628,77,94,1824,advantage fork middlegame short
CnpuR,6k1/p1R2ppn/3p4/8/4N3/5r1P/P1P5/6K1 b - - 1 25,h7f6 c7c8 g8h7 e4g5 h7h6 g5f3,1530,74,92,2211,crushing endgame fork long
iW8ZZ,6k1/5p1p/P3p1p1/8/2Kb4/1B3P1P/P1Q5/6q1 b - - 3 55,g1e3 c2d3 e3d3 c4d3 d4f2 d3c4,1824,77,89,1353,crushing defensiveMove endgame long master
TJ2va,r7/7Q/ppkq1p2/3pr3/3R1P2/1N6/PP3P2/5K2 b - - 0 31,e5e4 d4e4 d5e4 h7e4 c6c7 e4a8,1369,78,97,8751,advantage endgame long skewer
Ctem1,2r2rk1/q3ppbp/p3bnp1/1pN5/1P6/P2P2P1/1B3PBP/R2Q1RK1 b - - 3 18,e6d5 b2f6 g7f6 g2d5,1508,75,89,2249,advantage capturingDefender master middlegame short
XLcvU,1rr3k1/4Rpbp/3p2p1/3P2B1/4n3/2q3P1/5PBP/R2Q2K1 w - - 1 22,g2e4 c3a1 d1a1 g7a1,1294,78,88,676,advantage master masterVsMaster middlegame short
J3ALV,r1bq4/p5k1/1pnN2p1/3pPpPr/5B2/8/PPP1KQ1P/R5R1 w - - 0 23,f2f3 c6d4 e2e3 d4f3,1303,77,87,1059,crushing fork middlegame short
5T9xG,rn4nr/pp1k1ppp/2p5/4Q3/4P2q/5B2/PPP2bPP/R1BK3R b - - 0 13,h4f6 f3g4 d7d8 c1g5 g8e7 g5f6,1390,75,97,6445,advantage long opening pin
1GSv9,6k1/3b3p/p2p1P2/2q4p/1prNP3/8/PPPQ4/2K3N1 b - - 0 28,c5d4 d2g5 g8f7 g5g7 f7e6 g7e7,1509,77,97,6746,endgame epauletteMate long mate mateIn3
OKYK7,k1r5/1pr2q1p/R6Q/2p5/4p3/4P3/5PP1/1R4K1 b - - 0 35,b7a6 h6a6 c7a7 a6c8,1074,86,92,1626,deflection endgame mate mateIn2 short
XD7up,r2q1rk1/1b2npp1/3bpn2/pp1pN1N1/2pP1P1Q/2P1PR2/PP1B2PP/R5K1 b - - 7 17,d6e5 f4e5 e7g6 h4h3,1936,76,94,15431,crushing middlegame short
fzKPT,4r1rk/ppp2Rb1/3p3p/3P4/3qP2Q/2N4P/PP6/6RK w - - 1 28,g1g7 g8g7 h4h6 h8g8 f7g7 d4g7,1422,76,95,32514,advantage long middlegame
Q1WoR,5rk1/ppp3p1/2n1bq1p/3P3Q/8/2P5/PP4PP/R4BK1 w - - 1 20,d5e6 f6f2 g1h1 f2f1 a1f1 f8f1,1086,79,90,1617,backRankMate deflection endgame long mate mateIn3
D0Yxj,8/5pk1/7p/3RK2P/2n5/8/8/8 w - - 13 67,e5f5 c4e3 f5e5 e3d5 e5d5 g7f6,1381,78,91,794,crushing defensiveMove endgame fork long
3371v,r2r2k1/1bq2ppp/2p5/pp6/4QN2/6P1/PPP2P1P/3RR1K1 b - - 2 20,c6c5 d1d8 c7d8 e4b7,1284,78,93,11191,crushing middlegame short
hiSMr,8/1p2k1p1/1p5p/2p5/1n6/3BP1P1/PPP1K2P/RN5r w - - 2 25,c2c3 h1h2 e2f3 b4d3,1442,75,95,32365,advantage deflection endgame short
mnVgM,5r1k/2R3Rp/3p4/1p2p2N/8/1P1P3P/1P3r1K/4n3 w - - 0 31,h2g3 f2g2 g3h4 e1f3,1881,76,96,2741,cornerMate endgame mate mateIn2 short
lWMNY,r3kbnr/pp3ppp/2n5/2p1qb2/8/2NQ2P1/PPN1PP1P/R1B1KB1R w KQkq - 1 10,d3e3 f5c2 e3e5 c6e5,1449,80,93,4803,advantage hangingPiece master opening short
4f94j,8/6p1/2pk1p2/pp3r1P/P3R3/1Pb2BP1/2P1KP2/8 w - - 0 48,e2d3 f5f3 d3e2 f3f5,1475,75,96,2899,advantage endgame hangingPiece master short
RaXBW,r1b1kbnr/ppq1pppp/2n5/1B2P3/3p4/5N2/PP1P1PPP/RNBQK2R w KQkq - 2 7,d2d3 c7a5 b1c3 d4c3 b5c6 b7c6,1478,76,94,3286,crushing fork long opening
gNL1k,8/p4pk1/1r3r1p/2KPQP1P/8/8/P7/8 b - - 10 46,g7f8 d5d6 f6d6 e5d6 b6d6 c5d6,1397,78,94,2386,crushing endgame long queenRookEndgame
LnU8O,6r1/1p4p1/p1p1pn2/2Pk4/2NP2R1/P2K4/P4P2/8 b - - 4 33,f6g4 c4b6,1657,81,92,3838,endgame mate mateIn1 oneMove
PUHFF,6rr/1kpq4/p1n2n2/2b3Bp/PpNpp3/1P1P3P/2P1BPP1/R2Q1RK1 w - - 1 21,g5f6 d7h3 e2g4 g8g4 d1g4 h3g4,1851,80,92,2817,advantage long middlegame pin
8gFJ3,1rr2b2/1p3qk1/4bp1p/1BP3p1/3RPp2/B4P1P/4Q1P1/3R2K1 b - - 2 36,f8c5 a3c5 c8c5 d4d7 e6d7 d1d7,1294,75,86,1024,crushing long middlegame pin sacrifice
w0VN7,r2q1rk1/2p5/3p2pp/p1pP4/2PbPp2/PPN2B2/2Q3K1/R4R2 w - - 2 25,f1h1 d8g5 g2f1 g5g3,1462,79,91,616,advantage middlegame short
zOzpS,3r2k1/R4pp1/4p1qp/8/7P/4PQ2/5PP1/6K1 w - - 0 29,h4h5 g6b1 g1h2 b1b8 h2h3 b8a7,1366,78,94,4967,advantage endgame fork long
a4xTw,r1bk1b1r/1pppqBpp/2n2n2/p3p1N1/4P3/2N5/PPPP1PPP/R1BQK2R w KQ - 1 7,c3d5 f6d5 f7d5 e7g5,1142,78,87,950,advantage discoveredAttack opening short
srjVA,5rk1/5ppp/p2Rp1q1/1p6/1Pr5/P4Q2/6PP/5R1K b - - 0 26,g6c2 f3f7 f8f7 d6d8 f7f8 f1f8,1300,76,100,1158,endgame long master mate mateIn3 sacrifice
eQlpc,1r6/5p2/2pkb1np/ppp1P1p1/P1P3P1/1P1N1P1P/3NK3/5R2 b - - 0 33,g6e5 d2e4 d6c7 d3e5,1369,78,93,8932,crushing deflection endgame short
hnNeN,2r4k/pp4p1/2bR3p/r4p2/P1P1p3/R3P3/4BPPP/6K1 b - - 0 28,a5a4 d6c6 c8c6 a3a4,1489,81,92,2578,advantage capturingDefender endgame intermezzo short
5Grc2,1rb2rk1/4pn1p/3p1npQ/p2P2P1/4P3/qPN2P2/P7/1K1R1BNR w - - 1 22,h6h4 b8b3 a2b3 a3b3 b1a1 b3c3,1383,75,85,980,crushing fork long middlegame sacrifice
iLfRZ,r1b1k2r/pp1p1pbp/2n1p3/q4p2/2P5/PPNBP3/1B3PPP/R2Q1RK1 w kq - 1 13,a1b1 g7c3 b3b4 a5e5 b2c3 e5c3,1633,80,91,985,advantage long opening
3A8xc,2r1r1k1/2q1bp1p/p2p1p2/1p1Q4/2nB4/1B6/PPP3PP/4RRK1 w - - 0 23,d4f6 e7f6 e1e8 c8e8,1299,77,94,2972,crushing middlegame short
CkOsw,2Q5/1p3k2/p1p3p1/P6p/1P1P1R2/2P1r3/3rq3/6K1 b - - 1 38,f7g7 c8f8 g7h7 f4f7,1149,78,96,24953,endgame mate mateIn2 short
zuxDW,r4rk1/pp5p/2p5/3pP1p1/3Pp1bq/8/PPP1Q1PP/R2N1RK1 w - - 2 21,e2e1 f8f1 e1f1 a8f8 d1e3 f8f1,1321,76,93,5350,advantage attraction clearance kingsideAttack long middlegame trappedPiece
cTJ53,7k/p5p1/5p1p/4q3/2Q3P1/7P/P7/3r1B1K b - - 5 33,e5g3 c4c8 h8h7 c8c2 f6f5 c2d1,1564,75,90,1465,advantage endgame fork long
EWXvI,r1b1r1k1/pp3pp1/5q1B/7Q/2Pp3N/P2P4/7P/R4RK1 b - - 0 24,f6h6 h5f7 g8h7 f7e8 h6e3 e8e3,1581,76,91,3518,crushing fork long master middlegame
L555j,3r1r2/6kn/R4p1p/2q1p1p1/8/2PR2B1/5PPP/3Q2K1 b - - 0 29,c5c4 a6a7 f8f7 a7f7 c4f7 d3d8,1792,77,93,1256,advantage long middlegame
PV4uy,2q1r2k/1p4pp/p7/5p2/1P6/5N2/PBnQ1PPP/6K1 b - - 2 24,h7h6 d2h6 h8g8 h6g7,1359,76,93,3228,endgame mate mateIn2 pin short
VSRke,2r2rk1/1R2bppp/3qpn2/4B3/8/1p3BP1/2Q1RP1P/6K1 w - - 0 25,c2c8 d6d1 g1g2 f8c8,1320,75,87,1409,crushing intermezzo middlegame short
1eKeI,r1b2rk1/5p2/2p1p2R/p2p2q1/1PP1n3/P1N1P3/5PP1/R2QKB2 w Q - 1 17,h6h3 e4c3 d1f3 c3e4,1888,76,93,929,advantage hangingPiece middlegame short
ajwiF,2rqr1k1/1p2bpp1/p2p1nbp/P1pP4/N6B/5N2/1P1Q1PPP/R3R1K1 b - - 1 21,f6d5 d2d5 e7h4 e1e8 d8e8 f3h4,1706,74,95,18194,advantage hangingPiece kingsideAttack long middlegame
7gih2,4k3/8/3R3p/7p/5K2/5PP1/6r1/8 b - - 6 46,e8f7 d6h6 g2h2 g3g4,1661,78,100,2414,crushing endgame master rookEndgame short
UDVlI,r3r1k1/pb4pp/3pp3/2q2p2/2PNn1n1/P3P3/1BQ1BPPP/R4RK1 w - - 2 19,f2f3 g4e3 c2d3 e3f1,1114,79,94,1522,advantage fork middlegame short
PjuA7,8/8/8/1p6/4p3/2P1KpRp/5P1k/5b2 w - - 2 45,e3e4 f1g2 e4e3 h2g1 g3g7 h3h2,1571,76,100,976,advancedPawn crushing endgame long quietMove
zuEII,r2q1rk1/p5pp/1p3n2/3pb1P1/8/2PQB2P/3N4/1R3RK1 b - - 0 22,f6h5 f1f8 d8f8 d3d5 g8h8 d5e5 a8e8 e5d4,1739,78,93,2653,advantage fork middlegame veryLong
KHBgF,r4rk1/3n1p1p/p3bqp1/3p4/8/2NB1Q2/PPP2PPP/3RR1K1 w - - 2 19,f3e3 d5d4 c3e4 d4e3 e4f6 d7f6,1205,82,93,5661,advantage fork long middlegame
SnY1L,5r1k/8/p3Q2p/1p4p1/3bb3/1P5N/P5PP/5RK1 w - - 0 34,g1h1 f8f1 h3g1 f1g1,1068,83,95,3163,endgame hangingPiece mate mateIn2 short
Nuy8s,8/3kbK1Q/3p1p1P/p4Pq1/8/8/8/8 b - - 0 45,g5h5 h7g6 h5f3 h6h7 f3a8 g6g8,1377,76,95,25819,advancedPawn advantage defensiveMove endgame long
V2pst,k7/pp3q2/4p3/2P5/2Pr2p1/P6p/1Q3P1P/4R2K w - - 0 33,b2d4 f7f3 h1g1 f3g2,1151,80,89,970,endgame mate mateIn2 short
u3dxp,7r/5pk1/2p1p2P/2Pp2P1/1p1Pn3/4PQ2/p5K1/1q5R b - - 0 36,g7g6 f3h5 g6f5 h5f7 e4f6 f7f6,1824,82,93,674,crushing deflection endgame exposedKing long skewer
mTfsn,8/8/8/6pp/P1P1k3/1P3RKP/1r6/8 w - - 0 48,a4a5 h5h4 g3g4 b2g2 g4h5 e4f3,1228,76,89,508,crushing deflection endgame long rookEndgame
dY25a,2rk2b1/R6p/2p5/4R3/4Pp2/5K2/P1r1N3/8 b - - 2 35,c8c7 a7a8 c7c8 a8c8 d8c8 e5e8 c8c7 e8g8,1668,76,90,1250,attraction crushing endgame exposedKing fork veryLong
0KVUP,6r1/1pp2rk1/p3p1p1/5pP1/3Q3R/3P3P/P1P2PK1/4q3 b - - 2 28,e6e5 h4h7 g7h7 d4h4 h7g7 h4h6,1439,75,95,34244,attraction endgame long mate mateIn3 sacrifice
xF2Qf,4B3/8/1p1K1k2/8/P3p2P/8/8/3b4 w - - 3 48,d6c7 e4e3 e8b5 d1a4 b5d3 b6b5,1669,77,93,2489,bishopEndgame crushing defensiveMove endgame long
tGbMu,3Q2k1/pq3pb1/4p1pp/1pr1P3/5P1B/2P5/P5PP/3R2K1 b - - 1 25,g7f8 d8f8 g8f8 d1d8 f8g7 h4f6 g7h7 d8h8,1775,77,96,9467,attraction endgame kingsideAttack mate mateIn4 operaMate sacrifice veryLong
SDPwv,r2qr1k1/1pp1bppp/p2p4/7n/4PP2/1PN3B1/1PP1QP1P/R3R2K b - - 0 17,e7f6 e2h5 f6c3 b2c3,1339,76,97,3858,crushing hangingPiece middlegame short
A28qw,5r1k/pp1nbpp1/5n1p/q2p4/3N3B/3BPP2/PP3P1P/2Q1K1R1 w - - 1 18,c1c3 e7b4 c3b4 a5b4,1184,75,88,1539,crushing master middlegame pin short
Sg9vQ,4r3/1p2r1p1/7p/1P1k3P/3b2P1/5P2/R2B4/1R3K2 w - - 1 39,b1b3 e7e2 b3d3 e2f2,1951,75,90,1398,crushing endgame master short
eiWqt,2q2rk1/5pp1/p1nBpb1p/8/PrN5/6Q1/1P2BPPP/1K1R4 b - - 6 27,b4a4 c4b6 c8b7 b6a4,1642,76,93,2254,advantage fork master middlegame short
QTIjj,8/5p2/8/7k/5Kp1/1R5p/8/8 w - - 2 56,b3g3 h3h2 g3g4 h2h1q,1564,79,94,2100,advancedPawn crushing endgame promotion rookEndgame short
NjFlF,r2q1rk1/ppbn1ppp/2p1b3/8/3PB3/5N1P/PP3PP1/R1BQ1RK1 w - - 1 13,e4h7 g8h7 f3g5 h7g8 g5e6 f7e6,1559,78,90,1840,advantage hangingPiece long opening
pXgv3,1r3kr1/p4pp1/2Q1P3/q2n2b1/3p2P1/2PP4/PP3P2/R3KB1R b KQ - 0 20,d4c3 c6d6 g5e7 d6b8,1198,75,98,848,advantage fork middlegame short
bM3ws,r6k/pp4rp/2n1Q3/3p3P/3p1B2/P1P4R/2q2PP1/R3K3 w Q - 0 23,f4h6 g7e7 e6e7 c6e7,1638,75,95,11965,advantage middlegame pin short
lNioj,r2qkb1r/pp3ppp/2bppn2/3P4/4P3/2N1R3/2P2PPP/2BQK1NR b Kkq - 0 10,e6d5 e4d5 f8e7 d5c6,1063,80,94,2334,advantage discoveredAttack discoveredCheck opening short
aKNfo,r1b2r1k/p1p1qp1p/2p5/4ppN1/8/3P2Q1/PPP2PPP/R4RK1 b - - 3 16,f8g8 g3e5 e7e5 g5f7 h8g7 f7e5,1603,78,90,1341,attraction crushing deflection fork long middlegame sacrifice
gUTmh,7k/1pN2p2/3p1b1p/p1nPp3/P1P1P3/6pq/1PB2Q1N/R6K w - - 0 27,f2f6 h8g8 f6f2 g3f2,1514,74,100,714,advancedPawn advantage middlegame short
rj92P,7r/1r5p/2k5/8/Rb2p3/4P3/5PPP/3R2K1 b - - 8 36,c6b5 a4b4 b5b4 d1b1 b4c5 b1b7,1310,78,92,6835,attraction crushing endgame long sacrifice skewer
wVXtV,5r2/2q2pR1/p1k1p3/2N1PpQ1/1Pp2P2/3b4/KP6/8 b - - 4 40,c6b5 c5e6 c7a7 e6f8,1568,75,87,1297,advantage endgame master short
JyY57,r3k1nr/pp1b1ppp/4p3/3pq3/8/8/PPQ1BPPP/RN2R1K1 b kq - 1 13,a8c8 c2c8 d7c8 e2b5 c8d7 b5d7 e8d7 e1e5,1598,76,97,3365,advantage middlegame sacrifice veryLong
nBe9X,r7/pR2Rp1p/P1k1p3/2Pp4/3Pp3/3r4/4KP2/8 b - - 4 33,d3d4 e7c7,1064,85,94,4066,blindSwineMate endgame master mate mateIn1 oneMove rookEndgame
RYHlo,4k2r/1p2bppp/p2p1n2/5PPP/P7/2q1Bp2/2P1QK2/R6R w k - 0 21,e2d3 f6g4 f2g3 c3d3 c2d3 g4e3 f5f6 g7f6,1816,74,86,512,advantage capturingDefender middlegame veryLong
nPLVt,5rk1/pp3p2/4pQp1/3p4/3P3P/P3R3/3q1PPK/8 b - - 5 31,d2d1 h4h5 d1h5 e3h3,1563,77,94,8243,crushing defensiveMove endgame short
oUu7M,8/8/2pk3p/6p1/PppPK1P1/7P/2P5/8 b - - 1 35,b4b3 c2b3 c4b3 e4d3 c6c5 d4c5 d6c5 d3c3,1606,80,94,887,crushing endgame pawnEndgame veryLong
LQX7k,r6r/b3Qpp1/3P3p/2p5/4Rk2/P4P2/q4P1P/6K1 b - - 2 32,f4f5 e7e5 f5g6 e4g4 g6h7 g4g7,1931,77,95,4030,endgame epauletteMate long mate mateIn3
H9GhB,2k5/5p2/PQ1pq3/5pp1/7r/KPp5/2P3P1/8 b - - 2 36,d6d5 b6b7 c8d8 a6a7 e6e7 b7e7 d8e7 a7a8q,1511,78,95,23663,advancedPawn crushing endgame exposedKing promotion veryLong
HuIYQ,b4rk1/p3R2p/1p1b2qp/3P4/3Q4/2P2P2/P1P3PP/4R1K1 w - - 3 30,e7d7 d6c5 d4c5 b6c5,1581,79,94,4849,crushing master masterVsMaster middlegame pin short
TWjQe,r1b1k2r/pp1p1ppp/4p3/q7/1b1nP3/1PN2Q2/P1PB1PPP/R3KB1R w KQkq - 5 11,f3g3 d4c2 e1d1 c2a1 g3g7 h8f8,1789,76,96,6972,advantage defensiveMove fork long opening
IRpF0,r4rk1/2qnbppp/1p2pnb1/3p4/2pPP3/P1N3P1/1P1BQPBP/R1N1R1K1 b - - 0 19,c7c6 e4d5 e6d5 e2e7,1650,75,89,505,crushing discoveredAttack middlegame short
BGVKK,1rbq1rk1/3pbppp/p3p3/1ppnPP2/8/3PBBP1/PPPN3P/R2Q1RK1 w - - 1 15,f5f6 d5e3 f6e7 d8e7,1233,77,97,17372,crushing fork opening short
jLQr6,4r1k1/1p3p2/p1p3p1/P1P4p/1P1P1q2/3K4/2Q1B3/3R4 w - - 3 34,c2d2 f4e4 d3c3 e4e2 d2e2 e8e2,1746,75,98,1816,advantage deflection endgame long
tzEpj,r6k/1pq1b3/p1b5/4PQ2/2pP4/1P6/PB1N2KP/R7 w - - 0 25,g2f2 a8f8 f5f8 e7f8,1541,75,100,1316,advantage middlegame pin short
kORkl,3r2k1/5pbp/2q3p1/rpP5/4p3/B3P3/P1Q2PPP/2R2RK1 w - - 0 21,f1d1 d8d1 c2d1 a5a3,1195,80,93,5040,advantage middlegame short
Xrclt,6k1/1N3p1p/p3pQp1/1p1bP3/1P4P1/P4Pq1/8/3R2K1 w - - 1 41,g1f1 d5c4 d1d3 c4d3,1754,77,86,958,balestraMate endgame mate mateIn2 short
tsRhW,2rr2k1/5ppp/3np3/ppq5/2Pp4/1P1N2RP/P3QPP1/2R3K1 b - - 1 25,c5b6 c4c5 b6a6 c5d6 c8c1 d3c1,1445,77,94,2045,advantage fork long middlegame
T4kUg,Q7/5ppk/4p2p/2Pn4/8/5BP1/PP1q1PKP/8 w - - 3 33,c5c6 d5e3 g2h3 d2f2,1234,81,91,744,crushing deflection endgame master masterVsMaster pin short
G60jM,r3qrk1/p5bp/1p1p4/4p1Bp/2PpQP2/P6P/1P4P1/3R1RK1 b - - 0 21,e8e6 f4f5 e6f7 f5f6,1557,75,90,727,crushing middlegame short
grrqg,3r4/1p3Bkp/p5p1/1q6/8/2n1PN2/Q1P2PPP/1R4K1 w - - 1 28,b1b5 d8d1 f3e1 d1e1,1187,75,100,1592,backRankMate endgame mate mateIn2 short
YFFYk,8/1p6/1P6/6K1/4kp2/8/6P1/8 b - - 3 48,e4e3 g5f5 e3d4 f5f4,1982,74,86,653,crushing endgame pawnEndgame short
kLCnp,8/2B5/P5p1/1K3p2/5P1p/7k/5b2/8 b - - 0 46,h3g4 c7b6 f2b6 b5b6 h4h3 a6a7,1332,72,95,26749,advancedPawn bishopEndgame crushing endgame long
N0mfI,2rq1rk1/p2bn1pp/1p1p4/3Ppp2/P3P3/2PBBQ2/5PPP/R1R3K1 w - - 0 16,a4a5 f5e4 f3e4 d7f5 e4b4 f5d3,1540,76,92,3526,clearance crushing long middlegame skewer
JaInK,4r3/1ppk2p1/4np2/p6p/7P/P1K2N2/1PP2PP1/4R3 w - - 0 24,f3d4 e6d4 e1e8 d4b5 c3c4 b5d6,1601,76,87,704,advantage endgame exposedKing long master sacrifice
D35Ys,r1bq1rk1/pp1n1ppp/3bpn2/4N3/2Bp1P2/2P5/PP4PP/RNBQR1K1 b - - 0 10,d4c3 d1d6 c3b2 c1b2,1694,75,93,2346,advantage hangingPiece opening short
D7WWL,6r1/8/2q1b2p/1pP1R1k1/pQ1P1p2/5P2/P4KPP/8 b - - 6 35,g5f6 d4d5 e6d5 b4f4,1654,77,94,1476,crushing discoveredAttack endgame fork short
U1BJO,2r3k1/pp3r1p/3p2pB/8/1P3R2/P4P1P/1Q4PK/3q4 b - - 3 26,d1c1 b2c1 c8c1 f4f7 g8f7 h6c1,1968,75,94,754,crushing discoveredAttack endgame long
mUaSy,4r1k1/pp3p2/6p1/2Q4p/3R3P/P3qN2/1r4PK/5R2 w - - 0 34,d4c4 e3e2 f1g1 e2f3,1817,76,93,506,advantage master middlegame pin short
z2ltA,6k1/1p3p1p/p5p1/3N4/6b1/1P4P1/P1nN1P1K/8 b - - 0 37,c2d4 d5f6 g8f8 f6g4,1166,76,96,11242,advantage endgame fork short
qCf2u,8/2P3pk/1K6/R7/7p/8/2r5/8 b - - 0 49,h7g6 a5c5 c2c5 b6c5 h4h3 c7c8q,1276,80,93,10809,advancedPawn crushing endgame long promotion rookEndgame
jFPyn,6k1/5p2/3p1Pp1/p2Bp1Pp/4P2P/P2P2b1/1r5r/2RK2R1 w - - 4 43,g1g3 h2h1 g3g1 h1g1,1435,78,94,1111,endgame mate mateIn2 short
g3V4k,r1bqkb1r/pp1p1ppp/2n1p3/1Bp5/3Pn3/2P2P2/PP4PP/RNBQK1NR w KQkq - 0 6,b5c6 d8h4 g2g3 e4g3,1536,76,91,1187,advantage opening short
KURWK,4r1k1/pp2rp1b/3q3p/3P2pB/2P1n3/P2N1Q2/1P3PPP/2R1R1K1 w - - 1 28,d3b4 e4d2 f3f7 e7f7,1418,77,93,849,advantage middlegame short
1O7h2,3k2rr/pb1p1p2/1q6/3PBP2/RP2B1P1/1Q3PK1/7p/2R5 w - - 0 35,e5c7 b6c7 c1c7 h2h1q,1864,76,89,2493,advancedPawn crushing deflection middlegame promotion short
KQvHa,8/p1p4k/7p/PPP3p1/5p2/5r1P/2PQpqPK/4R3 w - - 0 34,e1e2 f3h3 h2h3 f2g3,1903,79,86,795,attraction endgame mate mateIn2 pin sacrifice short
eGHmC,6k1/8/p3p3/P7/1P1qp3/6r1/3Q1P2/3R2K1 w - - 0 45,g1f1 d4c4 d2e2 g3g1 f1g1 c4e2,1565,78,95,27488,crushing deflection endgame long
NLNUy,1r2kb2/2qb1pp1/3p4/8/pp2PB2/3BQ3/PPP5/1K4R1 b - - 0 25,c7c5 e3c5 d6c5 f4b8,1186,77,98,679,advantage master middlegame short
3IBw2,r1bq1rk1/5ppp/p2b4/np1pp3/3P4/2P1PQ2/PPBNN1PP/R4RK1 w - - 0 16,f3d5 c8b7 d5b7 a5b7,1636,75,93,688,advantage middlegame short trappedPiece
VgRWM,6r1/1p3kq1/pPp3r1/2Pp1p2/1P1PpPb1/2B1P1R1/5QR1/6K1 b - - 10 36,g4f3 g3g6 g7g6 g2g6 g8g6 g1f1,1146,75,98,2913,crushing defensiveMove long middlegame
tJhsO,5k2/8/b1p3R1/p5Np/P6P/4PR2/6PK/1qq5 b - - 2 36,f8e7 f3f7 e7e8 g6g8,1302,83,92,705,endgame mate mateIn2 short
393VU,3q3k/r5pB/1ppPpbQn/p4r2/3R3P/5N2/PPP3P1/2KR4 w - - 1 23,d6d7 f6d4 g6e8 f5f8,1848,77,93,3333,crushing master middlegame short
iAyAU,6k1/6pp/8/8/Pb1N4/1P5r/2K5/3R4 w - - 3 38,d4c6 h3c3 c2b2 c3c6,1005,88,94,1696,crushing endgame fork short
6PHzL,8/1p3p1k/p1p3pp/8/1P3P1P/r4K2/5RR1/8 w - - 0 53,f3g4 f7f5,1491,83,94,6079,endgame mate mateIn1 oneMove rookEndgame
unBIN,3r1r1k/pp3pbp/2p3p1/8/2P1PB1q/3BQ3/PP4P1/R4RK1 w - - 1 24,d3e2 g7d4 e3d4 d8d4 f4e5 h8g8 e5d4 h4e4,1879,75,100,1159,advantage middlegame pin veryLong
qV9WJ,r2q2k1/pp2b1pp/2p3p1/8/1PN1Pr2/P4P2/2Q3PP/R4RK1 w - - 0 19,c4e5 d8d4 g1h1 d4e5,1145,82,92,1358,crushing fork middlegame short
eD33i,r1b1k2r/ppp1nppp/2qp4/8/4P3/2NBPQ2/PPP3PP/R3K2R b KQkq - 1 10,c8e6 d3b5 e8c8 b5c6,1010,83,91,2591,crushing middlegame pin short
PItSe,r3n2k/5ppP/8/3p3P/1p3P2/1P1Q4/r2R1q2/1K5R w - - 0 30,d2f2 a2a1 b1c2 a8a2,1417,75,97,10660,endgame mate mateIn2 short
0tyGU,1r3k2/2N4R/p5r1/1p6/5Kb1/1B6/PPP5/8 b - - 13 34,b8b6 h7f7 f8g8 f7f6,1907,77,92,2478,advantage discoveredAttack discoveredCheck endgame short
4Fsaz,r3k2r/1pqnnppp/3bp1b1/pQp5/2PP4/4BNN1/PP2BPPP/2KR3R b kq - 1 13,e8g8 d4c5 d7c5 d1d6,1910,77,92,3297,advantage discoveredAttack middlegame short
1KB1t,8/p4k2/6p1/3p4/3B4/P2nP1Q1/1p2q1KP/1N6 w - - 5 40,g2h3 d3f2 h3g2 f2e4,1822,78,94,1763,crushing discoveredAttack discoveredCheck endgame master short
hwsUu,2kr3r/1p3bp1/pP1q1p1p/P1bNpP2/2Pp2P1/3P1Q1P/6B1/R4R1K b - - 5 27,d8d7 d5c7 d7c7 b6c7,1697,77,90,1307,advancedPawn crushing middlegame short
FwwyX,8/p1p5/8/PP6/4k1p1/2P1p3/4K2P/8 w - - 2 40,c3c4 e4d4 a5a6 d4c4 b5b6 c7b6,1165,77,100,848,crushing endgame long pawnEndgame
ocuvm,2r2k2/2r2p2/p3p1p1/p2pP1Pp/P2N1P1P/1PP3b1/4K3/1RR5 b - - 11 32,g3f4 c1f1 f4e5 d4e6 f8e7 e6c7,1798,76,93,2583,advantage endgame long master pin
9UjLQ,6k1/ppp2rp1/2npQ3/4p2P/4P3/P1NPPq2/1PP5/2K4R w - - 1 24,h1g1 f3e3 c1b1 e3g1,1143,84,93,937,crushing endgame fork short
rx42p,r1bq1rk1/pp2bppp/2p1p3/3n2B1/3P3Q/2PB1N1P/P1P3P1/2KR3R b - - 2 14,e7g5 f3g5 h7h6 d3h7 g8h8 g5f7 f8f7 h4d8,1815,76,95,3858,advantage deflection discoveredAttack kingsideAttack middlegame veryLong
c25Xd,6k1/p4pp1/7p/4nP2/3N4/5RPb/Pr5P/R5K1 w - - 0 25,f3e3 b2g2 g1h1 e5g4 e3e2 g4f2 e2f2 g2f2,1617,75,94,3592,advantage endgame veryLong
Q5z4y,2r3k1/p5np/4p1p1/1B1q1p2/1P2n3/5NPP/P3QP2/5RK1 w - - 2 32,f1d1 e4c3 d1d5 c3e2 b5e2 e6d5,1684,75,94,6900,crushing fork long middlegame
Zqkz5,4r1k1/2p2pp1/1qnp3p/8/Q2NP3/2P4P/5rPK/R3R3 b - - 0 25,c6d4 a4e8 g8h7 c3d4 b6b2 e1g1,1638,75,94,6101,advantage defensiveMove hangingPiece intermezzo long middlegame
p7UXN,5k2/q4p2/p7/1p4Q1/1P3P2/P7/5PK1/8 w - - 5 44,g5c5 a7c5 b4c5 a6a5,1967,75,95,1678,crushing defensiveMove endgame queenEndgame short
LBevy,5k2/p2Q3p/1p2p1p1/4Pp1P/5P2/Pq6/1Pr2r2/KR4R1 w - - 5 33,h5g6 b3a3 b2a3 c2a2,1615,77,88,510,endgame master mate mateIn2 sacrifice short
1DukL,4n2k/1p4pp/8/4pP2/p3P3/3q3P/Q7/6RK w - - 2 37,a2a4 d3h3,1285,76,100,1000,endgame mate mateIn1 oneMove
2ERZB,1rbq1rk1/2p3pp/2np4/2n1p3/RpP1P3/1B3N1P/1P1Q1PP1/1N3RK1 b - - 0 16,c5e4 d2d5 g8h8 d5e4,1521,78,97,8254,advantage fork middlegame short
bWFhD,r4rk1/ppq1ppbp/2n3p1/8/2B1N1b1/2P2N2/PP1Q1PKP/R1B2R2 w - - 1 14,d2f4 g4f3 f4f3 c6e5 c1f4 c7c4 f4e5 g7e5,1833,75,93,1034,advantage discoveredAttack fork master middlegame veryLong
odPu5,rnbqk1nr/pp3ppp/3bp3/3pN3/2pP1P2/2P1P3/PP1N2PP/R1BQKB1R b KQkq - 2 7,f7f6 d1h5 g7g6 e5g6 h7g6 h5h8,1348,75,95,23550,crushing long opening pin trappedPiece
SblEC,6k1/3R1pp1/1b4r1/1p3Q1p/1Pn2P1q/4P2P/5PK1/B2R4 w - - 9 36,g2f1 b6e3 f5f7 g8h7 f7g6 h7g6,1927,79,91,533,advantage long middlegame
XgAaE,r4k1r/2p5/pp1p1pq1/3Pp2p/6nQ/2N5/PPP5/2K2RR1 b - - 3 26,f6f5 g1g4 g6g4 h4f6 f8g8 f1f5,1912,75,94,9076,advantage exposedKing fork long middlegame pin sacrifice
FSoUi,r2q1rk1/p5bp/2p1p1p1/1p3n2/3Pp1B1/2N3PP/PPPQ2P1/2KR3R w - - 0 22,c3e4 g7h6 d2h6 f5h6,1640,76,94,17342,advantage middlegame pin short
W6eX3,2r5/1p6/p2R2p1/5pkp/4p2P/2P5/P4PP1/6K1 b - - 0 32,g5h4 d6g6 f5f4 g1h2 c8c3 g2g3 c3g3 f2g3,1965,74,94,7157,crushing endgame rookEndgame veryLong
Krxky,7k/pppQ2pp/2n5/4qp2/P7/4P1P1/5PKP/8 b - - 1 29,c6e7 d7e8 e7g8 e8e5,1019,87,95,1643,crushing endgame short
EPWEw,8/8/3P1k2/3K3p/1p5P/1p3P2/8/8 w - - 0 42,d6d7 f6e7 d5c6 e7d8,1607,78,96,15132,crushing endgame pawnEndgame short
NPTe7,8/4q2k/7p/1P6/1K1P4/5p2/5Q1P/8 w - - 4 53,b4c4 e7e2 f2e2 f3e2,1294,79,93,2363,advancedPawn crushing endgame queenEndgame short
1Qb2z,1k2r3/1p1R1ppp/2p3n1/1p2P3/1Pn2P2/P6B/K4B1P/8 b - - 4 27,e8e7 d7d8 b8c7 d8c8,1122,75,99,2309,endgame mate mateIn2 operaMate pillsburysMate queensideAttack short
LB42Q,r3r1k1/p4ppp/1p6/3p4/P3nQP1/1Pq3P1/2P3BP/4RRK1 b - - 3 21,e4f6 e1e8 a8e8 g4g5,1917,78,92,826,crushing kingsideAttack middlegame short
F40qW,r2q1rk1/pp4pp/2n2b2/3p1B2/3P1P2/P1Q1B2P/1P3P2/R4RK1 b - - 0 19,f6d4 f5e6 g8h8 e3d4 c6d4 c3d4,1835,76,94,14217,advantage intermezzo long middlegame
TsptZ,8/8/1R5p/6pk/8/p5PP/r4pK1/8 b - - 1 47,a2b2 g3g4 h5h4 b6h6,1135,82,94,2760,deflection endgame mate mateIn2 rookEndgame short
q5cdc,8/8/1pp5/3pKp2/5P2/3P1P2/6kp/R7 b - - 1 46,h2h1q a1h1 g2h1 e5f5 b6b5 f5e5 b5b4 e5d4,1537,78,94,12790,crushing endgame veryLong
CM5hb,6k1/4bp1p/3pnnp1/4p3/4P3/1P1qBQ1P/3N1PP1/rNR3K1 b - - 1 26,e6d4 c1c8 g8g7 e3h6 g7h6 f3d3,1531,78,94,5700,advantage discoveredAttack long middlegame
M8CKS,8/p1pk2p1/2r2p2/2P4p/PK6/7P/4R1P1/8 b - - 0 44,a7a5 b4b5 c6e6 e2e6,1738,75,91,1312,crushing defensiveMove endgame rookEndgame short
BgHJb,8/3k4/8/3PR1p1/8/6BP/3qp1PK/8 w - - 1 45,h3h4 g5h4 g3h4 d2f4 h4g3 f4e5 g3e5 e2e1q,1609,75,87,1015,advancedPawn crushing endgame fork promotion veryLong
AtZ35,r2q1r2/5pk1/p3p1p1/1p1B3p/7P/5P2/PP1Q1P2/1K1R3R b - - 0 20,d8d5 d2c3 g7g8 d1d5,1204,79,88,1284,crushing discoveredAttack endgame short
wuCDb,2kr4/ppp2ppp/1b3n2/8/8/P1N2B2/1PP3PP/3R3K b - - 0 18,h7h5 f3b7 c8b7 d1d8,1244,76,94,11514,crushing deflection endgame queensideAttack short
vWSSV,rnb1k2r/ppp1np1p/3p1q1b/8/3PPppP/2N5/PPPQN1P1/R1B1KB1R b KQkq - 7 9,f4f3 d2h6 f6h6 c1h6,1537,74,87,1841,advantage opening short
TGq0Z,8/r3p3/1NR1k1P1/p5r1/1p4p1/1P2K3/P7/8 b - - 10 36,e6e5 c6c5 e5f6 c5g5,1774,76,97,3409,crushing endgame master short
ta4mw,6k1/p1pb1p2/1p4pp/3P4/6P1/1BP4P/P3rP2/1R3K2 b - - 3 24,d7b5 c3c4 b5c4 b3c4,1425,78,93,3692,advantage endgame short
MR2hH,2r3k1/1b4pp/npNqp3/1Q1p1p2/3PnN2/1P4P1/P1R1PPBP/6K1 w - - 3 23,f4d3 c8c6 c2c6 d6c6 b5c6 b7c6,1776,75,97,2794,advantage long middlegame
xXDhm,1k1r4/1pp1Q2p/p2r2p1/2qpN3/5n2/P2B4/1PP4P/2K3RR w - - 0 25,e7h7 c5e3 c1b1 e3e5,1714,74,93,4654,advantage fork middlegame short
7w9OS,4r1k1/2p2pp1/3p1q1p/p1pRrP2/2P1p1Q1/P1P4P/1P3PP1/4R1K1 b - - 5 22,f6f5 g4f5 e5f5 d5f5,1417,77,92,1238,crushing endgame short xRayAttack
2R9Ej,3r2k1/1bq2p1p/4p1p1/2p1b1Bn/6Q1/P1Pr2P1/BP1N1P1P/3R1RK1 w - - 2 22,d2e4 d3d1 f1d1 d8d1 g4d1 b7e4,1945,76,89,1297,advantage kingsideAttack long middlegame
ZLSSs,8/8/4p1k1/4p3/2R3P1/2P2K2/3r3r/5R2 w - - 1 40,c4c5 h2h3 f3e4 d2e2,1573,75,97,3379,endgame mate mateIn2 rookEndgame short
jbDSm,r1b2k1r/pp2ppbp/2qN1np1/1B6/PP3B2/2p1PP2/6PP/R2QK2R b KQ - 4 16,c6b6 d6c4 c8e6 c4b6,1840,75,94,3715,advantage middlegame short
uMbrH,4r2k/p6p/1p5Q/2p5/2Pp4/P2q1bB1/1P5P/1R3NK1 b - - 0 30,d3b1 g3e5 h8g8 h6g7,1904,77,91,2224,endgame mate mateIn2 short
u4x93,8/4r1kp/3p2p1/2pB2P1/p4R2/8/1q5P/5R1K b - - 4 43,b2e5 f4f7 e7f7 f1f7 g7g8 f7f5,1764,77,94,1707,crushing discoveredAttack discoveredCheck endgame long master masterVsMaster
4YYSl,8/1pp4k/1pn3pp/2q1Pb2/5P2/4r2P/P2R1QP1/3R3K b - - 5 30,e3d3 f2c5 b6c5 d2d3 f5d3 d1d3,1141,76,96,2284,advantage long middlegame
rFXsU,2r1r2k/1p1n1pp1/pq5p/3pp3/P2P1B2/2P1Q1R1/1P3PPP/1R4K1 w - - 0 25,a4a5 e5f4 e3e8 c8e8 a5b6 f4g3,1460,76,94,1271,crushing long middlegame
bJk0B,4r1k1/5p1p/pQ4p1/1p6/8/2P2qb1/PP4R1/R5K1 w - - 2 30,a1f1 f3f1 g1f1 e8e1,1824,73,95,19193,attraction endgame mate mateIn2 operaMate sacrifice short
zpRiT,4R3/5p1k/P1Pp2pp/1r6/q7/3Q4/5PPP/6K1 w - - 2 31,c6c7 a4a1 d3f1 b5b1,1459,75,94,4190,crushing endgame pin short
kSprl,8/8/p2k2p1/P5p1/4K1P1/7P/8/8 b - - 3 47,d6c5 e4e5 c5b4 e5f6 b4a5 f6g5,1977,76,95,959,crushing endgame long pawnEndgame
SnAnW,2r1k2r/pp1b1ppp/2n1pn2/qN1p4/1b1P4/PP1Q1N2/2PB1PPP/R3KB1R w KQk - 3 12,d2b4 c6b4 a3b4 a5a1,1229,76,100,578,advantage middlegame short
DWzu8,2r4r/pp1k1ppp/4p3/n7/3PP3/5N2/P2K1PPP/2R4R b - - 3 16,a5c4 c1c4 c8c4 f3e5 d7c7 e5c4,1242,78,93,13590,attraction crushing endgame fork long sacrifice
NRXwJ,2r5/pQ3k2/4bp2/3p4/7R/1P1P4/K5P1/2q5 b - - 7 33,f7g6 b7h7 g6g5 h7h5,1125,76,95,3861,endgame mate mateIn2 short
viwSX,8/1p3p2/5K2/Pk3P1b/1p6/1B6/8/8 w - - 1 59,b3f7 h5f7 f6f7 b4b3 f7g7 b3b2,1364,75,96,2083,advancedPawn bishopEndgame crushing endgame long
LwTKt,5r2/1bq1k1b1/ppp1pn2/3p2N1/3P2pr/2P2PN1/PP2Q1PP/R4RK1 b - - 2 20,b7c8 g3f5 e7d8 f5h4,1694,76,92,2513,crushing middlegame pin short
yklrc,8/pp1R2pk/4pPp1/1r6/5PK1/P1P1q3/7P/3Q4 b - - 0 40,b5f5 d7g7 h7h6 g7h7 h6h7 d1d7 h7h6 d7g7,1760,75,96,5508,attraction endgame mate mateIn4 sacrifice veryLong
zhWZA,r1br2k1/5pbp/p2Bpqp1/1p6/4P3/2NQ4/PPP2PPP/3R1RK1 w - - 1 17,d6e5 d8d3 e5f6 d3d1 f1d1 g7f6,1439,75,95,3070,advantage long middlegame
yHdEg,1r3rk1/1bpq1pp1/2n1p2p/p1P5/N3N3/6QP/5PP1/4RK1R b - - 5 24,c6d4 e4f6 g8h8 f6d7 b7a6 f1g1,1161,75,99,2667,crushing defensiveMove fork long middlegame pin
j4rBZ,8/RP4p1/7p/1r6/2pkpp2/7P/4KPP1/8 b - - 1 39,c4c3 a7a4 d4d5 a4a5 b5a5 b7b8q,1339,81,92,1690,advancedPawn advantage deflection endgame long pin promotion rookEndgame
P7mdh,r6r/1k6/Rp2p3/1PqPPp2/6p1/3Q4/6pP/R4K2 w - - 0 32,f1g2 h8h2 g2h2 c5f2 h2h1 a8h8 d3h3 h8h3,1698,75,95,6177,attraction endgame mate mateIn4 sacrifice veryLong
Yu7qu,r2qbr2/p6k/2pNp3/1p1nP1pp/P2P1pQ1/B1P5/5PPP/R4RK1 w - - 0 24,g4e6 e8d7 e6d5 c6d5,1646,77,92,7194,advantage middlegame short trappedPiece
oJpTK,5rk1/p3pp1p/2Rp2p1/3P4/4P1b1/q4N2/1r1NQPK1/4R3 w - - 7 25,d2c4 b2e2 c4a3 g4f3 g2f3 e2e1,1656,75,95,3857,advantage long middlegame
THzIN,r2q1rk1/1pp3p1/p1np3p/3N4/B1P2B2/P2P3n/1P6/R2Q1RK1 w - - 0 18,g1g2 h3f4 d5f4 d8g5,1151,78,94,6222,crushing middlegame short
Y05iB,4R3/kb3pr1/pN1q4/Pp3p2/3p3p/3P3P/1PP2RP1/6K1 b - - 3 27,f7f6 e8a8 b7a8 b6c8 a7b8 c8d6,1471,77,94,1054,advantage endgame fork long sacrifice
Lt4Ky,8/5p1p/4p1p1/p6k/3q3P/Q5PK/P4R2/8 b - - 0 40,d4f2 g3g4 h5h6 a3f8,1795,76,95,12909,endgame mate mateIn2 queenEndgame short
dD1Kg,r5k1/p2n1pp1/1p5p/q2p4/3P3B/1Qn1PN2/P1P3PP/R5K1 b - - 0 20,c3e4 h4e1 a5a6 b3d5,1650,76,94,4435,advantage middlegame short
ZjzbN,2r1k2r/p1q1bppp/Q1Pp2b1/4p3/B7/4BP2/PPP2P1P/R3K2R w KQk - 3 17,e3a7 c8a8 a6b7 a8a7 b7c7 a7c7,1581,75,96,1942,advantage fork long middlegame
XxmEH,rnb1k2r/ppq2ppp/3bp3/8/2BP2n1/2N2N2/PP3PPP/R1BQR1K1 w kq - 3 10,f3g5 d6h2 g1f1 c7c4,1062,81,90,1228,advantage kingsideAttack opening short
0qNgR,2B5/k2P4/2R2p2/1pb4p/r1n3pP/6P1/P4PK1/8 b - - 0 48,c5b6 c6b6 a7b6 d7d8q,1220,75,96,1857,advancedPawn attraction crushing endgame master promotion short
HVofr,4rrk1/1p3pp1/p5q1/2Bpn2p/8/P2b2PP/1P1QBP1K/2R2R2 w - - 2 25,c5f8 d3e2 d2e2 e5g4 e2g4 h5g4,1724,80,92,2413,advantage long middlegame
snFqO,1r4k1/2p2ppp/bNBp4/p3r1q1/4P3/P5P1/2P2P1P/R2Q1RK1 b - - 0 18,c7b6 f2f4 g5g6 f4e5,1986,77,94,16088,crushing fork middlegame short
XjVeS,6rk/1pp3bp/p7/3Pp2P/2n1P2q/2N2R2/PPP1N1P1/2Q3K1 w - - 1 27,f3h3 h4h3 g2h3 g7h6,1481,76,95,2032,advantage discoveredAttack discoveredCheck middlegame sacrifice short
FCM5q,4r3/p1pk3p/2pbp1pB/3n1r2/3P4/2P5/PP1N1PPP/R4RK1 w - - 5 21,a1e1 f5h5 d2f3 h5h6,1786,77,86,510,advantage middlegame short
KrU48,2r2rk1/pb2bpp1/1p3n1p/3q4/5p2/2PB1N2/PPQN1PPP/R3R1K1 b - - 2 20,c8d8 e1e7 d5d3 c2d3 d8d3 e7b7,1743,77,94,8334,crushing hangingPiece long middlegame
s5wUS,3rr1k1/1pN1pp1p/p5pB/2p5/R7/2P3P1/PPb2P2/4K2R w K - 2 23,a4a3 d8d1 e1e2 d1h1 c7e8 h1h6,1143,76,96,3005,crushing long middlegame skewer
qpHKn,1r3rk1/pbp3pp/5p2/2p5/1QP2qP1/4RN1P/PP3P2/R5K1 w - - 0 24,b4c5 b7f3 c5f5 f4f5,1168,77,88,501,advantage middlegame short
9tGPw,1r1r2k1/5ppp/5n2/8/1p1q4/1Bp2Q1P/4RPP1/4R1K1 b - - 1 30,d4d3 e2e8 d8e8 e1e8 b8e8 f3d3,1729,75,93,8950,advantage long middlegame
UNtLK,8/8/2k4p/1p5P/2pK4/2P5/P7/8 w - - 1 48,d4e5 b5b4 e5e4 b4b3 a2b3 c4b3,1926,76,94,1450,crushing endgame long pawnEndgame
mNPrd,8/8/3k1p1p/3p1P2/3K1NPP/6n1/8/8 b - - 2 47,g3e4 f4d5 e4d2 d5f6,1070,78,94,799,crushing endgame knightEndgame master short
8nbHn,r4r1k/p5p1/2p4p/B3q2P/5n2/1B3p1P/PPP2P2/R2Q1K1R w - - 5 22,a5c3 e5b5 d1d3 f4d3,1390,76,100,732,crushing middlegame short
hQFzF,5rk1/2p2qpp/p1n1r3/1p1N4/4p2N/2P1B1Q1/PP4PP/3R2K1 w - - 3 25,g3c7 f7h5 d1d2 h5h4,1919,79,93,790,advantage fork master middlegame short trappedPiece
zdjxu,6k1/pp3ppp/4pb2/8/3p1PPP/3P1Q2/7q/1N1RK3 w - - 0 24,f3f2 f6h4 f2h4 h2h4,1289,75,100,1795,crushing endgame pin short
N1pWS,2r3k1/2qn1p2/p2N2pp/2p5/PP2QB2/5N1P/5PP1/b5K1 b - - 0 28,c8f8 d6f7 c7f4 e4f4,1864,78,92,1446,crushing master middlegame short
KWd8t,8/1R4pk/5b1p/1pBr3P/1Pb3p1/6P1/5P1K/1R6 w - - 2 38,b1e1 d5h5 h2g1 c4d5,1555,75,94,4581,crushing endgame short
3qma4,k4r2/pp1Q4/1q2p2p/2bn2p1/2R5/3B3P/PPP3P1/2B4K b - - 0 26,f8d8 c4c5 a8b8 d7b5,1844,76,91,516,advantage middlegame short
FOmoA,8/8/5p2/4pk1K/8/5P2/5P2/8 w - - 8 44,h5h4 f5f4 h4h5 f4f3 h5g6 f3f2,1946,79,91,1857,crushing endgame long pawnEndgame
qABl8,2rqnrk1/pb1p1pbp/1p1P2p1/2n5/8/2N2NP1/PP3PBP/R1BQ1RK1 w - - 1 14,c1g5 b7f3 g5d8 f3d1,1702,80,92,3596,advantage master middlegame short
kr6IH,8/7p/p1p1k1p1/2P5/PP2p3/6KP/5P2/8 b - - 2 40,g6g5 g3g4 e6d5 g4g5,1376,81,94,1553,crushing endgame pawnEndgame short
cSEfK,2b1r1k1/p4pbp/1n4p1/2pN4/5P2/8/PP2PP1P/2RR2K1 b - - 1 18,e8e2 d5b6 a7b6 d1d8 g7f8 d8c8,1920,81,91,1266,advantage clearance fork long middlegame
PtyxT,8/5pk1/P2r4/Q4p1p/4n1p1/7P/1P4PK/8 w - - 0 40,a6a7 g4g3 h2g1 d6d1 a5e1 d1e1,1147,77,90,546,endgame long mate mateIn3
Pf6QM,8/1p3p1k/p1q3rp/8/2PQb3/1PB5/1P1R4/5K2 b - - 3 39,c6e6 d4h8,1048,76,97,659,endgame mate mateIn1 oneMove
gPJiq,8/4k1pp/8/R4P1r/6KP/8/4n3/8 b - - 6 54,e7f6 g4h5 e2d4 h5g4,1914,81,91,957,crushing defensiveMove endgame hangingPiece short
qGc9X,6k1/pp3pb1/4qn1p/3p3n/3P2NN/P2B3P/1P1Q1P2/5K2 w - - 3 29,g4h6 g7h6 d2h6 e6h3,1016,83,95,3445,crushing middlegame short
DYgJF,1rr3k1/4np2/p1qNp1pp/3pP3/3PbPP1/1QB4P/P7/R4RK1 w - - 2 25,b3a3 c6c3 a3c3 c8c3 d6e4 d5e4,1293,79,93,1721,advantage long middlegame
9vpRP,2r2rk1/p1q2ppp/1p3n2/3PpN2/8/1QP2P2/P5PP/R3R1K1 b - - 0 19,c7c3 f5e7 g8h8 e7c8,1179,84,90,1735,crushing fork middlegame short
ubp0G,8/5R2/6p1/2p4p/3rKPkP/6P1/8/8 w - - 2 48,e4e5 g4g3 f4f5 g6f5,1568,76,95,24160,crushing endgame master rookEndgame short
ysKS3,8/2R2p2/4p3/1P6/pk6/2n5/5PPP/6K1 w - - 3 33,c7c3 b4c3 g2g4 a4a3 b5b6 a3a2,1187,80,94,3616,advancedPawn crushing endgame hangingPiece long
fZcMN,4r1k1/3nPpp1/p1q4p/1ppn4/8/PPN2PP1/1B1Q2KP/4R3 b - - 4 30,d5e7 c3d5 c6d5 d2d5 e7d5 e1e8,1696,75,94,3300,advantage kingsideAttack long middlegame
aAaHK,1q3rk1/5ppp/3Np3/3nP3/1rpQ1PP1/8/1PP3KP/R4R2 w - - 2 26,d6c4 b4c4 d4c4 d5e3 g2h3 e3c4,1367,79,93,3122,attraction crushing fork long middlegame sacrifice
SkGU7,6r1/p3PQ1p/1kp5/5P2/8/1P1P2rP/P1P1RRP1/q6K w - - 1 33,h1h2 g3h3 g2h3 a1g1,1663,75,88,1291,endgame master mate mateIn2 sacrifice short
8hBII,1r6/p7/3R4/K6k/R7/8/1rnB4/8 b - - 13 59,a7a6 d6h6,1489,89,88,2998,endgame mate mateIn1 oneMove operaMate
ah8ZB,2rr2k1/1p2bpp1/p1n1p2p/3q4/3P4/3Q1NBP/PP3PP1/2R1R1K1 b - - 1 17,c6d4 c1c8 d8c8 d3d4 d5d4 f3d4,1802,78,97,1823,advantage intermezzo long master middlegame
zBX9P,r2q4/2p3k1/b4npp/p3r3/1p6/1Q2B3/PPP2PPP/3RR1K1 b - - 1 21,d8g8 e3h6 g7h6 e1e5,1960,79,91,2110,advantage discoveredAttack middlegame short
LNEDF,2k4r/2pbbp2/4p1p1/1p1pP3/p2B1P1r/P2P2R1/BPq1N1QP/R6K w - - 0 27,a1c1 h4h2 g2h2 h8h2 h1h2 c2e2,1248,77,92,539,advantage attraction fork long middlegame
Y7CVY,2kr4/7p/8/R7/8/3p2P1/P4K2/8 b - - 0 39,d3d2 a5a8 c8d7 a8d8 d7d8 f2e2,1462,78,94,2154,crushing endgame exposedKing long rookEndgame
AkdD7,7r/8/2R2p1p/3rp3/7p/2k2P2/P5RP/7K b - - 4 38,c3d4 g2d2 d4e3 d2d5,1131,83,95,2406,crushing deflection endgame rookEndgame short skewer
cEx2a,r5k1/q4p1p/3Q2p1/P1ppP3/1b3P2/1P4P1/4R2P/3R2K1 w - - 2 31,e5e6 c5c4 d6b6 b4c5 g1g2 c5b6,1493,76,91,941,advantage clearance discoveredAttack discoveredCheck endgame fork long
KqK6V,1R6/8/4b3/4p3/k6P/4n1PK/1P3r2/4R3 w - - 11 48,g3g4 e6g4 h3g3 f2g2,1269,77,95,11866,endgame mate mateIn2 pillsburysMate short
L9tm0,8/1Q4kp/p2q2p1/2p2p2/2Bb1P2/6P1/8/5K2 b - - 3 42,g7h6 c4g8 d6f4 g3f4,1975,74,95,5112,crushing endgame short
4osjy,8/p7/2k4p/2b1Ppp1/K4P2/1P2r2P/P2R3B/8 w - - 0 34,f4g5 e3e4 a4a5 c5b4 a5a6 b4d2,1848,76,94,10767,crushing endgame fork long
6d8LI,r2qk2r/pp2bpp1/2p2n1p/3p4/3P1Qb1/2N1P1B1/PP2BPPP/2R1R1K1 b kq - 3 18,e7d6 f4d6 d8d6 g3d6,1118,84,93,11602,advantage middlegame short
JMQ99,5r1k/1b1nq1b1/p4n2/1p4Q1/3R4/P1N1P3/1P3PPP/3R2K1 b - - 3 22,h8g8 d4d7 e7d7 d1d7,1193,77,100,583,advantage master middlegame short
6OzcO,2k1r2r/1ppq1p2/p1nb3p/6p1/3Pb2N/PQ2P2P/1P1BBPP1/R3K2R w KQ - 0 17,e2g4 f7f5 h4f5 e4f5,1494,76,91,2225,advantage middlegame short
czlCC,6k1/5p2/R3p1pp/3bP3/1P1K1PP1/P7/4B1r1/8 w - - 6 37,d4e3 g2e2 e3e2 d5c4 e2e3 c4a6,1481,76,92,14266,advantage attraction endgame fork long sacrifice
Tyzh9,5rk1/2q1ppbp/pn1p2p1/3P4/4PP2/Rp5P/2PBQ1P1/5RK1 w - - 0 21,c2b3 c7c5 d2e3 c5a3,1307,76,96,2198,advantage fork middlegame short
l1LaZ,r3kb1r/pR3pp1/4p2p/q2pP3/2pP4/5N2/P4PPP/1Q3RK1 b kq - 2 17,f8e7 b7e7 e8e7 b1b7,1823,75,94,16031,attraction crushing middlegame sacrifice short
KBD6e,r2qkb1r/pp1npppb/5n1p/1Bp1N2P/3P4/6N1/PPP2PP1/R1BQK2R w KQkq - 2 11,d4c5 d8a5 c1d2 a5b5,1015,77,100,915,advantage fork opening short
kJy7R,8/8/7r/3P2k1/3Kn3/R7/8/8 b - - 4 59,g5f5 a3f3 f5g6 d4e4,1136,75,98,822,crushing deflection endgame master short
GkgTy,1r4k1/2p2ppp/2n2q2/p4b2/3P4/1rP1PN1P/R1Q1BPP1/5RK1 w - - 1 21,e2d3 f5d3 c2d3 c6b4 d3e2 b4a2,1748,76,95,7557,crushing long middlegame
JFow4,r2q1rk1/4bppp/bp1p1n2/pNpPn3/P3P3/1P3NP1/5PBP/R1BQ1RK1 b - - 4 13,f6e4 f3e5 d6e5 g2e4,1068,78,94,8775,advantage discoveredAttack middlegame short
2HXUA,rnbq1rk1/pp2p1bp/2p5/3pP3/3P2Pp/2NQ1N1P/PPP5/R3KB1R b KQ - 0 13,c6c5 f3g5 c8f5 g4f5,1693,75,91,1413,crushing master middlegame short
LaeJp,2r5/6p1/2p1pp2/2Pp1kp1/3Pn3/R1P1P2P/3NK1P1/8 b - - 8 29,e4g3 e2f3 g3e4 g2g4 f5g6 d2e4 d5e4 f3e4,1708,76,96,10623,crushing defensiveMove deflection endgame veryLong
J6fl0,8/6pp/8/6PK/5k2/7P/8/8 w - - 3 38,h3h4 f4f5 g5g6 h7g6,1704,75,96,2317,endgame mate mateIn2 pawnEndgame short zugzwang
AjA0n,r1bq1rk1/1p3pbp/p2n2p1/2p1n3/4P3/1BN1BP2/PPPQ2PP/2KR3R w - - 0 14,d2d6 d8d6 d1d6 c5c4 b3a4 b7b5,1551,77,88,1495,advantage long middlegame
tcfU9,rq2k1r1/1pR2p1p/pQ2p3/3p4/1B2n3/4P3/PP4P1/4K3 b q - 0 26,g8g2 c7e7 e8f8 e7b7 f8g7 b7b8 a8b8 b6b8,1392,77,92,6482,advantage discoveredAttack discoveredCheck middlegame veryLong
Rmveb,2k5/8/8/7p/3K1n2/2P2N2/1P4p1/8 w - - 0 55,f3g1 h5h4 d4e4 h4h3,1531,76,96,2272,crushing endgame knightEndgame master quietMove short
LyaUn,r3k2r/pbppqpp1/7p/2pnP3/8/2NB4/PPP2PPP/R2Q1RK1 w kq - 0 13,d3e4 d5c3 e4b7 c3d1,1196,80,88,1006,crushing middlegame short
FIR4B,r5k1/pR3ppp/2r1p3/B7/2nP1P2/2P5/P4PKP/3R4 w - - 9 26,d1b1 c4a5 b7a7 c6c8 a7a8 c8a8,1856,73,94,14237,advantage endgame long
t6bAb,rn1r3k/ppq4p/2p2pp1/2P2b2/2BPQ3/8/PP2N1PP/R3K2R w KQ - 0 19,e4f4 c7f4 e2f4 d8d4,1871,76,93,1595,advantage capturingDefender master middlegame short
hnBAi,4r3/kb1Rbp1p/p5p1/8/1PR5/4P3/P3KP1P/8 b - - 0 31,a7b6 c4c7 b7d5 d7e7,1608,75,93,7748,crushing endgame short
zUWA5,1r4k1/1N3ppp/6n1/8/P3P3/5P2/3r2PP/R4RK1 w - - 3 25,b7c5 b8b2 f1d1 d2g2,1496,76,89,1320,crushing endgame quietMove short
bCzaU,8/5p2/2k1p1p1/3pP2p/1K3P1P/1P4P1/8/8 w - - 1 39,b4a5 d5d4 a5b4 c6d5,1699,77,94,2342,crushing endgame master pawnEndgame quietMove short
eczAN,8/8/8/ppkn3B/5P1P/3K1P2/P7/8 w - - 2 50,d3e4 d5f6 e4d3 f6h5,1173,76,98,1125,crushing endgame fork short
JohdS,r4q1k/1ppn3R/p3p3/3pP3/3P4/2P1PrQ1/PP5P/6RK b - - 0 28,h8h7 g3g6 h7h8 g6h5 f8h6 h5h6,1607,76,97,3631,endgame exposedKing long mate mateIn3
i8hEX,6k1/p1q1ppbp/2p3p1/P1PpN3/3PbP2/2r1P3/Q5PP/2B2RK1 w - - 2 27,a2b2 c3c2 b2c2 e4c2,1612,75,86,773,crushing middlegame short
kzjoK,3r4/5k2/4Rp2/2R1pPp1/1P2P3/7P/3r2K1/8 w - - 1 43,g2f3 d8d3 f3g4 d2g2 g4h5 d3h3,1134,76,95,1879,deflection endgame long mate mateIn3 rookEndgame
I0dxz,8/5k2/6p1/1n2p3/p5PP/2NK4/5P2/8 b - - 4 50,b5c3 d3c3 e5e4 c3b4 e4e3 f2e3,1526,78,93,7575,crushing endgame long
FmD5U,r1br2k1/pp3pbp/4p1p1/q1N1P3/3P4/3Q1N2/PP4PP/R4RK1 w - - 1 20,a2a3 a5c5 d4c5 d8d3,1391,74,85,788,advantage middlegame short
cY3lX,8/6k1/1p3p2/pK1N3p/4P3/r4P2/1p4P1/1B6 b - - 1 42,a3b3 b5a4 b3b4 d5b4,1805,77,93,10061,crushing defensiveMove endgame short trappedPiece
29Ba8,8/8/8/7p/7P/kpQ3PK/q7/8 b - - 3 66,a2b2 c3a5,1100,77,97,804,endgame mate mateIn1 oneMove queenEndgame
rJvYb,r5k1/4nr2/p3p1q1/1p1pP1b1/2pP4/P1PN1N1P/1P2Q1P1/R4R1K b - - 0 27,g6d3 e2d3 c4d3 f3g5 f7f1 a1f1,1312,80,92,997,crushing long middlegame
NmCaC,8/8/1R4P1/1p2k2p/p6P/1r6/6K1/8 b - - 0 51,e5f4 b6f6 f4e5 g6g7 e5f6 g7g8q,1905,76,95,17785,advancedPawn advantage endgame long promotion rookEndgame
yusTo,5N2/pp2n2k/5rpp/3p4/PP6/2PQ2qP/6Pb/4R2K b - - 3 29,f6f8 e1e7 h7h8 d3d4 g3e5 e7e5,1741,78,93,800,crushing endgame hangingPiece long
zf3OH,8/8/8/3p2p1/1P4P1/3KN2k/5b2/8 b - - 1 47,f2e3 d3e3 h3g4 b4b5 g4f5 b5b6,1374,76,100,746,crushing endgame long quietMove
k4VcB,r4rk1/1q3pbp/6p1/p1pNpb2/2P5/6P1/PPQ2PBP/3R1R1K w - - 0 21,d5f6 g7f6 c2f5 b7g2 h1g2 g6f5,1651,75,94,1622,advantage hangingPiece long middlegame
J1Bab,6rk/p4QBp/1p2P3/2n5/2q1n3/P3P3/5PPP/3RK3 b - - 0 26,g8g7 d1d8 g7g8 d8g8,1407,75,87,4097,endgame mate mateIn2 short
PXPCP,4r1k1/5p1p/1qp3p1/p2p1p2/3b1Q2/1P1N1P1N/P1P3PP/2KR4 w - - 0 22,d1e1 e8e1 d3e1 d4e3 c1d1 e3f4,1256,81,94,1690,advantage fork long middlegame
B4F2E,r2qk2r/ppp2ppp/2n1bn2/2bNp1N1/2B1P3/8/PPPP1PPP/R1BQK2R w KQkq - 1 7,d5f6 d8f6 e1g1 e6c4,1955,84,92,9673,advantage opening short
rHxIZ,1k1r1br1/1pq2p1p/3Nbpn1/pBP1p2Q/1P1pP3/P5N1/2P2PPP/RR4K1 w - - 13 21,h5h7 g8h8 h7h8 g6h8,1351,79,94,11298,advantage master masterVsMaster middlegame short trappedPiece
DVJZD,4rk2/pp3pb1/2p3q1/4pPP1/3r2Q1/3P2B1/PPP2KP1/R6R w - - 1 27,g4d4 g6f5 g3f4 e5d4,1439,75,100,993,advantage intermezzo middlegame pin short
WMnaH,rn1q2kr/pp2p1bp/2p2n2/4NpB1/3P4/2NQ4/PPP3PP/R5K1 b - - 1 12,b8d7 d3c4 f6d5 c3d5 d7e5 d5e7,1836,74,95,1901,advantage discoveredCheck doubleCheck kingsideAttack long middlegame
R5mm2,1k6/p7/1p6/2p1R3/4B1P1/P3K3/1r3r2/3R4 w - - 2 41,e4f5 b2e2 e3d3 e2e5,1406,82,93,1873,advantage endgame short skewer
0aEuL,2K5/8/p1P5/5k2/6pR/N7/Pr1rp3/1R6 w - - 0 48,h4h1 b2b1 h1b1 d2d1 a3c2 d1b1,1459,75,90,2423,attraction crushing endgame long
xw2pE,8/p2r1p1k/1pR2q1p/1P1p1NpQ/P3n3/4P1P1/5PKP/8 b - - 8 30,f6f5 h5h6 h7g8 c6c8 d7d8 c8d8,1127,76,100,889,endgame long mate mateIn3
lZec1,2k5/pb3p2/1p2p3/1P2p1q1/P1P5/2Q2B2/5PK1/5R2 w - - 1 31,g2h1 g5h5 h1g1 b7f3 c3f3 h5f3,1844,76,93,1081,crushing endgame long pin
PJEnR,8/8/2N1bp2/6k1/1R6/6pp/8/6K1 w - - 0 71,c6d4 h3h2 g1g2 e6d5 g2g3 h2h1q,1263,76,96,3383,advancedPawn crushing deflection endgame exposedKing long promotion
hw4JS,4rrk1/1Q4p1/2p4p/1p1p1pqb/3P4/2PB1P2/PP2R1PP/4R2K w - - 5 25,b7c6 e8e2 d3e2 g5d2 e1g1 d2e2,1737,75,95,2716,advantage long middlegame
7uFHz,2k3r1/pp2bpPp/2p4q/3b4/5P2/2BQ2P1/4N2P/2KR4 b - - 2 23,e7f6 d3f5 d5e6 f5f6 h6f6 c3f6,1494,76,93,3943,advantage long middlegame
elRok,8/pp6/3R2P1/2r1k1K1/8/P7/6P1/8 w - - 0 51,g5h6 e5d6 g6g7 c5c8,1160,76,92,1116,crushing defensiveMove endgame hangingPiece master rookEndgame short
fHXma,8/7p/8/3K1p1k/6rp/4Q3/8/8 w - - 0 61,d5e5 g4e4 e3e4 f5e4 e5e4 h5g4 e4e3 g4g3,1702,74,97,5710,crushing defensiveMove endgame fork queenRookEndgame veryLong
u4bM0,1R2N3/4qpp1/2p3rk/p2bN2p/5P2/6P1/P1Q4P/6K1 w - - 0 31,g1f2 e7a7 b8b6 a7b6,1520,75,95,3071,advantage fork middlegame short
OmKJU,1r3r2/5kpp/3Ppqn1/p2n4/1PpP3N/2P3BR/1PQ3PP/4R1K1 w - - 0 26,e1f1 f6f1 g1f1 d5e3 f1e2 e3c2,1383,77,92,991,advantage attraction fork long middlegame sacrifice
SRkUw,8/pp1Q4/2p1r1k1/4B2p/2P2PqP/1P6/P4P2/5K2 b - - 4 36,e6e5 d7g4 h5g4 f4e5,1553,77,91,647,crushing endgame intermezzo short
V5Vq3,r2qr1k1/ppp2ppp/2n5/3p1b2/3Pn3/2PB4/P1QN1PPP/R1B1R1K1 b - - 5 13,e4c3 e1e8 d8e8 c2c3 f5d3 c3d3,1957,80,89,700,advantage intermezzo long opening
xNhSc,8/6k1/1p4p1/bPr1p2p/R1PpP1bP/3B4/5KPB/8 b - - 3 39,g4d1 a4a5 b6a5 b5b6,1568,76,94,537,crushing endgame master sacrifice short
UPQ8V,r2q1rk1/3bbppp/8/1p1pN3/1n1P1B2/4P2P/3N1PP1/1R1Q1RK1 b - - 1 18,d7f5 b1b4 e7b4 e5c6 d8d7 c6b4,1564,75,93,1901,advantage fork long middlegame sacrifice
KMF6p,r3k2r/ppqn1ppp/2pbpnb1/8/7N/2NP4/PPPBBPPP/R2Q1RK1 w kq - 10 12,h4g6 d6h2 g1h1 h7g6,1606,75,94,4754,advantage intermezzo middlegame short
wnj4w,2r5/5k1p/1R3p2/p4P2/8/P1r3KP/8/1R6 w - - 3 38,g3h4 c8c4 h4h5 c3h3,1118,78,92,3048,deflection endgame mate mateIn2 rookEndgame short
9Ui3y,3r4/4p2k/Rq4p1/2pPrp1p/8/1P1Q3P/6P1/R6K b - - 2 49,b6b4 d3g3 d8g8 g3e5,1804,78,93,2249,crushing endgame short
Zypzn,3B4/1p3kbp/5pp1/PP2p3/5n2/5N1P/5PP1/6K1 b - - 0 39,f7e8 a5a6 b7a6 b5a6 e8d8 a6a7,1307,77,100,2134,advancedPawn crushing endgame long sacrifice
tArcN,rn3rk1/5p1p/p1b1p1p1/3P4/2pq1NQ1/2R3P1/P4PBP/2R3K1 b - - 0 25,c6d5 f4d5 d4g4 d5f6 g8g7 f6g4,1894,75,93,2427,crushing fork long middlegame sacrifice
dMA4n,1r4k1/p3Q1p1/2p3r1/3p3p/P2Ppq1P/1P4P1/5PK1/2R2R2 b - - 2 28,b8b3 e7e8 g8h7 e8g6 h7g6 g3f4,1476,75,96,16937,crushing endgame fork long
8KUat,rn2kb1r/ppp1pppp/5n2/7q/3P1B2/2NQ2R1/PPP1NP2/R3K3 b Qkq - 7 12,f6d5 d3b5 c7c6 b5b7,1465,79,96,29119,crushing middlegame short
uzAhg,5r2/p1R2nk1/6q1/4ppb1/5P2/3Q2K1/PP2N3/6R1 w - - 0 40,f4g5 f5f4 g3f2 g6d3,1807,75,95,17329,crushing discoveredAttack middlegame short
nNZvy,6k1/6p1/8/4qb2/8/p2P4/3Q2PP/3RK3 w - - 2 36,d2e2 e5e2 e1e2 f5g4 e2d2 g4d1,1884,74,96,3846,attraction crushing endgame exposedKing long master skewer
2BYiD,5rk1/1r2q1bp/4p1p1/p7/1ppPN3/2P5/PP1Q1PP1/1K1R3R w - - 0 22,e4c5 b4c3 d2c3 e7c5 d4c5 g7c3,1612,74,91,1672,crushing long middlegame pin
lrFcc,r2q1rk1/1p3p1p/1npp1bp1/p2Pp2P/P3P3/1BN2P2/1PPQ1P2/R3K2R w KQ - 1 16,e1c1 f6g5 f3f4 g5f4 d2f4 e5f4,1087,83,95,2731,crushing long middlegame pin
O15Uq,2R5/1p4k1/p2p3p/3P4/3bQp1q/1P5P/P4Pr1/5BK1 w - - 0 34,f1g2 h4f2 g1h2 f2g1,1120,75,100,630,endgame mate mateIn2 short
1hBs9,8/1pQ4p/p3p1pk/3p2q1/3n4/P2B3P/1P3PP1/6K1 w - - 7 30,c7b7 d4f3 g1f1 g5c1 f1e2 f3g1,1728,76,96,10763,endgame long mate mateIn3 pin
Avmi3,8/8/pR5R/r1kp2p1/5pP1/2P1rP2/2K5/8 b - - 5 44,d5d4 h6c6 c5d5 c3c4 d5e5 c6e6,1695,78,95,15542,endgame long mate mateIn3 rookEndgame
W1qwh,4rr1k/1p4bp/p5p1/1b3q2/1PQ5/P3B2P/4NPP1/3R1RK1 w - - 2 27,c4g4 f5g4 h3g4 b5e2,1557,75,90,1093,capturingDefender crushing master middlegame short
MlQqU,6rk/p2RR1p1/7N/1p6/6P1/P4PK1/r3n3/8 w - - 5 42,g3h4 g7g5 h4h3 e2f4 h3g3 a2g2,1652,75,97,2527,endgame hookMate long mate mateIn3
Ju40S,8/8/P7/1n1k2pp/1P3p2/2PK4/6P1/8 b - - 1 44,g5g4 c3c4 d5c6 c4b5 c6b5 a6a7,1145,76,100,1477,advancedPawn crushing endgame fork knightEndgame long
qiIBM,r2q2k1/pbp3p1/1p6/4Pp1Q/8/2P1P3/PP1N1b2/R2K2R1 w - - 2 21,g1g5 f2e3 g5g7 g8g7,1388,76,91,3097,crushing master middlegame short
qVmj6,8/4bk2/r4n2/6R1/p1pPp1Pp/P1R1P2P/1r5B/3B2K1 w - - 1 39,c3c4 b2b1 g1f2 b1d1,1638,77,94,1965,advantage master middlegame pin short
qrvD0,2r1r1k1/1p6/p2p2pb/P2Pnp1P/1Pq5/2P4P/4NPQK/1B1R1R2 w - - 4 33,f2f4 e5g4 h3g4 e8e2,1812,76,93,4459,advantage discoveredAttack master middlegame pin short
iymVR,8/6p1/p2k2Pp/1p6/1P2K2P/P7/8/8 b - - 2 38,d6e6 h4h5 a6a5 b4a5,1654,80,93,1022,crushing endgame pawnEndgame quietMove short zugzwang
nnqUV,4rk1q/1p3p2/2p5/p2pRB2/PbnP1QP1/1KN2P2/2P4P/8 b - - 1 28,b4c3 e5e8 f8e8 f4b8,1307,75,87,1753,attraction crushing master middlegame short
2SKqX,r3kb1r/2p2ppp/p4q2/1p1Pp3/1n4b1/2N2N2/PPP2PPP/R1BQR1K1 w kq - 0 12,e1e5 f6e5 f3e5 g4d1,1458,77,95,36283,advantage middlegame short
yglwX,3r4/4k3/pR3p2/P1K3p1/4p1P1/7P/8/8 w - - 0 46,b6a6 e4e3 a6b6 e3e2 b6b1 d8d1,1395,75,95,2765,advancedPawn crushing endgame long rookEndgame
up5PS,8/4Qpb1/4b3/4P1Pk/P4P1P/8/1P1R2BK/2r5 w - - 5 36,f4f5 g7e5 h2h3 e6f5,1272,81,93,1049,endgame mate mateIn2 short
1k9ED,2k3Q1/p5pp/P1n2r2/4p3/2p5/P7/2P1q1PP/1R5K b - - 2 41,c8c7 g8g7 f6f7 g7f7,1759,76,90,533,crushing endgame fork short
nfRmj,7Q/5k1p/r1q3p1/3pBp2/3P4/1P2bP1P/6PK/8 b - - 5 41,c6e8 h8g7 f7e6 g7f6 e6d7 f6a6,1443,77,93,2096,advantage endgame long master skewer
H7BVS,r3kbnr/pppb1p1p/3P2q1/4p3/2B1P3/2N5/PPP3PP/R2Q1RK1 b kq - 0 12,f8d6 c4f7 g6f7 f1f7,1029,82,93,620,advantage attackingF2F7 fork opening short
nPi9w,r1b1k2r/ppq2ppp/2N1pn2/3p4/Q2p1P2/2P5/PP1N1PPP/R3KB1R b KQkq - 0 10,c7c6 f1b5 c6b5 a4b5,1062,83,95,1884,advantage middlegame pin short
MCYwd,2r1k2r/pp3pp1/4p1R1/7P/2nPQ3/2P4R/qnP1KP2/2B5 b k - 0 28,f7g6 e4e6 e8d8 c1g5 d8c7 g5f4,1873,77,93,591,crushing exposedKing fork long middlegame
VOMLX,8/pp1bpkb1/3p4/8/2rN3P/1Kn1B3/P1P5/6RR b - - 1 24,c4d4 g1g7 f7g7 e3d4,1596,74,86,1209,advantage attraction intermezzo middlegame short
B3OEM,8/2k5/P1n3R1/2N5/2P5/KP6/5r2/8 w - - 3 48,a3a4 f2a2 a4b5 a2a5,1246,75,100,1201,endgame master mate mateIn2 short
lSKdi,1n1qnrk1/r2p4/p3p1Q1/1p1bPp2/8/1PP2N2/2B2PPP/R4RK1 b - - 1 21,e8g7 f3g5 d8g5 g6g5,1239,76,85,832,crushing middlegame short
FQg14,r2q1rk1/ppb2ppp/5n2/2p1p3/P1NnP1b1/5NP1/1PP1QPBP/R1B1R1K1 w - - 3 13,e2d3 d4f3 g2f3 d8d3 c2d3 g4f3,1527,76,90,1618,capturingDefender crushing discoveredAttack fork long middlegame
bQcH1,r3k2r/1bp1b1pp/p7/1p1q1pRn/3P4/2P5/PPB2PPP/RNBQ2K1 b kq - 1 17,e7g5 d1h5 g7g6 h5g5,1393,76,100,1629,advantage fork hangingPiece middlegame short
kYQte,4R3/8/8/8/2k4P/5K2/rp6/8 w - - 0 42,e8b8 a2a3 f3e4 a3b3,1359,75,94,631,crushing endgame rookEndgame short
ZJ8vH,r1b2rk1/ppp2pp1/4p2p/2bq4/4nP2/1P3N2/P1PPQ1PP/RNB2R1K w - - 1 13,d2d3 e4g3 h2g3 d5h5 f3h2 h5e2,1402,78,92,650,crushing kingsideAttack long opening sacrifice
jFVuO,3R4/b4p1k/p6p/2p1q3/1P3R2/P5PP/5P1K/8 b - - 0 30,c5b4 f4f7 h7g6 f7a7 e5c5 a7a6,1387,79,93,683,advantage endgame fork long
SzevD,5k2/4q1p1/6Qp/3p1K1P/3P4/1P2P3/8/8 w - - 1 49,g6e6 e7g5,1341,79,89,527,endgame master mate mateIn1 oneMove queenEndgame
69Tb1,4r2k/6pp/8/p4P2/3B1QP1/8/4q2P/6K1 b - - 4 29,h7h6 f4h6 h8g8 h6g7,1224,81,93,1148,endgame mate mateIn2 pin short
ricg7,3k4/7R/p3p3/1b2Bp1p/1P1p2r1/3P4/4KP1P/8 w - - 5 37,h7h5 g4e4 e2d2 e4e5,1324,77,93,691,advantage endgame pin short
tHxqI,8/5p2/4p3/p4kP1/2NpnP2/1P3K2/8/8 b - - 6 49,d4d3 c4e3 f5g6 f3e4,1536,76,93,4488,crushing deflection endgame knightEndgame master short
ccc8F,3R3Q/6p1/1p2p1p1/6k1/r7/q6P/2P2PP1/6K1 w - - 4 31,h3h4 a4h4 h8h4 g5h4,1506,75,86,820,advantage endgame master short
bSVtt,6k1/5p1p/5qp1/2p4P/1p2R3/3P1P2/r1PQKP2/8 b - - 0 36,b4b3 e4e8 g8g7 h5h6,1163,77,96,9226,endgame mate mateIn2 short
4V58j,5br1/7k/1p3p1B/p3p2R/P2pP1r1/8/1PP5/1K5R b - - 0 32,g4g1 h6c1 h7g6 h1g1 g6h5 g1g8,1944,75,96,9716,crushing discoveredAttack discoveredCheck endgame exposedKing interference long master skewer
InI1R,4r1k1/1R6/6K1/p5p1/1P6/P7/4R3/8 b - - 0 38,e8e2 b7b8 e2e8 b8e8,1089,77,89,865,endgame mate mateIn2 rookEndgame short
EPGWJ,r2q2k1/1pp2rb1/3n2p1/2BPp1P1/p2n2B1/2N5/PPP4Q/R3K2R w KQ - 2 22,g4e6 d4f3 e1e2 f3h2,1199,79,95,4776,crushing fork master middlegame short
oJOmO,8/pp3pkp/3P1R2/4P3/8/1P4P1/r4PKP/2r5 b - - 2 42,c1c2 d6d7 c2d2 f6d6 d2f2 g2h3,1357,76,97,3250,advancedPawn advantage clearance defensiveMove endgame long rookEndgame
s3Kwn,6k1/7p/8/5p2/1pR1rP2/1P5P/3K4/8 b - - 2 48,e4c4 b3c4 g8f7 d2c2,1539,75,93,5262,crushing defensiveMove endgame master short
5CADO,4r1k1/1p3pp1/p6p/2pP4/2P4q/1P6/P4PPP/1R1Q1K2 w - - 2 26,d1d2 h4h2 f2f3 h2h1 f1f2 h1b1,1176,84,94,7674,crushing endgame long skewer
n7H5B,5rk1/pp3p2/6p1/2r4p/5PNR/8/PP4K1/7R b - - 0 28,h5g4 h4h8 g8g7 h1h7 g7f6 h8f8,1037,90,94,631,crushing deflection endgame long rookEndgame
3Jom0,r1bq1rk1/ppp1nppp/1bnp4/3N4/2BPP3/5N2/PB3PPP/R2Q1RK1 b - - 1 11,c8e6 d5b6 a7b6 d4d5,1885,77,91,3385,advantage opening short
MZfkA,2kr1b1r/1ppq1pp1/p1n4p/8/2B1Np2/1QPP1P2/PP3P1P/2KRR3 w - - 2 15,d3d4 c6a5 b3c2 a5c4,1323,74,100,747,advantage middlegame short
rHOhv,2r5/QR3pk1/p3ppp1/3p4/5P2/2q1P2P/2r3PK/1R6 b - - 2 31,c8c7 b7c7 c3c7 b1b7 c7b7 a7b7,1472,77,91,1717,advantage endgame long
PjLfT,r3r1k1/ppq2pp1/1npb1pQ1/8/2BP4/7P/PPPB1PP1/R3R1K1 w - - 1 17,g6f7 c7f7 e1e8 a8e8 c4f7 g8f7,1300,80,92,1173,advantage long middlegame
31ucs,4k2r/1p2pp2/p4rb1/4Q3/P2p4/3Bn2P/6P1/4B1KR w k - 5 37,d3g6 f6f1 g1h2 e3g4 h2g3 g4e5,1514,75,99,3620,advantage fork long middlegame pin
iJxnF,1rr3k1/4qppp/4p3/p2p4/2nP4/P3P1P1/Q4P1P/2RR1BK1 b - - 1 25,e7a3 f1c4 a3a2 c4a2 c8c1 d1c1,1611,74,95,17672,advantage long middlegame
fCUOe,8/4P3/3K2p1/8/7k/1B2r2p/P7/8 b - - 0 43,g6g5 b3e6 h4g3 e7e8q,1337,75,87,894,advancedPawn crushing endgame promotion short
Ayy7p,r4r2/p1p1bpkp/1p1q1np1/4NbB1/2QP1N2/4P3/PP3PPP/R4RK1 w - - 0 16,f4d5 f6d5 g5e7 d5e7,1587,77,85,1215,advantage middlegame short
v8HAK,2r2rk1/pp3ppp/4p3/2bpP1qn/6P1/2PQ1N1P/PP3P1B/R3R1K1 b - - 2 17,h5f4 d3h7 g8h7 f3g5,1847,75,89,2008,attraction crushing kingsideAttack middlegame short
XvLJS,4rr2/pp4pk/2n3p1/2p5/2BPQ1P1/2P3P1/PP3q2/R3R2K w - - 3 23,e4g2 e8e1 a1e1 f2e1,1031,79,95,1012,crushing kingsideAttack middlegame short
w6knd,r7/1pp5/p7/1b1P1q1r/1k1R4/8/P1Q3P1/2K5 b - - 1 34,b4a5 c2c7 b7b6 c7c3,1704,75,100,770,endgame mate mateIn2 short
sDav4,rnbqr1k1/ppp3pp/8/8/1Q2p3/8/PB2NPPP/3R1RK1 b - - 5 13,d8e7 b4e7 e8e7 d1d8,1351,77,95,16707,crushing kingsideAttack middlegame short
J37yI,6rk/1pp4p/p2p2p1/2q2b2/2P2PB1/1P4R1/P5QP/K5R1 w - - 2 30,g2h3 c5d4 g3c3 d4g1,1446,75,100,524,advantage deflection middlegame short
5xoDI,5rk1/ppp1b3/3p3p/3PqBp1/5pP1/1Q5P/PP3P2/1K5R w - - 2 30,b3b7 f8f5 g4f5 e5e4 b1c1 e4h1,1745,76,95,10546,crushing endgame fork long sacrifice
4YQDI,r3r3/5ppk/p1p4p/8/3R4/2P3Q1/qP3PPP/3R2K1 b - - 0 25,e8d8 g3d3 g7g6 d4d8 a8d8 d3d8,1433,76,96,13225,advantage endgame long
cKii3,r2q1rk1/pp1nbppp/2p2n2/4P3/5Qb1/1PN5/PBP1N1PP/R3KB1R b KQ - 0 11,g4e2 e5f6 e2f1 f6e7 d8e7 e1f1,1995,77,94,9987,advancedPawn advantage long opening
RFmot,8/p4k1p/4b3/1P2p1p1/4P3/2PK4/r3B1PP/2R5 w - - 2 26,c1c2 e6c4 d3c4 a2c2,1284,77,93,2523,advantage deflection endgame short
snvUc,r2qkbr1/1pp1pppp/p1n2n2/3p4/3P1BbN/2P1P3/PP1N1PPP/R2QKB1R w KQq - 5 8,f1e2 g4e2 d1e2 g7g5 f4g5 g8g5,1803,77,92,3847,advantage fork long opening
CF2xe,8/8/6B1/6P1/r5kP/8/8/6K1 w - - 0 73,g6f7 g4g3 g1f1 a4f4 f1e1 f4f7,1836,77,92,1251,crushing endgame exposedKing fork long
HjtJU,2rq2k1/1p2n1bp/4p1p1/2PpN3/1p2rP2/2P5/P2Q2PP/RN2R1K1 b - - 0 16,c8c5 e1e4 b4c3 b1c3,1253,75,95,5403,advantage middlegame short
XsYUe,2r2rk1/5p2/5Qp1/p1pPp2P/2B1P3/2R3Nn/P2q1PK1/8 b - - 6 39,d2c3 h5h6 h3f4 g2h2 c3g3 f2g3,1731,75,93,898,advantage defensiveMove long middlegame
96MCh,rr4k1/3nppbp/3p2p1/3Pn3/N3P3/qp3PP1/P1Q1N1KP/1RB4R w - - 0 21,b1b3 a3a4 b3b8 d7b8 c2a4 a8a4,1717,77,90,1647,crushing hangingPiece long middlegame
qsJ6y,8/6R1/5P1k/3pB3/5Kp1/P4bP1/4r3/8 w - - 11 56,f6f7 e2e4 f4f5 e4e5 f5e5 h6g7,1618,75,97,4569,crushing endgame long master
CF4uL,8/8/5k2/1K2pp2/5P2/P1P5/8/8 w - - 0 36,f4e5 f6e5 b5c4 e5e4 c4b3 f5f4 b3c2 e4e3,1833,77,93,1656,crushing defensiveMove endgame pawnEndgame quietMove veryLong
EYyql,r5k1/pb1n3p/4p1p1/1B1pP3/3P4/4Pr2/P1PB4/R2K3R b - - 0 21,a8f8 b5d7 f3f1 h1f1 f8f1 d2e1,1482,82,93,8282,crushing hangingPiece long middlegame
EJTx0,rnb1kb1r/pp1p1ppp/1q3n2/2pP4/7B/2N2P2/PPP3PP/R2QKBNR w KQkq - 3 9,c3a4 b6b4 c2c3 b4h4,1602,74,95,15180,advantage fork opening short
9Ir4J,r1b5/pp2q1kp/3p2r1/1B1Pp3/2Q1p3/2P1b2N/PPK3PP/5R1R b - - 6 23,e7h4 c4c7 g7h8 f1f8,1536,74,90,3090,advantage master middlegame short
7qUZB,R7/3r1pk1/3pnbp1/3Np2p/8/7P/5PP1/3R2K1 b - - 16 53,e6d4 a8g8 g7g8 d5f6 g8g7 f6d7,1632,78,87,1413,advantage attraction deflection endgame fork long sacrifice
1zzkn,r2k1bnr/pppb2qp/4B3/3Q4/3P4/8/PPP3PP/RN3RK1 b - - 4 15,g8h6 f1f7 g7f7 e6f7,1726,75,93,1108,advantage opening short
6m2XF,8/1p3r1k/p5p1/P6q/3Q4/2P4P/6P1/3R3K w - - 1 33,d4d5 f7f1 d1f1 h5d5,1174,75,98,1495,crushing deflection endgame master short
TSfMn,8/8/8/3K1p1k/5R2/6np/8/2B5 w - - 2 62,f4f3 h3h2 d5e5 h2h1q,1650,75,92,814,advancedPawn crushing endgame master masterVsMaster promotion short
abWEm,2r1r1k1/3p1p2/p3pPp1/1p2Pn2/5B2/7Q/Pq3PK1/4RR2 b - - 2 27,c8c2 f1h1 c2f2 g2g1 f2g2 h3g2,1914,75,92,4096,crushing long middlegame quietMove
t0S2J,rn1qkb1r/ppp3pp/2n2p2/8/2Pp4/P1N1BB2/1P3PPP/R2QK2R w KQkq - 0 11,f3c6 b8c6 d1h5 g7g6,1494,75,89,1806,advantage opening short
YgIpt,2r3k1/3RRr1p/p1q2p1p/1p4n1/8/6B1/4QPP1/6K1 b - - 1 30,f7e7 e2e7 c6d7 e7d7 c8c1 g1h2,1237,89,93,582,advantage long middlegame
ACCBC,2kr2r1/pppbq3/2nbp3/5p2/2NP1P1p/1P3BpP/PBP3P1/R3QRK1 b - - 3 18,d6f4 f3c6 d7c6 f1f4,1466,76,93,5442,advantage discoveredAttack middlegame short
lJosB,r1b1k3/1pp2p1p/p1q3r1/2bp4/5B2/1P2PQ2/P1PP1P1P/RN2K1NR w KQq - 0 12,d2d4 c5b4 e1d1 c8g4 f3e2 g4e2,1643,76,89,2169,advantage long middlegame pin
Qq9Su,8/5pk1/5np1/4R3/1p1QP3/2r5/5PPK/8 w - - 2 37,d4b4 f6g4 h2g1 c3c1 b4e1 c1e1,1489,75,90,1142,endgame fork long mate mateIn3
oPVVV,8/p7/Pp2n1P1/1P5K/4pk2/8/8/1B6 w - - 0 67,h5h6 e4e3 b1d3 f4f3,1674,76,96,4284,crushing defensiveMove endgame short
Lzd2l,6rk/1b2bp2/pq1p4/1p6/1P1pPPrP/P2P1Q2/5B1K/2R3R1 b - - 3 32,g4g1 f3h5 h8g7 c1g1 g7f8 h5h6 f8e8 g1g8,1611,75,96,10556,crushing deflection exposedKing interference intermezzo kingsideAttack middlegame veryLong
h7gCw,7k/6p1/2p3Qp/p2r1P2/8/1P5P/P3q1P1/2R4K w - - 3 36,c1c6 d5d1 h1h2 e2e5 g6g3 d1h1 h2h1 e5g3,1359,72,95,28989,advantage deflection endgame veryLong
sMkIp,6k1/pB4p1/1p5p/2p5/5q2/P4P2/1PR2QK1/3r4 w - - 0 31,b7e4 f4g5 f2g3 d1g1 g2g1 g5g3,1192,75,100,751,advantage attraction deflection endgame long
FL8VM,2r1rbk1/1b4pp/p3p3/1p1q1P2/3pN1P1/1P1P4/P2BR1QP/4R1K1 b - - 0 25,e6f5 e4f6 g7f6 g2d5 b7d5 e2e8 c8e8 e1e8,1801,76,94,11817,advantage discoveredAttack kingsideAttack master middlegame veryLong
T4HJT,rqb1kb1r/pp1p1ppp/4p3/1N6/2Q5/8/PPPP1PPP/R1B2RK1 b kq - 0 12,f8d6 c4c8 b8c8 b5d6 e8f8 d6c8,1693,74,88,1959,advantage attraction deflection fork long middlegame sacrifice
QmcHT,6r1/p2R4/8/4P3/P1pP3P/2P2k1K/4R3/6r1 w - - 9 46,e2c2 g1h1 c2h2 g8g3,1430,75,94,1573,endgame epauletteMate mate mateIn2 rookEndgame short
UNsQz,3q2k1/5rp1/p1bBpn1p/8/3P4/1P4P1/P2Q1P1P/R3R1K1 w - - 0 25,d6e5 d8d5 f2f3 d5f3 d4d5 c6d5,1676,77,94,9917,crushing long middlegame
ZskiH,8/7p/1k6/6p1/K7/P5P1/1P6/8 w - - 0 33,a4b4 h7h5 b4c4 h5h4 g3h4 g5h4,1122,77,100,1865,crushing endgame long pawnEndgame quietMove
kkEvv,4r1k1/p1p2pp1/1p1p1q1p/n2P4/2P1n3/1PN4P/P2QBPP1/4RK2 w - - 8 22,d2e3 f6c3 e3c3 e4c3,1763,76,87,1521,crushing middlegame short
rSCRf,r1bq1rk1/1pp2pb1/p2p3p/4n1pQ/2B1P3/2P3B1/PP1N1PPP/R3K2R w KQ - 2 13,c4b3 c8g4 h5g4 e5g4,1662,74,95,9593,crushing middlegame short trappedPiece
fukIa,3r2k1/p2r3p/Q3q1pB/5p2/3np3/8/P4PPP/R2R2K1 b - - 2 33,d4e2 a6e2 d7d1 a1d1 d8d1 e2d1,1458,77,91,1170,crushing hangingPiece long middlegame
0s7E3,5rk1/1p1P4/7p/1KP5/6p1/5p2/8/5R2 b - - 0 45,g4g3 f1f3 f8f3 d7d8q,1473,75,98,2142,advancedPawn crushing deflection endgame promotion rookEndgame short
JsLT7,r5k1/pp4pp/1q6/3p4/3n4/1P1B4/P2Q2PP/5R1K b - - 0 26,a8f8 d3h7 g8h7 f1f8,1518,75,88,1582,crushing deflection endgame short
o5IpB,r6r/2Q2pk1/5n2/p6p/PP4p1/8/2R2pPP/2R1q2K w - - 2 34,c1e1 f2e1q,1003,79,96,718,advancedPawn backRankMate endgame mate mateIn1 oneMove promotion
MmDIe,rn3rk1/ppp1q1pp/5n2/3pb1N1/8/8/PPP1QPPP/RNB2RK1 w - - 0 12,g5f3 e5h2 f3h2 e7e2,1041,84,89,1838,crushing discoveredAttack kingsideAttack opening short
WDyvk,8/2R5/4p1kp/5p2/5Kp1/2N3P1/7P/4r3 w - - 2 48,c7d7 e6e5,1706,84,89,953,endgame mate mateIn1 oneMove
Rat6u,4r1k1/pp1brppp/2p5/3p4/6P1/2P1P2q/PPBQ4/2K1R2R b - - 1 22,h3g4 c2h7 g8f8 h7f5,1617,76,92,2002,crushing kingsideAttack middlegame short
V1vKv,5k2/5n2/pb2p2p/2q1P3/5P2/2p2B1P/P5QK/2B5 b - - 1 35,f7e5 f4e5 c5e5 g2g3,1691,76,94,2130,advantage endgame master short
jqWPD,2k5/ppp2Q2/2p1P3/3q4/6p1/8/PP6/K2b4 b - - 0 41,d1a4 f7f8 d5d8 e6e7 d8f8 e7f8q,1639,75,91,603,advancedPawn crushing endgame long promotion
NJ74V,5r2/p2R2pk/3pp1np/5pPQ/3P4/P1r1P2P/6PK/2B2q2 b - - 0 27,c3c1 h5h6 h7g8 d7g7,1503,79,96,28220,endgame mate mateIn2 pin short
mXz5r,3r1rk1/pp3ppp/2p5/2b5/1P3B2/2PB1n1P/P4P2/3R1R1K b - - 0 20,c5d6 f4d6 d8d6 d3h7 g8h7 d1d6,1425,80,93,13280,advantage discoveredAttack kingsideAttack long middlegame
kpvNV,3r1rk1/p2N1p1p/b5p1/4p1q1/P2QR3/5R1P/1P3PP1/6K1 w - - 0 24,e4e5 d8d7 d4d7 g5e5,1742,76,96,1961,advantage capturingDefender deflection middlegame short
ei4yT,2q3k1/1b3ppp/p3pn2/Q7/Pp1N4/1B1P4/1P3PPP/6K1 w - - 3 26,h2h3 c8c1 g1h2 c1f4,1042,79,93,1258,crushing endgame short
1Hqrr,2k4r/pb1p1ppp/2p5/1B1n4/8/4PN2/q2B1PPP/2R2RK1 b - - 1 21,a7a6 b5c4 a2a3 c4d5,1650,76,92,2467,advantage middlegame pin short
azG7q,5rk1/2q1b1pp/p1p5/1p1pn3/5BQ1/1P5P/1PP3P1/R4RK1 b - - 1 22,e5g4 f4c7 e7c5 g1h1 g4f2 h1h2,1410,76,94,1931,advantage defensiveMove hangingPiece long middlegame
izNpD,q6k/6p1/4Qp1p/4p3/4P3/4PK1P/6P1/8 w - - 2 45,f3g4 a8e4 g4g3 e4e3,1135,78,96,826,crushing endgame master queenEndgame short
PgeFW,r1bqk1r1/ppp2p2/2np3p/2b1p3/2B1P1n1/2NPB3/PPP2PPN/R2Q1RK1 w q - 0 11,h2g4 c8g4 d1g4 g8g4,1331,76,97,7230,advantage middlegame short
hVgRb,5rk1/1b2q1p1/p3P3/1pp3N1/6pn/2P5/P2Q1PPP/R3R1K1 w - - 1 24,g2g3 e7g5 d2g5 h4f3 g1f1 f3g5,1504,80,94,3852,advantage attraction fork long middlegame sacrifice
e0GFM,3q1r2/5pk1/p4Rpp/1p1p3P/2r5/P5Q1/1PP3P1/5RK1 b - - 2 24,g6g5 g3e5 g7g8 f6h6,1896,76,93,12762,crushing endgame short
tunf2,r4rk1/p5qp/2p5/4p3/3pPp1P/6P1/PPP1QR2/R5K1 b - - 0 24,g7g3 f2g2 g3g2 e2g2,1262,90,94,632,crushing defensiveMove endgame pin short
foebS,8/6pk/6p1/2R5/1p1b3P/PP3BPK/3r4/8 w - - 1 45,c5d5 b4a3 f3e4 a3a2,1481,76,92,1765,advancedPawn crushing endgame short
H5e4Q,6Q1/pp5p/5p1k/4p3/4Pn2/2P5/PP2q1P1/R6K w - - 9 42,a1g1 e2h5,1032,75,97,1033,endgame mate mateIn1 oneMove
DJlRL,2r4k/pp4b1/3p2Q1/2pPpP2/4P3/1PPq1P2/P1N2K2/R7 b - - 3 29,d3c2 f2g3 c2d2 a1h1 h8g8 g6e6,1738,76,96,2201,crushing defensiveMove endgame exposedKing long
2GMwK,6k1/5p1p/3P2p1/1rpP2P1/5Pn1/5P2/8/2R3K1 b - - 0 34,g4e3 d6d7 b5b8 c1c5 e3d5 c5c8 b8c8 d7c8q,1652,78,95,13104,advancedPawn crushing endgame promotion veryLong
4Z0xg,3rk2r/pq3pp1/b1p1p2p/2PnP2P/2p3P1/2P2N2/P3NP2/1R1QK2R b Kk - 2 19,d5c3 d1d8 e8d8 b1b7 a6b7 e2c3,1630,76,91,2616,crushing long master middlegame
IjC4l,5rk1/6pp/4P2r/p6q/2p1Q3/6P1/P4P2/3RR1K1 w - - 3 31,e6e7 h5h2 g1f1 f8f2,1404,73,96,29744,endgame mate mateIn2 short
2MoKK,R7/5pkp/1p1P2p1/8/1pP2r1q/1P3B2/3R2P1/5K2 b - - 6 36,h4g5 d6d7 f4f3 g2f3 g5d2 d7d8q,1167,75,97,2559,advancedPawn advantage endgame long promotion
Y9wUZ,r1b3k1/2p3p1/4p1Q1/p2p2N1/1p1P2P1/2P1P3/PPK2rP1/8 w - - 1 28,c2d3 c8a6 c3c4 a6c4,1128,76,97,15080,endgame mate mateIn2 short
EwoWe,8/8/1p5p/p4kp1/P1PP4/4K3/7P/8 w - - 1 45,c4c5 b6c5 d4c5 f5e5,1819,74,96,7154,crushing defensiveMove endgame pawnEndgame short
bXu1L,k3rb2/Pq3pp1/2prp2p/3nN2P/QB1P4/6P1/PP3P2/1K1R3R w - - 3 28,b4d6 d5c3 b1a1 c3a4,1128,77,99,3796,advantage middlegame pin queensideAttack short
xwK7Z,8/3P1k2/2Br2p1/p3K2p/P4P1P/4R1P1/8/3r4 w - - 1 55,d7d8q d6e6,1441,82,94,2855,endgame mate mateIn1 oneMove
wr8iR,r2q1rk1/pp2bppp/5n2/2p1nP2/3pN3/5Q1P/PPPBBPP1/R3K2R w KQ - 4 13,f3g3 f6e4 g3e5 e4d2,1385,76,91,1308,crushing hangingPiece middlegame short
oodqs,r5k1/p2Q1ppp/8/2r3q1/3K4/8/PPP4P/3R1R2 b - - 11 24,c5c2 d7f7 g8h8 f7f8 a8f8 f1f8,1002,76,97,3450,backRankMate endgame long mate mateIn3 sacrifice
qzB8F,r2qr1k1/ppp2ppp/1n1p1bb1/6B1/2Pn4/PPN2N2/3QBPPP/3RR1K1 w - - 0 19,d2d4 f6d4 g5d8 d4c3,1464,75,92,1846,advantage master middlegame short
YCcNB,8/8/4pk2/7R/1PK2r1p/8/P7/8 w - - 4 56,c4c5 f4f5 h5f5 e6f5,1719,76,93,925,crushing endgame rookEndgame short
FBrd0,8/8/P1k5/4KP2/3p4/6p1/5bN1/8 w - - 0 57,f5f6 d4d3 f6f7 f2c5 a6a7 c6b7,1754,75,93,1296,clearance crushing endgame long quietMove
daMXq,rn2k2r/ppp2ppp/2b1p3/8/3qN3/3B4/PPPQ1PPP/2KR3R b kq - 1 11,c6e4 d3b5 e4c6 d2d4,1106,80,94,1205,crushing discoveredAttack master middlegame pin short
sgkBU,4qrk1/2pb1p2/1p3Qpp/3P4/8/3BP3/P4P1K/6R1 b - - 3 29,d7c8 d3g6 f7g6 g1g6 e8g6 f6g6,1760,75,95,8559,crushing endgame long master
mxEIq,3r2k1/4Q1pp/p7/1p1q4/8/8/PP4PP/5R1K b - - 0 31,d5d3 e7f7 g8h8 f7f8 d8f8 f1f8,1301,75,97,22119,backRankMate endgame long mate mateIn3 sacrifice
gEJXH,4r3/5p2/3P1k2/p4NpP/2p2PP1/5K2/Prp5/2R5 b - - 0 44,f6e6 f5g7 e6d7 g7e8,1132,76,99,1192,advantage endgame fork master short
8e7M4,3B3k/7p/1P1b4/3p4/3P2P1/3b1P1P/8/6K1 b - - 0 40,h8g8 d8c7 d6c7 b6c7,1517,76,94,1580,advancedPawn bishopEndgame crushing endgame short
SMVi5,r1b1k2r/ppp2ppp/2n1pn2/q7/Qb1P4/2N1P3/PP1B1PPP/R3KBNR w KQkq - 7 8,g1f3 b4c3 a4a5 c3a5 d2a5 c6a5,1655,76,94,9404,advantage long opening
hekaw,r3kb1r/3q1pp1/p1pp1n1p/4p3/4P1b1/2NBB1Q1/PPP2PPP/R4RK1 w kq - 6 12,f1e1 f6h5 f2f3 h5g3,1380,77,93,1554,advantage middlegame short
2IrF4,5rk1/p4ppp/PpP5/4P3/3Q1P2/q5P1/6BP/6K1 b - - 0 30,a3c5 d4c5 b6c5 g2h3,1965,75,94,6320,crushing defensiveMove endgame short
XRSru,6rr/1kp1n3/1b1p4/1P2p3/2P1Pp1p/R7/5PP1/3Q1RK1 w - - 0 29,a3f3 h4h3 g2g3 f4g3 f3g3 g8g3,1805,74,96,6561,advantage long middlegame pin
af53k,7k/1p4pp/2p5/p3Pq2/P1P2B1P/1PQ2pP1/5P1K/7r w - - 4 31,h2h1 f5h3 h1g1 h3g2,1006,80,98,624,endgame mate mateIn2 short
2pSh9,4rbk1/6pp/2Rpq3/5p2/Q2Rn3/4B3/5PPP/6K1 w - - 0 35,f2f3 e4c5 a4a3 e6e3 a3e3 e8e3,1627,75,90,1710,advantage discoveredAttack fork long middlegame
tavY4,7k/1ppQ4/1b1p1qp1/pP1P4/P7/3B4/7P/4B2K w - - 5 38,e1d2 f6f3,1181,77,97,3095,endgame mate mateIn1 oneMove
hd1r7,4k3/5p1Q/4p3/3pqp2/8/P6P/2r3P1/1R5K b - - 2 37,c2g2 b1b8 e5b8 h7h8 e8e7 h8b8,1609,77,95,6404,crushing endgame long master sacrifice skewer
o7rPV,6k1/R7/4pr2/5qp1/P1pP4/6Q1/1P3PP1/6K1 w - - 1 35,a4a5 f5b1 g1h2 f6h6,1018,79,90,808,crushing endgame short
58Qlp,5Q2/kp1r1p2/p3p3/8/5P2/6P1/PPq4P/KR6 w - - 5 37,h2h4 d7d1 f8c5 c2c5,1184,82,94,1152,crushing endgame master short
1tlI8,2kr3r/1p2qpQ1/p1p5/3pp2b/4P2P/PB1P4/1PP2P2/R3K2R w KQ - 0 20,e4d5 d8g8 g7h8 g8h8,1586,76,100,918,advantage middlegame short trappedPiece
T8LCr,8/5ppk/1q1p1b2/3B2pP/p3P3/P2P4/KP6/5Q2 w - - 6 40,f1f5 h7h6 f5f6 g7f6,1802,76,93,1791,crushing defensiveMove endgame short
Z0y5l,8/8/3R4/6p1/4P1k1/8/4r3/7K w - - 1 50,d6e6 g4g3 e6f6 e2e1 f6f1 e1f1,1549,81,93,570,endgame exposedKing long mate mateIn3 rookEndgame
uNcok,1rq3kb/p3pp1p/5npB/2prN3/5Q2/P6P/1P3PP1/1R2R1K1 b - - 1 20,c8c7 e5g6 h7g6 f4c7,1722,75,93,643,crushing discoveredAttack middlegame short
NWOtj,r5k1/1pqn2pp/4r1b1/pBPQ4/P2P4/4P2P/5P2/R4RK1 b - - 0 21,g6f7 d5d7 e6g6 g1h1,1603,75,93,1142,advantage middlegame short
rTn6T,1q4k1/7p/p4Q2/P1pPp3/2P1P1P1/1p3P1P/6K1/8 w - - 3 56,f6b6 b8b6 a5b6 b3b2,1094,79,95,1870,advancedPawn crushing endgame queenEndgame short
ma1JT,r6r/p3qk1p/5pn1/7Q/7P/PP2P3/5PP1/2R2RK1 b - - 0 26,a8c8 c1c8 h8c8 h5h7 f7f8 h7g6,1940,75,94,3988,advantage deflection long middlegame
2Okiv,8/1pQ3pk/8/2pq1p1p/4r3/2P3P1/2P2P1P/1R4K1 w - - 0 29,c7b7 e4e1 b1e1 d5b7,1152,77,97,2444,crushing deflection endgame master short
vDjDl,1n5k/7n/3p2r1/2p1p1P1/p1B1PP1Q/P2P4/3q4/R4RK1 w - - 1 30,f4e5 g6g5 h4g5 d2g5,1415,81,93,10271,advantage middlegame short
pwlvX,r1b1qb1r/ppppk3/2n3pp/4p3/2BPP2P/2N2Q2/PPP2PP1/R3K2R b KQ - 5 12,c6d4 c3d5 e7d8 f3f6 f8e7 d5e7 e8e7 f6h8,1402,76,94,10055,crushing fork middlegame veryLong
JfUEQ,r4r1k/pp2pPb1/2p4p/2Nn4/3q4/1Q4P1/PP2P1KP/R1B2R2 w - - 0 22,c5e6 d4e4 b3f3 e4e6,1330,76,97,7952,advantage fork middlegame short
YUp3s,3rr1k1/p4ppp/2p5/2Pb4/6Q1/1PqN4/P1P2PPP/4RRK1 w - - 7 21,g4d7 c3e1 d7d8 e1f1,1773,76,94,3223,advantage kingsideAttack middlegame short
6TS69,rnbqkbnr/p4ppp/4p3/3p4/2pP4/4P2P/P1P1BPP1/RNBQK1NR w KQkq - 0 7,c1a3 f8a3 b1a3 d8a5 d1d2 a5a3,1620,74,86,623,crushing fork long opening
A2YEM,6k1/5pp1/p2p1b1p/1p1P1P2/3qrB2/5Q1P/PP4PK/5R2 w - - 4 32,f1d1 e4f4 d1d4 f4f3,1259,88,92,1842,crushing endgame short
RD2nA,r2qk2r/pbp1b1pp/1p3p2/3P4/2Bp1P2/3P4/PPP3PP/R1BQ1RK1 b kq - 0 11,b7d5 d1h5 g7g6 h5d5 d8d5 c4d5,1474,76,94,1705,crushing long middlegame
AMUxe,r3k2r/bpp1q3/p1nppn2/P3p1pp/1P2P3/1QPP1NB1/5PPP/RN3RK1 w kq - 0 15,f3g5 h5h4 g3h4 h8h4,1651,75,95,15630,advantage middlegame short trappedPiece
XPU8r,6k1/8/1p5p/2p3pP/3pB1P1/rPPKnP2/r7/2R4R w - - 1 31,c3d4 a3b3 c1c3 c5c4 d3e3 b3c3,1600,76,96,3040,crushing deflection endgame long
NKRK8,8/5R1k/2p4p/8/8/4K3/1P4rP/8 b - - 0 37,g2g7 f7g7 h7g7 e3d4 g7f6 d4c5,1430,78,90,648,crushing endgame long rookEndgame
6kTm9,8/7p/5p2/P7/1p3k2/8/1r5P/R6K b - - 1 49,b2b3 a5a6 b3d3 a6a7,1314,80,91,770,advancedPawn crushing endgame rookEndgame short
3YTcK,8/8/5p1k/1P3P2/p1n2K2/P1pB4/8/8 b - - 3 55,c4a3 b5b6 c3c2 d3c2 a3c2 b6b7,1099,76,98,1722,advancedPawn crushing endgame long sacrifice
EYECK,8/3k3p/p1rp4/1p6/6P1/3n4/PPP3RP/2K1B3 w - - 4 30,c1d2 c6c2 d2d3 c2g2,1680,76,94,1456,crushing endgame short skewer
XtXSX,2r3k1/p4pb1/1p2rBp1/q1PpP1QR/3P4/P7/6PP/R5K1 b - - 0 27,g7f6 e5f6 e6e1 g1f2 e1e2 f2e2,1783,76,91,1455,crushing long middlegame pin
37C93,4rrk1/Qp2qpbp/p3n1p1/8/4P2P/2N3P1/PP3PB1/2R2RK1 w - - 1 26,f1e1 g7d4 c3d5 d4a7 d5e7 e8e7,1744,76,92,2105,crushing long middlegame trappedPiece
d7Omt,r1b1r1k1/pp1n1pp1/1b3n1p/3P4/7B/2N5/PP2NPPP/2KR1B1R w - - 0 14,e2f4 g7g5 h4g3 g5f4,1462,76,88,2749,advantage fork opening short
EvhN4,8/8/8/3K2b1/1kp3P1/8/8/B7 w - - 0 54,d5d4 g5f6 d4e4 f6a1,1209,84,94,736,bishopEndgame crushing endgame short skewer
W5eCB,2k5/ppp2ppQ/4r3/4r3/8/P4n2/1P2bPPP/R3R1K1 w - - 1 21,g2f3 e5g5 g1h1 e2f3,1295,78,93,3557,endgame intermezzo mate mateIn2 morphysMate short
06Z0G,2R3nr/2brk2q/3P1p2/1QP1n3/4P3/2B3pp/2PN3p/5R1K b - - 0 29,c7d6 c5d6 e7f7 c3e5,1649,79,92,9172,crushing middlegame pin short
iAxhg,r3k2r/pp3pp1/1qn1p3/2npP2p/8/2NQ1P2/PPP1N1PP/2KR3R w kq - 0 18,d3e3 c5b3 a2b3 b6e3,1185,76,94,2468,advantage discoveredAttack middlegame queensideAttack short
ABabE,7r/pp6/8/3Q1bk1/4P1p1/8/3NKP2/2q5 b - - 0 36,h8e8 d5f5 g5h6 f5f6,1697,74,94,733,crushing endgame short
MuQkQ,r4rk1/3bppbp/3q1np1/ppNP4/3P4/PQ2B3/1P2NPPP/R4RK1 b - - 9 16,d6d5 b3d5 f6d5 c5d7,1072,82,91,3128,capturingDefender crushing master middlegame short
eHPGF,5rk1/1p2ppb1/p2p1n2/5NQ1/4P1q1/6P1/PPP3K1/7R b - - 4 27,f8e8 f5h6 g8f8 h6g4,1606,75,88,768,crushing fork middlegame short
1FtMw,8/p4p1K/2pkp1r1/2p3n1/2R2b2/BPPp4/P2P1P2/R7 w - - 5 37,h7h8 f4e5,1383,82,92,777,endgame mate mateIn1 morphysMate oneMove
Ds0jn,8/ppp2k2/2pb4/5PR1/1n6/1P1PP3/1BPK4/8 w - - 1 35,e3e4 d6f4 d2c3 b4a2 c3c4 f4g5,1729,75,95,3172,advantage endgame fork long
gBH0E,r3kbnr/pp2pppp/8/8/3N2b1/8/PP2BPqP/RNBQK2R w KQkq - 0 9,d1a4 g4d7 e2f3 g2h1 f3h1 d7a4,1465,73,96,24763,advantage defensiveMove long opening
jJLhX,r1b5/pp3pkp/2n3p1/5q2/2B5/1Q3N2/P4PPP/3R2K1 b - - 0 20,c6a5 b3c3 f5f6 c3a5,1327,80,94,1127,advantage deflection master middlegame short
RaAg3,8/8/1P1R4/4pk1K/2R5/5r1P/5r2/8 w - - 3 47,b6b7 f3h3 c4h4 f2h2 d6f6 f5f6 h4h3 h2h3,1915,80,93,592,crushing endgame quietMove rookEndgame veryLong
ANuOb,2k5/8/2p3p1/6Pp/4bR1P/8/pK6/8 b - - 12 58,e4f5 f4f5 g6f5 g5g6 a2a1q b2a1,1571,77,94,2576,crushing endgame long
zMOEk,5rk1/2r2pp1/p2p1b1p/1pq5/4BR2/3Q2P1/PPP3KP/R7 b - - 0 25,c5d4 e4h7 g8h8 f4d4,1401,79,93,7351,crushing discoveredAttack middlegame short
9abiL,r3r1k1/1pp3bp/5qp1/p1NP1p2/2P2N2/3Qn1P1/PP5R/2K1R3 b - - 6 24,e3c4 e1e8 a8e8 d3c4 f6d4 c4d4,1560,76,92,960,advantage intermezzo long middlegame
srIL2,2r3k1/6bp/2r1p1p1/3pPp2/pqbB1P2/2R1PB2/2Q3PP/2R3K1 b - - 1 36,c4b3 c3c6 b3c2 c6c8,1352,75,90,740,crushing middlegame short
jeFQD,8/8/5PRp/3p4/2p5/3k2P1/7r/4K3 b - - 0 41,c4c3 f6f7 c3c2 g6c6,1445,75,99,2465,advancedPawn advantage clearance endgame rookEndgame short
DTR30,2rq1rk1/4b2p/p3N1p1/1p1bP3/2p5/P1P3BQ/2B2PPP/3Rn1K1 b - - 0 22,e1c2 e6d8 c8d8 d1d5 d8d5 h3e6,1539,76,93,5673,crushing long middlegame
c9hhD,r1b1R3/ppp1Q1qk/1n4pp/8/8/2B5/P4PPP/6K1 b - - 0 26,g7e7 e8h8,1488,85,88,2293,endgame mate mateIn1 oneMove operaMate
vZlfS,4k3/1p3R2/1bpp4/p2P4/2P4B/1PNn3P/P5r1/1K6 w - - 2 39,f7b7 g2b2 b1a1 b6d4 b7e7 e8f8,1630,77,93,2934,crushing endgame long
hAFcy,r7/5p2/1B2k3/8/2p1N3/P4KP1/3p3r/R7 w - - 0 39,f3e3 a8a3 a1a3 d2d1q,1355,76,97,1900,advancedPawn crushing deflection endgame promotion short
cxadD,6rk/2p3p1/p6p/2qP4/4PQ2/8/KB6/8 b - - 5 39,g8f8 f4h6 h8g8 h6g7,1487,75,90,1607,endgame mate mateIn2 pin short
h1cUr,4r2k/pp4p1/5p1p/4q3/2Q5/1P5P/P4PP1/3R2K1 w - - 0 30,g1f1 e5h2 f2f4 h2h1 f1f2 h1d1,1439,73,95,15228,advantage endgame long skewer
q4Mfw,3rr1k1/1p3ppp/p1nq1n2/2pp4/8/P2P3P/1PPQNPPN/R3R1K1 w - - 2 17,d2f4 e8e2 f4d6 e2e1 a1e1 d8d6,1586,74,94,8515,crushing kingsideAttack long middlegame
lYRBV,r4rk1/1p3pp1/p1ppbq1p/b7/4Pp2/P2P3P/B1P1N1P1/R1BQ1R1K w - - 0 16,e2f4 f6a1 f4e6 f7e6,1647,78,93,10199,advantage hangingPiece middlegame short
xqt90,5k2/pp3pp1/4p3/6pQ/5P2/3r4/Pbq3P1/3RR2K b - - 1 27,d3g3 h5h8 f8e7 h8d8,1691,76,98,2652,endgame mate mateIn2 short
k3oC4,5rk1/1pp2pp1/p2p3p/3q4/3NrP2/2P2QP1/PP5R/R5K1 w - - 0 29,h2e2 e4d4 f3d5 d4d5,1594,75,91,4772,advantage middlegame short
TBtGF,3R4/Bq3pbk/6rp/1P4p1/8/P7/1PQ1KP2/8 w - - 3 36,b5b6 b7e7 e2f1 e7d8 b6b7 g7e5,1603,76,94,19540,crushing endgame fork long master
QbRHL,2r3k1/1p5p/3p2pQ/3Pp3/4n1B1/1q6/6PP/5R1K b - - 1 29,b3c4 g4e6 g8h8 f1f8 c8f8 h6f8,1222,80,94,13996,endgame fork long mate mateIn3
aejMS,8/3k2p1/3b3p/2NQ1PnP/1P4P1/8/2PK4/6q1 b - - 4 44,d7c7 d5b7 c7d8 b7d7,1363,81,92,677,endgame mate mateIn2 short
LcxHg,1r2r1k1/pp1qbppp/2p5/3p2Bn/3P4/2NQ3P/PPP1RPP1/R5K1 w - - 6 17,g5e7 h5f4 d3d2 f4e2,1746,75,91,681,advantage fork middlegame short
eSVkq,1r4k1/4q1b1/3p3p/pNpP4/Pr2ppP1/8/2Q1BK2/R1N4R w - - 0 31,c1a2 b4b2 c2b2 g7b2,1957,76,89,1847,crushing master middlegame short
YY37B,8/7p/R2bkpp1/8/3p2P1/3K4/1r1N1PP1/8 b - - 7 46,e6d5 a6d6 d5d6 d2c4 d6e6 c4b2,1474,74,93,1094,attraction crushing endgame fork long master sacrifice
JUp4z,2r2rk1/pppQ1Rp1/3p3p/q2P4/8/4b3/PP4PP/5R1K b - - 0 21,e3d4 f7f8 c8f8 d7e6,1731,74,91,2173,crushing kingsideAttack middlegame short
jGEeV,5r1k/pp4p1/2p1Q3/8/1PP2q2/8/PB3RPP/7K b - - 0 29,f4f2 e6h6 h8g8 h6g7,1420,75,95,7106,endgame master mate mateIn2 pin short
arOiM,7r/1p1k4/p3p3/3pPp2/1P2qPr1/P3RR1P/4Q2K/8 b - - 10 34,e4b1 f3f1 b1f1 e2f1,1588,75,92,996,crushing endgame short trappedPiece
lWryt,3r2k1/1Q3pp1/4p1qp/8/5n2/1B6/PP3PPP/5RK1 w - - 0 23,f1c1 f4e2 g1h1 e2c1,1159,77,96,4096,crushing endgame fork short
2quSx,2r2rk1/pp1n1pp1/4p2p/4P3/1b1qNQP1/8/PPPB3P/R4R1K b - - 0 20,b4d2 e4f6 d7f6 f4d4,1611,79,93,1460,advantage discoveredAttack middlegame short
0S0As,7r/P1R5/8/8/1pk3K1/8/8/8 b - - 4 67,c4b5 c7b7 b5a6 b7b8 a6a7 b8h8,1340,77,100,2343,crushing endgame long rookEndgame
eHZaE,r2q1rk1/3n1pp1/pp1bp2p/2p1N3/3PR3/8/PPP2PPP/R1BQ2K1 b - - 0 14,c5d4 e5d7 d8d7 e4d4 f8d8 c1f4,1980,78,92,4720,advantage intermezzo long middlegame
O7lhE,r1q2rk1/1pp2pp1/p4b1p/3N4/4Q3/4B3/PPP2PPP/R5K1 b - - 4 21,f6b2 d5e7 g8h8 e7c8,1079,83,95,5649,advantage fork middlegame short
TqKtt,r4rk1/pp2bpp1/2p1bn1p/8/3qPB2/2NB4/PPQ3PP/R3R2K b - - 2 16,e7d6 f4d6 d4d6 e4e5 d6e7 e5f6,1861,76,89,746,advantage fork long middlegame
mk4Nn,8/8/8/7p/6k1/4p1P1/5K2/8 w - - 0 57,f2e3 g4g3 e3e2 g3g2,1446,77,86,606,crushing defensiveMove endgame pawnEndgame short
jLE3v,r7/p1p2qk1/2p3p1/2b2p2/2P1pN2/2Q5/P1P3PP/5R1K b - - 2 29,f7f6 f4e6 g7f7 c3f6 f7f6 e6c5,1587,74,98,1457,advantage endgame long pin
SACxl,r2q1rk1/pb3pbp/1p4p1/n1pPp3/Q1P1Pn2/B4N1P/P2N1PP1/1B1R1RK1 w - e6 0 17,d2b3 f4e2 g1h2 e2c3,1722,80,94,554,advantage middlegame short
85Zlb,8/3k4/8/8/5K2/5PR1/8/6r1 b - - 0 49,g1g3 f4g3 d7e6 g3g4 e6f6 g4f4,1884,76,93,3498,crushing defensiveMove endgame long zugzwang
FvbAb,2R5/k7/4K3/8/4Pp2/6p1/8/8 w - - 0 68,c8f8 g3g2 f8g8 f4f3,1038,83,87,655,advancedPawn advantage endgame rookEndgame short
8SmOR,8/8/3pN3/1p1RnPK1/1k6/8/8/5r2 w - - 9 62,d5d6 e5f7 g5f6 f7d6,1278,75,100,5236,crushing endgame fork master short
ZHRZg,5R2/1r4p1/3R4/pp3k1p/7P/P6r/1KP5/8 b - - 3 38,f5g4 d6g6 g4h4 f8f4,1687,84,94,16280,endgame epauletteMate mate mateIn2 rookEndgame short
tzQYM,5r1k/6p1/4Q1B1/3p2P1/7p/2N1P2P/3K4/q7 w - - 1 39,d2d3 a1f1 c3e2 f1d1,1692,74,88,2050,crushing endgame short
QpFwQ,r1bq1r1k/pp4bp/5pp1/2p5/2B1R1PQ/3P3P/PPP5/2K1R3 b - - 5 22,f6f5 h4d8 f8d8 e4e8 d8e8 e1e8,1501,78,91,1338,advantage kingsideAttack long middlegame
jipNo,r7/pRpnk3/2B5/4b1n1/8/8/P1P1NPP1/4K3 b - - 1 22,g5e6 b7b5 a8f8 c6d7,1915,74,95,3267,advantage master masterVsMaster middlegame short
hIIcw,2k5/8/3BK3/1R2n3/p1p2p2/P1P5/3q4/8 b - - 3 60,d2e3 b5b8,1267,76,95,5725,endgame master mate mateIn1 oneMove operaMate
PYef7,1r4k1/p1q3pp/4p3/P1bpP3/Q1p4P/1P3BP1/1P2Pr2/1K1R3R b - - 0 26,b8b3 a4e8 c5f8 e8e6 g8h8 f3d5,1413,75,91,1270,advantage kingsideAttack long middlegame
4C0mP,5bk1/p1r4p/3p2p1/3Pp3/1QPnN2q/3B1r1P/PP3P2/1K1R3R w - - 3 24,b4b8 f3d3 d1d3 h4e4,1300,81,91,3086,advantage capturingDefender middlegame pin short
S43sl,r1bq1rk1/1p2b1pp/p1np1n2/4pPB1/8/1NNB4/PPPQ1PPP/R3K2R w KQ - 0 11,c3d5 f6d5 g5e7 d5e7,1643,76,94,5990,crushing hangingPiece middlegame short
OGBI1,rn4k1/p3qp2/4r2p/6p1/1P1P2RN/1QP5/6PP/R5K1 w - - 2 26,h4f5 e6e1 g1f2 e7e2 f2g3 e2d3,1974,79,91,2902,crushing fork long middlegame
rVlWE,r2qk3/ppp2p2/2n2nr1/2bNpb2/2B4B/P2P1Q1P/1PP2P2/R3K2R b KQq - 5 15,d8d7 d5f6 g6f6 h4f6,1155,76,98,6342,advantage fork middlegame short
gOzQo,r3r1k1/1Rp5/p7/3qp2p/2n2pp1/B1QP4/P1P2PPP/5RK1 b - - 1 22,c4a3 c3c7 d5b7 c7b7,1550,76,97,3015,advantage middlegame short
M85k2,2r2rk1/ppqn1pb1/3p1npp/3Pp1B1/4P3/5N1P/PP1N1PP1/R2QR1K1 w - - 0 14,a1c1 c7c1 d1c1 c8c1 e1c1 h6g5,1518,79,88,1006,advantage long middlegame
FSTpZ,6k1/5p1p/p5p1/4Q3/P1q1Pn2/2r2P2/2R2KPP/8 w - - 1 32,c2c3 c4e2 f2g3 e2g2,1933,74,98,911,crushing endgame short
qmiO3,2r3k1/3R1pBp/r3p2P/b2n2P1/4NP2/3R4/1Pp5/2K5 w - - 2 33,d3d5 a5d2 c1d2 c2c1q,1190,75,99,593,advancedPawn attraction crushing middlegame promotion short
5fraj,7r/p3kp2/1p1q1n2/3p1B2/5Q1P/4P1P1/P4P2/1R4K1 w - - 2 23,f4g5 h8h5 g5f4 d6f4 e3f4 h5f5,1806,77,93,1554,advantage capturingDefender endgame long
uF8Mg,r3k1nr/ppp2ppp/2n5/3P3b/1b1N3q/P1N2P2/1PP1B1PP/R1BQ1K1R w kq - 3 11,d1e1 h4e1 f1e1 c6d4 a3b4 d4c2 e1f2 c2a1,1820,77,93,1305,advantage fork opening veryLong
7EGOm,1r1qkb1r/p1p1Bpp1/1pb1p2p/3nP3/Q2P4/2N3P1/PP2NPBP/R4RK1 b k - 0 14,c6a4 e7d8 d5c3 e2c3,1337,76,94,15290,advantage middlegame short
IiAi0,r5k1/5pp1/p3p1p1/8/1Prp2P1/P1q2P1P/2P1R1K1/1RQ5 w - - 0 26,b1b3 c3b3 c2b3 c4c1,1222,75,100,1001,crushing discoveredAttack endgame short
niBhr,2k3r1/2p3rp/2pp1p2/8/P1PNpn2/6qP/R5P1/5QRK b - - 1 39,f4d3 f1f5 c8b7 g1b1,1860,75,86,747,crushing middlegame short
XK9mV,r2qk1nr/pp3ppp/2nbp3/3p3b/3P1B2/2PB1N1P/PP3PP1/RN1QK2R w KQkq - 3 9,f4g5 h5f3 g5d8 f3d1,1355,76,93,3573,crushing master opening short
JDQzZ,5r2/7k/6qp/P2Q3b/4P3/5pbP/1BR3P1/R6K w - - 0 38,a5a6 f3g2 c2g2 h5f3,1567,78,95,21873,advancedPawn advantage clearance middlegame pin short
5ha1p,2br2k1/1p3ppp/p1n4B/1p4Q1/4P2R/P2r2PP/1P2q1BK/R7 b - - 3 33,g7g6 g5f6 e2b2 f6b2,1437,80,92,645,crushing middlegame short
j4g7b,1b6/8/p1k1p2p/4P3/2NK1P2/7P/8/8 w - - 0 52,c4e3 b8a7 d4e4 a7e3,1422,76,86,629,crushing endgame short
y8wO1,b1rr2k1/4qp2/6p1/p1np3p/NQ6/P3P2P/4BPP1/2R2RK1 w - - 0 27,b4a5 c5b3 c1c8 b3a5 c8d8 e7d8,1703,75,92,1855,advantage fork long middlegame
OvvPM,r2q1rk1/3b1pbp/3p1npB/pppN1pN1/4P2Q/1P1P4/1PP3PP/R4RK1 b - - 1 15,f6h5 h6g7 g8g7 e4f5,1962,78,90,2402,advantage middlegame short
emS0N,8/1p5p/p5p1/2R5/1P3k2/P2r1P2/4K1PP/8 b - - 1 36,d3a3 g2g3,1247,76,96,8071,endgame mate mateIn1 oneMove rookEndgame
jQ7Pf,2r5/p4p1k/6pp/8/4Qq2/3Pbn1P/PP3NP1/1R3K2 w - - 0 31,e4f4 f3d2 f1e2 e3f4,1590,76,92,4217,crushing endgame fork intermezzo short
FvgLH,3r1r2/pp4k1/3p4/2p1n1q1/5p1p/2P1N2P/PP2QPP1/3R1R1K w - - 0 24,e3c4 f4f3 g2f3 f8f3 e2f3 e5f3,1954,75,92,586,advantage long middlegame
WRbwH,1nkn4/1pp5/p4r1p/2b3pb/4P3/1BN2NBP/PPP3P1/3R3K w - - 0 21,c3d5 f6f3 g2f3 h5f3 h1h2 f3d1,1449,77,92,2960,advantage fork long middlegame
w6hKf,1R6/8/p7/P5p1/2knpp2/7P/2pK1PP1/8 w - - 0 39,b8a8 e4e3 f2e3 f4e3,1944,75,89,632,crushing endgame short
BurQ5,8/5r1p/1p1R2pk/pPp1q3/P3pp2/1P2P2P/3Q1PPK/8 w - - 2 32,d6d5 f4e3 d5e5 e3d2,1344,77,87,840,advancedPawn crushing discoveredAttack discoveredCheck endgame short
u3Ine,rnb2rk1/ppp3pp/3b4/6q1/3P4/4P1PP/P3N1B1/R1BQK2R w KQ - 1 13,e3e4 d6g3 e2g3 g5g3,1507,79,93,2483,crushing master opening short
AE0ap,3r1rk1/pp1B1pp1/2p5/4P3/4pP2/5n1P/PPP3K1/R4R2 w - - 3 22,d7f5 f3h4 g2g1 h4f5,1576,75,89,1906,crushing endgame fork short
OmIbs,8/8/ppK3k1/8/8/8/P7/8 b - - 1 50,g6f6 c6b6 f6e5 b6a6 e5d6 a6b6,1829,77,93,1559,crushing defensiveMove endgame long pawnEndgame
pUBlu,r1r3k1/p4ppp/6q1/1p6/5Q2/1KN5/PP1B2PP/7R w - - 0 21,f4e4 c8c3 b2c3 g6e4,1353,74,100,1964,crushing middlegame short
O1AYL,1k6/2p5/1p1p2r1/p2Pp3/P3PnP1/2P4K/1PB2P2/6R1 w - - 1 41,h3h2 g6h6 h2g3 h6h3,1373,77,94,6121,endgame hookMate mate mateIn2 short
kVZbc,3r1r2/ppk3p1/2pb3p/6q1/4P3/P1N1Bn1P/1PPRQ1P1/3R2K1 w - - 12 24,g1h1 g5g3 g2f3 g3h3 h1g1 f8f3 e2f3 h3f3,1975,76,100,814,advantage intermezzo kingsideAttack middlegame sacrifice veryLong
NppiI,2k1rr2/pp4Q1/2q1p1p1/2Np4/8/3R3P/PPP2PP1/2K5 b - - 3 23,c8b8 c5d7 c6d7 g7d7,1076,76,98,3233,crushing endgame fork short
WvGwx,8/5r1k/4Q1pP/3p4/2pq3P/P1p5/P4rN1/2R2RK1 w - - 0 34,e6e3 f2g2 g1g2 d4e3,1507,75,100,986,crushing middlegame short
BeZbl,6k1/1b3p2/p3p1p1/3p3p/3P1PnQ/q2NP3/P6P/1R4K1 w - - 2 26,h4d8 g8g7 b1b3 a3a2 b3b7 a2h2,1658,76,88,728,advantage defensiveMove endgame long master
mE06G,6k1/1p3bpp/pQp5/2R2N2/4q3/4P2P/5PPK/3r4 b - - 1 31,f7d5 b6d8 g8f7 f5d6 f7e6 d6e4,1455,76,90,719,crushing endgame fork long
TliKF,rn1q1rk1/1pp1b1p1/p3pn1p/4p3/4P3/2NP1N2/PPP3PP/R1B1QRK1 w - - 0 11,f3e5 d8d4 c1e3 d4e5,1307,74,94,1648,crushing fork opening short
wCHDO,4k3/5p2/1p3Kp1/2p5/2P4P/P7/1P6/8 w - - 1 42,b2b4 b6b5 c4b5 c5c4 f6e5 c4c3,1697,80,93,1194,crushing endgame long pawnEndgame quietMove
XnxAx,5kr1/1bp2p1n/1p1p1p1p/3P1q2/2P4B/1P2PB2/1Q3PP1/4R1K1 w - - 2 30,b2b1 f5f3 h4g3 g8g3 f2g3 f3g3,1905,77,91,1989,advantage long middlegame pin
RNlYU,1rr1n3/1Rp1k3/2p1p2p/p1P1B1p1/8/1R6/P1P2PPP/6K1 b - - 3 23,c8d8 e5d6 e7d7 b7b8,1990,82,91,1427,crushing endgame pin short
CoMz4,2rq1r1k/1p4p1/p4pp1/8/3P1b2/1QN1R3/P4PPP/4R1K1 b - - 2 24,f4e3 e1e3 d8d7 e3h3 d7h3 g2h3,1061,88,93,1390,crushing long middlegame
BEtAg,5k2/1R6/5R2/r7/2r4p/5P1K/8/8 b - - 1 51,f8e8 f6h6 c4f4 h6h8 f4f8 b7b8,1780,74,88,1122,crushing endgame exposedKing long master pin rookEndgame
QbSzd,3R4/5rbk/p3QpNp/4pP2/4b1P1/4K3/5P1P/7q w - - 12 34,e6f7 h1e1,1927,75,94,5234,endgame mate mateIn1 oneMove
eGtRX,8/8/p1r5/1p3Pp1/1P4P1/1KP2k2/8/5R2 b - - 7 41,f3g4 f5f6 c6c8 f6f7 c8f8 c3c4,1533,76,93,904,advancedPawn crushing endgame long rookEndgame
y1hRF,1Q6/5Rpk/4p1p1/3p4/3Pn1P1/r6P/4BPK1/2q5 b - - 0 27,e4g5 f7f8 g5f7 f8f7,1741,75,95,4116,crushing endgame quietMove short
ML4oa,8/pp6/2p1k1p1/3n1p2/3K4/2P2NP1/PP5P/8 w - - 5 33,f3e5 c6c5 d4d3 e6e5,1193,82,93,3282,crushing deflection endgame knightEndgame short
dceq6,r4r1k/pp1q1p1p/3p4/2p2RQ1/P2b2n1/2NP4/1PP3PP/R1B4K b - - 0 17,g4f2 f5f2 d4f2 g5f6,1261,75,95,9238,crushing middlegame sacrifice short
Xu3Mn,4r1k1/1p3ppp/p4n2/2prPQ2/8/1Pq5/P3RPPP/4R1K1 w - - 0 24,e5f6 c3e1 e2e1 e8e1,1350,76,96,23491,backRankMate endgame mate mateIn2 short xRayAttack
zR3TU,3rr2k/1p1q2pp/3p4/Q1p2p1b/2P2P2/1P4P1/P4PBP/1R2R1K1 w - - 3 30,g2b7 d7b7 e1e8 d8e8,1203,79,94,5012,advantage hangingPiece middlegame short
n5dDt,2b3rk/7p/2P1p2p/p3q3/4B3/1P4PP/P1R3K1/4Q3 w - - 3 35,e1e3 g8g3 e3g3 e5e4 g2g1 e4c2,1191,84,91,2140,advantage deflection endgame fork long
rLXk1,6k1/p4pp1/7p/2q5/4P3/2pR1P2/PrQ3PP/5K2 w - - 6 32,c2c3 c5f2,1365,77,93,547,endgame mate mateIn1 oneMove
Ymcm1,4b3/1p2kp2/4pN2/4Pq2/3P3Q/6P1/7K/8 b - - 10 59,e7f8 h4h8 f8e7 h8e8,1265,78,95,5855,endgame master mate mateIn2 short
OSq8S,4rr1k/pppR2pp/4Q3/8/8/1P6/P1q2PPP/5RK1 w - - 3 22,e6g4 c2f2 f1f2 e8e1 f2f1 e1f1,1350,76,98,2914,endgame long mate mateIn3 sacrifice
ogIFd,2Q5/6pk/3p1p1p/3Pr3/2Pq4/P7/6PP/5R1K w - - 2 36,a3a4 d4f2 f1g1 e5e1 c8f5 f2f5,1928,75,94,1029,crushing endgame long
vWLBQ,1r1r2k1/1p2qppp/3p4/1PnRp3/4P3/Q4N2/P4PPP/5RK1 b - - 2 21,c5e4 d5e5 e7e5 f3e5,1817,76,95,17800,advantage middlegame short
YCEPy,r1bqr1k1/1p1p1pbp/p1n1p1p1/8/4P3/1BN1BP2/PPPQ2PP/R3K2R w KQ - 2 12,e3h6 d8h4 g2g3 h4h6 d2h6 g7h6,1417,78,93,4265,crushing long middlegame
yT4WU,r1bqkbnr/pp3ppp/2n5/1B2P3/3p4/8/PPP2PPP/RNBQK1NR w KQkq - 0 7,c1f4 d8a5 b1d2 a5b5,1259,78,85,568,advantage fork opening short
f9WL0,5r1k/pppQ2p1/7p/8/3P2Pq/8/PP4R1/6K1 b - - 3 29,f8f3 d7e8 h8h7 e8e4 h7g8 e4f3,1357,78,94,999,crushing endgame fork long
AS5ki,4r1k1/p4ppp/1p2b2q/3B2n1/3Q4/1P4N1/PBP2P2/3R2K1 w - - 5 32,d5e6 g5f3 g1g2 f3d4 e6f7 g8f7,1149,76,97,2666,advantage fork long middlegame
0EhqN,3n1rk1/ppp3p1/7p/5q2/1PQR4/P4NPP/6K1/8 b - - 2 39,g8h8 d4f4 f5f4 g3f4,1452,74,97,6340,crushing endgame short
YxPPv,8/5p2/p1k5/1pP5/1P4K1/1P6/8/8 b - - 2 50,a6a5 b4a5 c6c5 b3b4,1717,74,93,2398,crushing endgame pawnEndgame short
iKe3s,8/4R3/pp1q1pk1/2p3pp/P1P3b1/1P4P1/5Q2/6K1 w - - 0 43,f2c2 g4f5 c2e2 d6g3,1545,79,91,2239,advantage defensiveMove endgame master short
JfTYp,r3r1k1/1pq3p1/4p1Q1/p2pN1PP/3pn3/2P5/PP3P2/R3R1K1 w - - 0 27,h5h6 c7e5 f2f4 e5c7,1812,76,92,2246,crushing hangingPiece middlegame short
sgpFx,r3k2r/p2n1pp1/4p2p/qp1pP3/Nb1Q1P2/1P1P1N1P/P5P1/R4RK1 w kq - 0 17,a4b2 b4c5 d4f2 c5f2,1282,76,85,1277,crushing middlegame pin short
oAyAT,8/p2r4/1p2k1p1/5p1p/5P1P/P2pK1P1/1PbR4/2rBR3 b - - 2 42,e6d5 d1f3 d5c4 e1c1,1860,80,91,2841,advantage discoveredAttack endgame short
n6F4a,8/pp3p1k/1b1p3p/5P2/4K1P1/1P1N3P/1P2R3/3r4 w - - 12 42,b3b4 d6d5 e4d5 d1d3,1135,76,97,4207,attraction crushing deflection endgame master short
MGWn4,8/6pk/6p1/5r2/4KQ2/8/8/8 w - - 32 65,f4f5 g6f5 e4f5 h7h6 f5g4 h6g6,1604,75,98,2314,crushing defensiveMove endgame long zugzwang
4Jp2V,5rkr/1p6/p3q1p1/2p3P1/P7/2Q4N/1PP5/1K5R b - - 1 35,f8f5 c3h8 g8h8 h3f4 h8g8 f4e6,1608,79,92,590,advantage discoveredAttack discoveredCheck endgame exposedKing long sacrifice
03dxm,1r1q1rk1/5ppp/1pp5/p2p4/P1nPn3/4P2P/2Q1BPP1/1RB2RK1 b - - 1 20,d8f6 e2c4 d5c4 c2e4,1194,79,87,1364,crushing middlegame short
aSxwQ,5k2/pp2bq2/2pp1p1Q/7p/2P1B1b1/1P4P1/P4P1P/6K1 b - - 8 34,f8e8 e4g6 f7g6 h6g6,1422,74,99,5847,advantage endgame pin short
0CQF4,5r1k/2p2rp1/3p3p/1p2p1q1/1PN1Pn2/2P2P2/3Q2BP/R4RK1 w - - 0 26,c4e3 f4g2 d2g2 g5e3,1906,81,91,2673,crushing discoveredAttack kingsideAttack master middlegame short
eyjZs,r2q1r2/bnp3pk/p2p2pp/Pp1Q4/1P2P1P1/2B4P/2B2P2/R4RK1 w - - 2 23,d5b7 d8h4 b7a7 a8a7,1828,76,90,1779,crushing middlegame short
gFNCJ,6k1/1pb3pp/p3q1r1/2P5/1P1R4/P2Q3P/5NP1/6K1 w - - 1 29,d4d7 e6e1 d3f1 c7h2 g1h2 e1f1,1328,76,87,655,crushing deflection endgame long
q58PF,Q7/6p1/5pk1/5r2/1P2Q2p/4P2P/5p2/3r1K2 w - - 2 53,f1e2 f2f1q,1195,78,91,538,advancedPawn endgame mate mateIn1 oneMove promotion triangleMate
vc3go,8/8/1k2p2p/3p3P/1K1P1P2/8/8/8 b - - 0 51,b6c7 b4c5 c7d7 f4f5 e6f5 c5d5 f5f4 d5e4,1202,82,98,8747,crushing deflection endgame pawnEndgame veryLong
NFQPv,6k1/4bppp/2pq1n2/p1p1p2b/2P1P3/1P3N1P/PB2QPP1/3N2K1 w - - 0 20,b2e5 h5f3 e5d6 f3e2 d6e7 e2d1,1607,88,93,627,advantage long middlegame
rFk1y,6k1/1pR3p1/p5p1/4p3/3pn2P/1r4PB/8/4K3 b - - 1 35,e4g3 h3e6 g8h7 e6b3,1328,76,93,2406,advantage endgame fork master short
o4i76,4n2r/prp3k1/2R1N1p1/5p2/8/8/6PP/5RK1 b - - 1 30,g7f7 e6d8 f7g7 d8b7,1506,76,96,21508,crushing endgame fork short
11MoL,4r3/p1R1Nrkp/4Qppq/5p2/1P6/P7/5PP1/6K1 b - - 2 30,g7f8 e6f7 f8f7 e7f5 f7f8 f5h6,1992,76,89,509,advantage discoveredAttack discoveredCheck endgame exposedKing long sacrifice
qfTNm,2r1r1k1/p1q2pbp/b5p1/8/3N1p2/2P2B1P/P4PP1/2RQ1RK1 w - - 5 19,f1e1 e8e1 d1e1 g7d4,1258,82,93,1170,crushing kingsideAttack middlegame short
SW0t0,2r2rk1/2qBbp1p/3p1npP/p5B1/3QbPP1/2N5/PP6/2KR3R b - - 0 21,c7d7 g5f6 e4h1 f6e7 f7f6 e7f8,1619,76,94,3438,crushing long middlegame
5qCMo,8/6pk/3P3p/3P4/5NP1/7P/1p1rp3/1R4K1 w - - 0 44,g1f2 d2d1 f4e2 d1b1,1250,75,97,2891,crushing endgame short
hCqSo,8/3q2pk/2p4p/4Q1r1/3P3r/4P2P/5PPK/2R2R2 w - - 5 39,e5b8 g5g2 h2g2 d7h3 g2g1 h3h1,1925,78,93,1294,attraction endgame long mate mateIn3 sacrifice
TCsh2,3r4/1R3pkp/2p3p1/p4pN1/2nP4/6PP/PP3P2/6K1 b - - 1 28,d8d4 g5e6 g7f6 e6d4,1668,75,97,3919,advantage endgame master pin short
1ZpBi,b6k/p5p1/1p4R1/2rp1q1P/8/1PP1p1Q1/P7/2R3K1 w - - 0 35,g6g7 f5f2 g3f2 e3f2 g1f2 h8g7,1527,76,91,572,advancedPawn advantage endgame exposedKing long
bvDAd,r3k2r/1b1p1pp1/pqn1p3/1pb3N1/4PPQ1/2NB4/PP3RP1/R1B3K1 w kq - 3 15,g4g3 c5f2 g3f2 h8h1 g1h1 b6f2,1387,76,96,7979,crushing deflection fork long middlegame
rwgb4,4r1k1/7p/p3P1p1/4Q3/1P6/P1RK1PP1/7P/1q6 w - - 3 50,d3e3 b1e1 e3d4 e8d8,1360,77,93,972,crushing endgame short
kRaqV,2r2rk1/1p3pp1/p2qpn1p/3pNb2/3PP3/P7/1PnNBPPP/2RQ1RK1 b - - 0 16,f5e4 d2e4 d5e4 c1c2 c8c2 d1c2,1453,76,93,1409,advantage long middlegame
0aOPI,4k3/4P2p/6p1/1K4P1/4R2P/2pr4/8/8 w - - 0 50,b5b4 c3c2 e4c4 d3d4 c4d4 c2c1q,1435,75,96,39040,advancedPawn crushing deflection endgame long pin promotion rookEndgame
N8bQQ,5q2/p2k4/2p1p3/1p1p2n1/3P2N1/2P3Pp/PP2Q2P/6K1 b - - 1 26,g5f3 e2f3 f8f3 g4e5 d7d6 e5f3,1553,78,94,12974,attraction crushing endgame fork long sacrifice
A4ncC,2Q5/5Npk/4p2p/3q4/4nPP1/6KP/8/8 w - - 1 51,g3h4 g7g5 f7g5 h6g5 f4g5 d5g5,1184,80,94,5948,endgame long mate mateIn3
BmnTc,2kr3r/1pq1b1Rp/p1n5/7Q/3p4/8/PPP2PPP/R1B3K1 b - - 2 17,d8g8 h5g4 c7d7 g7g8 h8g8 g4g8,1858,74,95,4353,advantage long middlegame
4jDd4,5r1k/p7/1p4R1/2p2pN1/2P3nP/PP2P3/2K5/8 w - - 1 30,c2d3 g4e5 d3e2 e5g6,1366,77,86,794,advantage endgame fork short
Kb4Nz,3r4/pp2r2k/6bP/5p2/1P2pN2/4K3/P1P3RR/8 b - - 5 33,g6e8 g2g7 e7g7 h6g7 h7g7 f4e6,1122,78,93,5521,advancedPawn attraction crushing discoveredAttack discoveredCheck endgame exposedKing long
0KZiT,8/R5p1/7p/8/P2kB3/3P2Pb/4r2P/6K1 w - - 1 30,a7f7 e2e1 g1f2 e1f1 f2e2 f1f7,1084,90,92,950,crushing endgame long skewer
a5C9b,8/pp1R4/2p3kp/8/2b2pP1/5P2/P4qP1/3R3K b - - 5 43,c4e2 d1d6 g6g5 d7g7 g5h4 d6h6 h4g3 h6h3,1161,78,97,2174,deflection endgame epauletteMate mate mateIn4 veryLong
mLFen,2r2r1k/p5bp/N1p1b1p1/8/2QP2q1/4B3/PP4PP/R3R2K w - - 5 21,c4e2 g4e2 e1e2 e6c4,1657,75,95,17826,advantage middlegame short
5QfaW,8/8/3k2p1/3p3P/5KP1/8/8/8 b - - 0 66,d6e6 h5h6 e6f7 g4g5,1986,78,92,2270,crushing defensiveMove endgame pawnEndgame short
3j2O4,5r2/pp4pk/2p2P2/2P1R2p/1P1p2r1/P2P3K/8/4R3 b - - 0 41,f8f6 e5h5 h7g8 h3g4,1618,77,94,532,crushing endgame rookEndgame short
HU677,r5k1/1p3p2/1p1p1p1p/3B1P2/4P3/pPq2nP1/P1P5/1KQR4 b - - 9 34,a8a7 d1d3 f3d2 d3d2,1759,76,92,1023,crushing endgame short
rGrul,8/8/6p1/3pk2p/p6P/P1P1K1P1/8/8 b - - 0 39,e5f5 e3d4 f5e6 d4c5,1533,79,85,3803,crushing endgame pawnEndgame short
BmDbG,r4r2/p1p3k1/3p2qp/3Rn3/1p3Qp1/5P1N/PPP1P3/2K2BR1 w - - 0 22,f4e5 d6e5 g1g4 g6g4 f3g4 f8f1,1534,76,88,947,advantage long middlegame
Wvm1i,r4rk1/7p/1q1p2p1/p1pRbp2/1p2P3/3P3Q/PPP1N1PP/1R5K b - - 1 25,f5e4 h3e6 g8h8 d5e5,1341,78,93,557,advantage kingsideAttack master middlegame short
lYm8h,r4rk1/ppp2pp1/3p3p/3P4/1PP1p2q/P2QPR1P/2P3P1/R5K1 w - - 0 21,f3f4 h4f4 e3f4 e4d3,1521,77,92,7330,crushing endgame short
05eZx,8/6pk/1pqr2bp/8/2P2Q2/7P/5RPK/5R2 w - - 0 40,f2d2 d6f6 f4b8 f6f1,1638,74,94,12882,advantage endgame short skewer
kvI7H,3q1r2/5p1k/r2p1npp/4p3/pp2P2N/3PP1QP/1PP3P1/1R3RK1 b - - 1 23,f6h5 f1f7 f8f7 g3g6,1195,74,98,871,advantage middlegame sacrifice short
znG1p,r2qk2r/2p2pQp/p7/1p1B1b2/4n3/8/PPP2PPb/RNB1R1K1 w kq - 0 13,g1f1 d8d5 g7h8 e8d7,1932,78,89,1054,crushing middlegame sacrifice short
d3wMU,r1b4k/pp1qr3/2p1p2N/3n4/2RP4/6P1/PP1QP1B1/5R1K w - - 1 20,h6f7 e7f7 d2h6 h8g8,1986,80,91,2922,advantage middlegame short
GHmsZ,8/5p2/1k2p1p1/1prpP2p/1R2bP2/1PP1R1P1/1r2NK1P/8 b - - 12 38,b6a5 b4e4 d5e4 b3b4 b2b4 c3b4,1919,73,95,10219,advantage endgame fork long sacrifice
VpEha,5rk1/ppp3p1/3pp2p/4n2N/5q2/2P4P/PP4R1/6QK b - - 6 27,f4h4 g2g7 g8h8 g7h7 h8h7 g1g7,1456,76,100,2327,attraction endgame long mate mateIn3 sacrifice
zDhVH,r4r2/5pkB/2pp3p/2q5/2P3b1/3Q4/5PPP/4RRK1 b - - 1 26,g4e6 e1e6 f7e6 d3g6 g7h8 g6h6,1573,76,94,4035,advantage deflection long master middlegame sacrifice
C6b8C,8/5p2/7p/5kp1/1Pp5/2P2K1P/5P2/8 b - - 1 53,f5e5 f3g4 f7f5 g4h5,1863,78,93,6468,crushing defensiveMove endgame master pawnEndgame short
iSnmZ,3r3k/p6p/2p2q2/1bQ5/7P/6P1/5P2/4R1K1 b - - 12 38,f6d4 e1e8 d8e8 c5d4,1284,82,94,5172,crushing deflection endgame master short
uczZz,2rr2k1/ppq3p1/4R1R1/3P3p/3PQb1P/8/PP3PK1/8 b - - 1 31,d8f8 e6e7 c7e7 e4e7,1794,79,93,6238,crushing master middlegame short
6QEx4,5rk1/1p2b1pp/4P3/1N1R4/8/P2n1r1P/B1R3K1/8 w - - 7 36,d5d7 d3e1 g2h2 e1c2,1489,76,100,542,crushing fork middlegame short
HDkAT,8/6pk/2Q1p2p/8/1P1pK1Pq/7P/8/8 w - - 4 46,c6e6 h4e1 e4d5 e1e6 d5e6 d4d3 b4b5 d3d2,1077,86,95,1517,advancedPawn crushing endgame queenEndgame veryLong
aVz9X,1r6/kbQ5/ppB1p3/1P1pPp2/P7/2K1P3/5P2/1r6 w - - 3 44,b5a6 b1c1 c3d2 c1c6 c7d7 a7a6,1642,76,95,5946,crushing endgame long
lIeAu,r1q1kb1r/1p2pppp/p1n1b3/1Q6/3P1B2/5N2/PP2PPPP/R3KB1R w KQkq - 0 11,b5d3 c6b4 d3d1 b4c2,1339,78,96,15340,advantage opening short
2suec,8/8/bp2Q1kp/8/8/5N2/P4qPK/8 b - - 0 40,g6h7 e6f7 h7h8 f7f8,1575,74,100,897,crushing endgame short
yPWy0,2kr1b1r/1ppnpppp/p1q5/7b/8/2NPBN1P/PPP1QPP1/2KR3R b - - 2 11,d7e5 f3e5 h5e2 e5c6 e2d1 c6d8,1326,77,92,4011,advantage hangingPiece long middlegame
wcIF8,6r1/2p2qk1/bp1p1bn1/p3pB2/2P1P1Q1/1P2NPp1/P5K1/3R1R2 w - - 7 35,f5e6 f7e6 g4e6 g6f4 g2g3 f4e6,1240,81,93,772,advantage attraction fork long master middlegame sacrifice
fuBLW,4r2k/ppp5/2p3p1/7q/5PR1/2bP2Q1/P1P2PK1/8 b - - 1 32,e8e1 g4h4 h5h4 g3h4,1229,74,100,2353,advantage endgame pin short
hk8If,4R3/1P6/4k3/3pbp2/2n5/p7/2K5/8 b - - 1 62,e6f6 e8e5 c4e5 b7b8q,1269,79,93,631,advancedPawn advantage endgame promotion short
o7ZRE,r6r/3qnk1p/ppp1p1pn/3pQp2/2PP1P2/N5P1/PP3PBP/R3R1K1 w - - 0 18,e1e3 h6g4 e5h8 a8h8,1173,78,92,663,advantage fork middlegame short
Zzdvk,r2q1rk1/p1pb2pp/6n1/2PPb3/1P6/P2B1p2/R4PPP/1NBQ1RK1 w - - 0 15,f1e1 e5h2 g1h2 d8h4 h2g1 f3g2,1894,78,92,706,advancedPawn advantage attraction kingsideAttack long middlegame sacrifice
2TNNY,8/6bk/6p1/q5rp/4B2R/3Q4/5PP1/6K1 w - - 12 42,f2f4 a5e1 g1h2 e1h4,1326,76,94,9668,endgame
S937G,8/8/Pn3p2/4k3/2B2p2/5P1p/3K3P/8 w - - 1 41,a6a7 b6c4 d2c3 c4b6,1284,79,87,1065,crushing defensiveMove endgame hangingPiece short
kuLaG,1r3rbk/p1p3pp/1pBp2q1/1P3p2/2P2R2/P3Q1P1/6PP/4R1K1 b - - 0 27,f8f7 c6e8 b8e8 e3e8,1583,75,95,9350,advantage middlegame short
TRvV1,r1bq1rk1/pppn1pbp/5np1/4p1N1/2B1P3/2N1B3/PPP2PPP/R2QK2R w KQ - 4 9,e3c5 d7c5 c4f7 g8h8 d1d8 f8d8,1554,75,87,1216,advantage long opening
S8odh,k2rr3/pp3Q2/2n1P3/2p5/P2p2Pp/1Pq4P/2P4N/4RRK1 b - - 2 30,c3h3 f1f3 h3g3 f3g3,1971,78,91,4574,crushing middlegame short trappedPiece
WsOKH,r2q1br1/1p1n2pk/p2pbn1p/2PNp3/1P2P3/P1P1BQ2/B4PPP/R4RK1 b - - 0 18,d6c5 d5f6 d8f6 f3f6 d7f6 a2e6,1327,76,96,1773,advantage capturingDefender long middlegame
xkLVc,r1b1k2r/ppq2pp1/2p4p/4b3/2B2Pn1/8/PPP3PP/RNBQR1K1 w kq - 1 13,f4e5 c7b6 c1e3 g4e3,1161,76,100,824,advantage opening short
PMBws,6k1/4n2p/pQb1P1p1/1p3p2/2p2P1q/2P5/PP4PP/4RK2 b - - 2 30,h4h2 b6d8 g8g7 d8e7 g7h6 e7g5,1317,75,100,645,crushing endgame fork long
GuV9m,r1rq2k1/1b1R1pp1/1p2p2p/1B1p4/1P1P4/P3P3/2Q2PPP/2R3K1 b - - 0 23,c8c2 d7d8 a8d8 c1c2,1145,83,93,1142,advantage intermezzo middlegame short
KdgCN,2k1r3/pp1b4/6q1/2pN4/5P2/3P4/PPPK1P1P/R3R3 b - - 0 28,g6f5 e1e8 d7e8 d5e7 c8d8 e7f5,1248,88,91,735,crushing endgame fork long
2OQzd,r1b1k1nr/ppp2pqp/3p4/6R1/3nPQ2/8/PPP1BNP1/RN2K3 b Qkq - 1 14,g7f6 g5g8 h8g8 f4f6,1264,74,95,19296,crushing middlegame short
WXvmP,r4r2/pk6/1p1Qb2p/6p1/8/8/Pq3PPP/3R1RK1 b - - 1 23,b2a2 d6e7 b7a6 d1a1,1318,77,93,2036,crushing middlegame pin short
aAMOg,8/1pQ2p1k/p5pp/P1P5/4K1PP/5P2/2q5/8 w - - 6 48,e4f4 c2h2 f4e4 h2c7,1463,76,97,8618,crushing endgame queenEndgame short skewer
w0fye,R7/6pk/6Br/5PK1/7r/1P6/8/8 b - - 14 46,h6g6 f5g6,1054,76,100,668,endgame mate mateIn1 oneMove rookEndgame
MccyR,3r2k1/3qRp1p/pp1P2p1/8/P1p2Q2/2P5/6PP/6K1 b - - 2 33,d7d6 f4f7 g8h8 f7h7,1174,76,98,536,endgame master mate mateIn2 short
6IyCW,7k/1p5p/p1p2P2/4R3/4P1r1/1r6/4NRK1/8 w - - 1 45,g2f1 b3b1 e2c1 b1c1 f1e2 c1c2 e2f3 c2f2,1062,89,86,569,advantage endgame exposedKing veryLong
alsAi,8/2N5/5p1p/3p1k2/1PbPp3/6K1/5P2/8 b - - 4 55,h6h5 b4b5 e4e3 f2e3,1447,74,100,1645,crushing endgame master quietMove short
3FpyL,2kr3r/1pp2pp1/p5p1/2P5/3Pq3/P3B3/1P1Q2Pb/2K1R2R b - - 1 21,e4f5 g2g4 f5g4 h1h2 h8h2 d2h2,1917,75,91,825,advantage long middlegame
BUtOO,8/6p1/2r1pp1p/8/1kPK4/2R2P1P/6P1/8 w - - 0 42,f3f4 c6d6 d4e4 b4c3,1819,79,94,17999,crushing deflection endgame rookEndgame short
F75kq,8/pp3kp1/2p4p/5K1P/3P1P2/4r3/PP4R1/8 b - - 0 47,e3e6 g2g7 f7g7 f5e6,1307,83,91,526,crushing deflection endgame rookEndgame short
P7jkw,r2q1k2/pbpnn1b1/1p2pr2/3p2N1/3Pp3/2P5/PPQNBPP1/R3K2R b KQ - 1 17,f6h6 h1h6 g7h6 g5e6 f8g8 e6d8,1550,74,95,25006,capturingDefender crushing exposedKing fork long middlegame
5Hesg,1rbb2rk/pn2R1pp/1pB5/5pB1/1P5N/6P1/P4P1P/3R2K1 w - - 9 27,e7b7 c8b7 g5d8 b7c6,1587,78,95,15490,crushing middlegame short
JFNNS,8/8/R6P/7r/5Pp1/1k2K1P1/p7/8 w - - 0 50,f4f5 h5h6 f5f6 h6f6 a6f6 a2a1q,1909,75,96,2097,advancedPawn crushing deflection endgame long promotion rookEndgame
NwaY7,4r3/2k2p2/p4R1p/R2P1P2/P7/7P/3r2P1/6K1 w - - 1 33,f6f7 c7b6 a5a6 b6a6,1294,75,96,3983,advantage defensiveMove endgame master rookEndgame short trappedPiece
W8tOx,R7/1p3p1k/4pBn1/3pP3/1r1P2b1/3B4/8/6K1 b - - 7 48,b4d4 a8h8,1068,76,96,1363,endgame mate mateIn1 oneMove operaMate pin
qyEYL,4r3/kp2PQ2/p3NR2/1q6/3p4/4b3/PP4PP/n1B4K b - - 6 29,e3c1 e6c7 b5e2 c7e8,1686,77,90,2046,advantage fork middlegame short
xKYw1,1r3rk1/p3q1pp/5p2/4n3/1p2PBPP/8/bPQ1B3/1K1R2R1 w - - 0 26,b1a2 b4b3 c2b3 b8b3,1039,86,94,1306,crushing fork middlegame short
Ixh0C,2kr3r/1bq2ppp/pp1bp3/2ppN1PQ/5P2/1P1PP3/PBP4P/R4RK1 b - - 2 16,d6e5 b2e5 c7e7 e5g7,1502,75,89,1546,advantage middlegame short
ILhQu,3r2k1/pq3pp1/8/8/7r/1P3PR1/PBP5/4R1K1 b - - 0 27,d8d2 e1e8 g8h7 g3g7 h7h6 e8h8,1770,76,94,6346,endgame long mate mateIn3
LBr0r,1k4r1/ppp5/2n3r1/5q2/3p3p/2P1QP1P/P1PB1RP1/2R3K1 w - - 0 28,c3d4 f5h3 g1f1 g6g2,1860,76,92,1962,crushing middlegame pin short
vVtw7,r4r1b/ppq4k/2b1p2p/5ppN/8/1BP1B2P/PP3QP1/R6K b - - 4 30,f5f4 f2c2 f8f5 b3e6,1793,76,92,1356,advantage middlegame pin short
p62Y9,1r6/3bpk2/2p5/3nR1Qp/7P/P1P2P2/K7/1B6 w - - 7 39,c3c4 d5c3 a2a1 b8b1,1009,81,85,791,arabianMate endgame master mate mateIn2 short
fpbcH,8/kp3r2/2p1R3/2np3p/p2b1BpP/6P1/PP1N3N/1K6 w - - 0 37,e6e1 c5d3 e1e6 d3f4,1503,75,90,1199,crushing middlegame short
AYb9D,5rk1/p2Q3p/6p1/1Pq2P2/8/5R1K/7P/8 b - - 0 42,g6f5 f3g3 g8h8 d7g7,1157,75,97,18455,endgame mate mateIn2 short
8rges,8/1Br2pk1/2P1p3/P7/1QpP1q2/8/1K6/8 b - - 1 46,f4d4 b4c3 e6e5 c3d4 e5d4 a5a6 c7e7 a6a7,1941,75,93,1630,advancedPawn crushing defensiveMove endgame veryLong
QncWJ,4k3/1p5p/3p4/6n1/1B1P4/P3PqP1/P6K/4Q3 w - - 0 31,b4d6 f3h5 h2g1 g5f3 g1f2 f3e1,1156,76,96,3414,crushing endgame fork long
imaB8,r1b1k1nr/p1p1qpbp/2p3p1/8/4p3/1BN2Q2/PPP2PPP/R1B1K2R w KQkq - 0 10,f3e4 g7c3 b2c3 e7e4,1038,75,95,1164,advantage intermezzo opening pin short
yhXzA,2r2rk1/pp1n1pp1/4pn1p/q2p4/3P3B/P1PQ1P2/2B2PPP/R1R3K1 b - - 5 15,c8c3 d3c3 a5c3 c2h7 g8h7 c1c3 g7g5 h4g3,1660,75,100,576,advantage clearance defensiveMove discoveredAttack middlegame sacrifice veryLong
UUJrG,1k2r3/p1p2q2/Pp6/1P4Pr/2P1Np2/3P3b/7P/R2QR2K w - - 3 31,e4f6 e8e1 d1e1 h5g5 e1e4 h3g2 e4g2 g5g2,1778,76,90,977,crushing fork middlegame veryLong
xgZ6X,5rk1/2q2p1p/2p3p1/8/4N3/1P1R1Q1P/2P2PP1/b5K1 w - - 0 25,f3g4 f7f5 g4e2 f5e4,1323,81,94,14059,advantage endgame fork short
bQw6k,r3k2r/1b3pp1/pqnppn2/1p5p/4P3/PNNB3P/1PP1QPP1/R3R1K1 w kq - 0 15,c3d5 e6d5 e4d5 c6e5,1960,77,89,679,crushing master middlegame short
dDxik,5rk1/p4p1p/1p1p1np1/3p2q1/3P4/2PN2N1/PP6/1K3QR1 w - - 0 27,g3e4 f6e4 g1g5 e4d2 b1c2 d2f1,1427,76,95,3935,advantage fork long middlegame sacrifice
lkh9G,r7/1p3Rkp/4qpp1/8/4bQPB/p4N1P/5P1K/8 b - - 0 34,g7f7 f3g5 f7e7 g5e6,1532,75,90,1120,crushing endgame pin short
G7h9p,8/P7/1K6/5R1p/8/4p3/r4kP1/8 b - - 1 58,f2g2 f5a5 a2a5 b6a5 g2f2 a7a8q,1430,75,95,20500,advancedPawn crushing endgame long promotion rookEndgame
4M1O0,8/5qk1/p2N1p2/2P2ppp/5r2/1P1Q3P/P5PK/8 b - - 1 41,f7c7 d6e8 g7g6 e8c7,1008,76,97,723,crushing endgame fork master short
CEmyT,1rb2rk1/5ppp/1p2p3/4q3/4B1P1/P7/1P1RQPP1/3R2K1 b - - 0 22,c8b7 e4h7 g8h7 e2e5,1219,78,88,1944,crushing discoveredAttack kingsideAttack middlegame short
QC5qj,r3kbnr/1pp1qppp/p2p4/4n3/2B1P1b1/2P2N2/PP3PPP/RNBQ1RK1 w kq - 0 8,f3e5 g4d1 c4f7 e8d8,1602,76,95,16676,crushing opening short
NitSU,r4rk1/p1q3pp/1pB3n1/3b4/3P1p2/1N4PP/PP3pNK/2RQR3 b - - 0 25,f2e1q c6d5 g8h8 d1e1,1440,77,94,6307,advantage fork hangingPiece intermezzo middlegame short
wCPDW,1r4k1/2p1q1p1/4p1Qp/p2pP2P/5P2/4P1R1/1rP3PK/2R5 w - - 2 32,g6h6 e7h4 g3h3 h4h3 h2h3 g7h6,1480,77,94,20697,crushing endgame long
GtyzW,2r2rk1/4bppp/pq2pn2/1p2N3/1P3B2/P3P3/5PPP/1QR2RK1 b - - 5 19,f6d5 e5d7 b6b7 d7f8,1301,76,94,1800,crushing fork middlegame short
UCjxe,r1b1k2r/pp3ppp/3b1n2/3NpqN1/3p4/3P2P1/PP2PPBP/R2Q1RK1 w kq - 2 13,g2h3 f5g5 h3c8 a8c8,1218,75,97,6617,advantage hangingPiece opening short
UWAez,8/8/8/4Q1p1/6q1/7k/7P/2K5 w - - 6 67,c1d2 g4f4 e5f4 g5f4 d2e2 h3g2 h2h4 f4f3,1996,74,96,4159,crushing endgame master queenEndgame veryLong
S2dfE,1k1r3r/pp2b3/2nq4/3p2p1/3N2Q1/2P2NP1/P5P1/1R2R1K1 b - - 6 24,d6h6 d4c6 h6c6 e1e7,1288,75,94,765,advantage master middlegame pin queensideAttack short
5vpBN,r4k1r/3n2p1/2p2p2/1q3P1p/1p1pP3/5Q1P/1PR2NPK/3R4 w - - 0 32,d1d4 b5e5 f3g3 e5d4,1460,76,94,2153,advantage fork master middlegame short
H6Lag,5r1k/1R1R1B2/1p5p/8/6K1/PP2b1P1/7r/8 w - - 2 35,f7c4 h6h5,1383,79,90,522,endgame mate mateIn1 oneMove
mqb88,r2r2k1/4qpp1/2pnb2p/1p2R3/1Q1P4/B4N1P/P4PP1/2R3K1 b - - 3 26,a8c8 d4d5 c6d5 c1c8 d6c8 b4e7,1726,75,88,1180,advantage long middlegame
zez4C,3r2k1/p4ppp/4p3/1Pbb4/P4q2/8/4BPPP/1R1Q1RK1 w - - 0 23,e2f3 c5d6 g2g3 f4f3 d1f3 d5f3,1822,75,95,5343,advantage long middlegame quietMove
Lr7i4,7r/b4pk1/pq2p1p1/1p6/4BQ1p/P1P4P/1P3PP1/3R2K1 b - - 0 31,h8h5 d1d7 b6f2 f4f2 a7f2 g1f2,1552,77,93,6325,crushing endgame long
XeApi,r5k1/pbpp1qp1/1p1b3p/2nP4/7B/3B4/PP3PPP/R2QR1K1 w - - 0 18,d3c4 f7f4 h4g3 f4c4,1700,75,94,3886,advantage fork master middlegame short
FmgXo,8/3p1p2/1q6/1B2ppk1/PN5p/1KP5/6R1/8 b - - 1 48,g5f4 b4d5 f4f3 d5b6,1323,76,86,622,crushing endgame fork short
aXeCI,3R1b1k/2p5/1p5q/p3pp2/P1B3pN/2P1P1P1/1P3K2/8 b - - 3 31,h6f6 d8f8 f6f8 h4g6 h8g7 g6f8,1294,76,95,15384,attraction crushing endgame exposedKing fork long master masterVsMaster sacrifice
DKEHB,8/5p2/2k3p1/4Rr1p/4KP1P/8/5P2/8 b - - 30 77,c6d6 e5f5 g6f5 e4f5,1179,80,92,873,crushing endgame rookEndgame short
qOlr1,r3B3/ppk3p1/n2p1b2/3P3Q/2q5/P1N5/1PP3PP/5RK1 b - - 0 22,a8e8 h5e8 f6d4 f1f2 d4f2 g1f2,1932,78,90,2385,advantage hangingPiece long middlegame
9TWTJ,1k3b1r/1pp3p1/2n4p/1Q6/2Pqp3/P7/5PPP/R4RK1 b - - 0 22,c6a7 b5e8 a7c8 a1d1 d4f6 d1d8,1916,77,92,8662,crushing long middlegame
QqnIZ,r1b2rk1/pp1n1ppp/3bpn2/2ppN3/3P4/1P2P1B1/P1PN1PPP/R3KB1R b KQ - 0 11,b7b6 e5d7 c8d7 g3d6,1099,76,95,1702,crushing discoveredAttack opening short
QHtNs,3r1r1b/pp3q1k/2p1bp1P/n2Np1p1/4P3/2P5/PPQ1BP1N/2K3RR w - - 0 28,d5e3 e6a2 b2b4 a5b3 c1b2 d8d2,1870,75,95,12595,crushing long middlegame pin queensideAttack
MvHL7,1rb2r2/p2n1pk1/4p1p1/1p2P3/3P4/6P1/PR1N1PB1/5RK1 w - - 0 22,d2c4 b5c4 b2b8 d7b8,1136,88,93,2662,crushing hangingPiece middlegame short
KJLqB,8/pp3kpp/1q3n2/1N2p3/2Pp4/3P4/PP3QPP/6K1 w - - 0 25,f2f5 a7a6 f5e5 a6b5,1927,75,92,1009,crushing endgame short
uOOQx,3r1r1k/4Q1pp/8/1p1pP3/1P2nB2/2P3PP/4q1BK/5R2 b - - 0 31,d8e8 f4h6 f8g8 h6g7 g8g7 e7e8,1969,76,92,2464,crushing deflection long master middlegame
NTQ76,2r2rk1/3nqpp1/p3p1p1/PpppP1N1/3P1P2/2P1Q3/2P3PP/1R3RK1 b - - 0 18,c5d4 e3h3 e7g5 f4g5,1406,75,91,2104,crushing middlegame short
psqpx,3q4/5pk1/4p1p1/1p1bP2p/5Q1P/3B4/1P3PP1/6K1 b - - 0 28,d5g2 f4f6 d8f6 e5f6 g7f6 g1g2,1440,75,95,2180,advantage endgame long
Fk0ds,3n1k2/8/1p1pN1Pp/pPpP4/P7/4K3/8/8 b - - 18 58,d8e6 d5e6 c5c4 e3d4 c4c3 d4c3,1485,77,94,3885,crushing endgame long
ejjvH,r2qk2r/pp3ppp/5n2/2b5/2Pn2P1/1P1Q4/PB1P1PB1/RN2K2R w KQkq - 3 13,g2b7 d8e7 e1d1 e7b7 h1e1 d4e6,1743,76,96,17933,advantage defensiveMove fork long middlegame
0pDEQ,5bk1/6pp/p7/8/N2p1B2/1P1Qn2P/P5PK/4q3 w - - 4 30,f4e3 f8d6 e3f4 d6f4 g2g3 e1f2,1579,76,94,944,advantage endgame long
KxvcC,8/1pp4k/1n3bn1/p3rK2/P7/1BP5/1P1B3P/6R1 w - - 2 35,f5f6 b6d7 f6f7 e5e7,1378,78,92,670,endgame mate mateIn2 short vukovicMate
8PATY,1R6/3k4/4p3/6KP/1P4P1/1r1p4/8/8 w - - 0 54,h5h6 d3d2 h6h7 b3h3 h7h8r h3h8 b8h8 d2d1q,1681,78,93,770,advancedPawn advantage clearance endgame promotion rookEndgame veryLong
kGvPE,6k1/1p2r2p/p3N3/4QPpq/1P4P1/P6P/8/6K1 b - - 0 34,h5h3 e5b8 e7e8 b8e8,1302,81,92,3993,endgame mate mateIn2 short
h4xKL,4r1k1/1ppr1q1p/3bb1p1/p4pP1/P6P/1PPB1Q2/2P2P2/BK1R2R1 b - - 2 24,e6b3 c2b3 f7b3 a1b2,1398,79,90,2307,advantage middlegame short
M7rdz,rr3b1k/2pn2pp/6p1/1qPQ4/1P1B4/3N1P2/5KPP/1RR5 b - - 0 28,b5d3 d4g7 f8g7 d5d3,1217,86,93,11713,crushing discoveredAttack middlegame short
DsJ6A,2r3k1/5p1p/r4bp1/8/2N5/P5P1/5P1P/2R2RK1 w - - 1 26,f1d1 a6c6 d1d2 c6c4 c1c4 c8c4,1670,74,95,13927,advantage endgame long master
oEmkH,6k1/pp3p2/6p1/8/8/1B1r3r/PP2RR1K/8 w - - 0 34,h2g2 d3g3 g2f1 h3h1,1134,76,100,538,endgame mate mateIn2 short
5hdJJ,8/8/p2k1p2/1p2pP2/1Pp1P3/P1P1KNn1/8/8 b - - 3 31,g3f1 e3f2 f1d2 f3d2,1328,78,94,4797,crushing endgame knightEndgame short trappedPiece
fPwlO,r7/ppp2kpp/4b3/8/4r3/5N2/P4PPP/2KR3R b - - 1 17,e6a2 f3g5 f7f8 g5e4,1185,76,96,12329,crushing endgame fork master short
yCY3K,3Q1bk1/p1p1rp2/1pP3p1/2pBr3/P1P5/2P5/5PK1/8 b - - 4 37,g8h7 d8f8 e7e8 f8f7,1062,89,91,1064,crushing endgame hangingPiece short
TC1ra,8/R7/1p1B2kp/1P1pN1p1/5n2/4qP2/6PK/8 b - - 3 42,g6h5 g2g4 h5h4 e5g6 f4g6 d6g3,1081,81,88,1429,clearance endgame long master mate mateIn3 sacrifice
kYcOu,4rr1k/1pqn3p/2pb2p1/p2p4/B2Pn3/P1NQ3P/1PP2PP1/R1B2RK1 w - - 4 17,c1h6 d6h2 g1h1 e4f2 f1f2 f8f2,1663,80,96,29959,advantage deflection fork long middlegame
DcG4F,4r3/8/6k1/1p1K3p/1P2R2P/8/8/8 b - - 14 56,e8e4 d5e4 g6f6 e4f4,1873,77,88,842,crushing defensiveMove endgame master short zugzwang
bJwYK,1r4k1/4Bpp1/q1BP3p/p4Q2/1p6/8/1P3PPP/5K2 w - - 3 34,f1e1 a6c6 d6d7 c6c1 e1e2 c1b2,1770,75,94,1338,crushing endgame hangingPiece long
ThW5w,4r1k1/2b3pp/2p3q1/pp6/3PN2P/2P2QP1/PP6/5RK1 b - - 8 32,g6e4 f3f7 g8h8 f7f8 e8f8 f1f8,1158,75,97,1265,backRankMate endgame fork long mate mateIn3 sacrifice
velet,r1b2rk1/1p3pp1/p1n1p2p/2qpP3/5Q1N/1R1B4/P1P2PPP/3R2K1 b - - 1 17,c5d4 d3h7 g8h7 d1d4 c6d4 f4d4,1186,76,93,3319,crushing discoveredAttack long master middlegame
yQSrY,r5k1/pp1n1pp1/5n1p/8/2B4B/q1P5/3Q1PPP/4R1K1 b - - 0 21,a8e8 e1e8 f6e8 d2d7,1692,77,93,3310,crushing middlegame short
xfuJN,1k3b1r/pp4p1/8/2pB4/1P3PQp/3Pq1nP/P5PK/R7 b - - 2 25,e3d4 g4d7 d4d5 d7d5,1677,74,92,1712,crushing middlegame short
DoTiU,6k1/2R4p/6p1/5p2/2Pb1B2/7P/r4PP1/6K1 w - - 5 30,f4e3 a2a1 g1h2 d4e5 g2g3 e5c7,1171,77,98,1310,crushing endgame fork long
JNGBt,8/8/1p5k/2pR3p/6pP/K1P1n1P1/P5r1/5R2 w - - 1 45,f1f6 h6g7 d5d6 e3c4 a3a4 c4d6,1015,90,93,642,crushing endgame exposedKing fork long
hn9pR,6r1/7R/4kp1P/4p3/3pP1P1/8/3K4/8 w - - 1 58,h7g7 g8g7 h6g7 e6f7 g7g8r f7g8,1061,89,94,2384,crushing endgame long rookEndgame
THH4X,8/5kn1/3p4/2pPp1q1/P1P1Pp2/1P3P1p/4NK2/4Q3 w - - 2 48,e1g1 g5h4 f2f1 h3h2 g1h1 h4h3,1581,77,94,2006,advancedPawn clearance crushing endgame long
mFjOx,2r2bk1/3b1pp1/3p1n1p/q2Pp3/P3P3/R3BNNP/2p2PP1/2Q3K1 b - - 1 29,c8c3 e3d2 c3a3 d2a5,1475,78,94,5404,crushing middlegame short
3VzQz,r4r2/ppB2ppk/2n4p/2q5/8/P1PP1RQ1/2P3PP/R5K1 w - - 1 17,d3d4 c6d4 c3d4 c5d4 f3f2 d4a1,1207,77,95,13087,crushing fork long middlegame
zOOof,r2q1rk1/2p2ppp/p1Pb4/1p6/3P1Bb1/1BP2p2/PP3P2/RN1QR1K1 w - - 2 16,e1e4 d6f4 e4f4 d8g5,1921,76,94,4549,crushing master middlegame short
SlNFT,3k1r2/3bR3/p1qp1Bp1/1p4P1/2r1P3/8/PPPQ4/2KR4 w - - 5 27,d2d6 c4c2 c1b1 c2c1 d1c1 c6d6 e7e6 f8f6,1411,75,90,1530,advantage deflection middlegame veryLong
mz2gW,8/4k3/4P3/3P1Kp1/7p/p7/P7/8 b - - 2 61,e7d6 f5f6 h4h3 e6e7 d6d7 f6f7,1341,77,98,4400,advancedPawn crushing defensiveMove endgame long master pawnEndgame
SyrxB,4Q3/rp3pkp/4p1p1/2qpP3/B1P5/P2R4/KP5P/8 w - - 1 35,e8b5 c5c4 b5c4 d5c4 d3d7 a7a4,1404,77,96,21316,advantage capturingDefender endgame long
0eW3O,r2qk1nr/2p3p1/p2ppb1p/1p2p3/P2nP3/3PBN2/1PPN1PPP/R3QRK1 w kq - 1 13,a4b5 d4c2 e1c1 c2a1,1384,75,94,2768,advantage fork middlegame short
GpuAj,1r4k1/5p1p/1r2p1p1/3pQ3/p7/P1P4P/qP1RRPP1/6K1 b - - 7 31,b6b2 e5b8 b2b8 d2a2,1576,75,97,4893,advantage endgame short
Nmm0d,r1b3k1/1pp1bppp/4p3/2B5/8/5B2/PPP2PPP/3R2K1 b - - 2 18,g8f8 d1d8,1248,75,96,3231,endgame mate mateIn1 oneMove pin
aFhPv,6k1/5p2/4p1p1/pNr1P1Qp/P1r2P2/R1Pq2P1/3p3P/3R2K1 w - - 2 36,b5d6 d3e3 g1g2 e3e2 g2h3 e2d1,1572,76,94,591,crushing fork long middlegame
v8eGb,6k1/pp3ppp/4p3/P1pqP3/2R5/2P1Q1P1/1P3PKP/3r4 w - - 4 23,e3f3 d1g1 g2g1 d5f3,1312,77,93,3635,advantage deflection endgame master short
CUtct,r4rk1/1b2qpnp/p2p2p1/1p1P4/2p1P1N1/2P2Q1P/PPBN2P1/5RK1 b - - 2 22,b7c8 g4h6 g8h8 h6f7 e7f7 f3f7 f8f7 f1f7,1594,76,94,9516,advantage deflection kingsideAttack middlegame veryLong
M2VIb,2k3r1/ppp1qp2/3p1n2/3Pp3/4n2P/1PP2Q1P/P3N1B1/5RK1 b - - 1 28,e4d2 f3f6 e7f6 f1f6,1627,76,95,16785,crushing middlegame short
AEK9l,2k3r1/1pn1b3/p2p4/Q3p1p1/2Pq3p/P3BPpP/4R3/5RK1 b - - 5 30,d4c4 f1c1 c4c1 e3c1,1310,85,91,6367,crushing middlegame short
ijwF5,1r1q1rk1/3bn1pp/p7/2Pp2B1/7Q/3B1P2/PP5P/RN4K1 b - - 4 19,e7g6 d3g6 h7g6 g5d8,1362,77,92,2724,crushing middlegame short
u4njs,2r2r2/R4pqk/1n2p2p/2npP2Q/2p2B2/1pP1PN2/1P3PP1/4R1K1 b - - 9 30,c5d3 f3g5 h7g8 g5e6 g7g6 h5g6,1820,76,91,2249,advantage long middlegame pin
Ei9nz,3rr1k1/5p1p/2R3p1/p2p2nq/3B4/1P3P2/P1Q3PP/3R2K1 w - - 1 33,c2b2 g5f3 g2f3 h5f3 d1f1 f3g4 b2g2 g4d4,1738,74,87,688,advantage deflection kingsideAttack middlegame veryLong
zHigV,r1bq1rk1/pp3ppp/2n2n2/2bp4/3N4/2N1B3/PPP1BPPP/R2Q1RK1 b - - 3 10,f8e8 d4c6 b7c6 e3c5,1184,77,92,1053,crushing discoveredAttack opening short
bBYij,2r3k1/5pb1/1Q2b1pp/3pP3/8/5N1P/1Bq2PP1/2R3K1 b - - 3 30,c2e4 c1c8 e6c8 b6d8 g8h7 d8c8,1211,76,100,1235,advantage fork long middlegame
y1z6d,2k3r1/ppp2p2/3p3Q/4n2R/4P3/2N1KPq1/PPP1P3/R7 w - - 3 21,e3d4 g3f2 h6e3 c7c5 d4d5 f2e3,1792,78,91,1193,crushing deflection long middlegame
NtTGd,8/7q/5p1P/7R/3p1B2/8/4kPPK/8 w - - 0 49,h5d5 h7e4 d5a5 e4f4,1964,81,93,2237,crushing endgame fork master short
IYfUE,1r3r2/p5kp/3R2b1/2p1n3/3p4/P2P2Q1/2P3PP/5R1K w - - 2 33,f1f8 b8b1 g3e1 b1e1 f8f1 e1f1,1203,76,100,688,backRankMate endgame long mate mateIn3
ycjE6,5k2/1R2b1pp/8/B2ppp2/5n2/P4P2/1PrN1KPP/8 w - - 0 28,g2g3 e7c5 f2e1 c2c1,1904,75,94,4534,endgame master mate mateIn2 pillsburysMate short
3SPWQ,6k1/1p2qn1p/2pN2p1/2P1b3/2Qp1pP1/1P3P1P/r5B1/4RK2 w - - 3 31,e1e5 a2a1 f1e2 e7e5,1839,77,92,7178,crushing intermezzo master middlegame short
ksjTl,8/5R2/8/4p1p1/8/4kpp1/8/5K2 w - - 6 49,f7g7 g3g2 f1g1 e3e2,1738,82,97,5243,endgame master
s1Key,2kr1b1r/pp2qpp1/2n3b1/2pN2p1/2B5/5QN1/PP3PPP/R4RK1 b - - 7 14,e7e6 d5b6 a7b6 c4e6,1186,77,96,1329,advantage discoveredAttack middlegame queensideAttack short
xLiWd,6k1/5pbp/p3p1p1/1pQ1Pn2/3P4/1P6/P2B1PPP/1q2N1K1 b - - 6 22,b1a2 c5c8 g7f8 d2b4,1605,75,92,2358,crushing endgame pin short
hE9iZ,8/1p4pB/2p5/2Pp2k1/3P3P/4K2P/Pb6/8 b - - 0 47,g5h4 h7f5 h4g5 f5c8,1639,77,96,4769,bishopEndgame crushing endgame master quietMove short
Z1KGA,4qk2/6p1/3p4/2p5/2P5/1P2p3/4Q1PP/6K1 b - - 1 35,e8e4 e2f3 e4f3 g2f3 f8e7 g1f1,1484,75,97,16662,crushing defensiveMove endgame long queenEndgame
yLtXS,3r1rk1/p5pp/1q2p3/1Bp1Pb2/2P2P2/1P6/PB1Q1PPP/R3K2R w KQ - 5 19,d2e2 b6a5 e1f1 f5d3 e2d3 d8d3,1256,78,96,17218,advantage long middlegame pin
GnHFc,6k1/p1b4p/1pp3p1/2p2p2/2P1n3/5Q1P/PP3PP1/4rBK1 w - - 2 31,g2g4 e1f1 g1f1 e4d2 f1g2 d2f3,1434,77,95,25487,attraction crushing endgame fork long sacrifice
spL4u,rn2kbnr/ppp2pp1/3pb1qp/4p1B1/2B1P2P/3P1N2/PPP2PP1/RN1QK2R w KQkq - 0 7,h4h5 h6g5 h5g6 h8h1 e1e2 h1d1,1753,78,93,958,advantage discoveredAttack long opening skewer
NzQdb,6r1/ppp3pk/1b2p1Np/q6N/3rP3/6P1/5QBP/1R3RK1 w - - 3 26,g6f8 g8f8 f2f8 d4d8 g1h1 d8f8,1403,75,97,4848,advantage attraction discoveredAttack discoveredCheck long middlegame sacrifice
N8wYO,2r3k1/p2rbpp1/7p/1qppBQn1/N7/1P3PP1/P4P1P/2R1R1K1 w - - 7 22,h2h4 g7g6 a4c3 g6f5 c3b5 g5f3,1738,75,93,1852,capturingDefender crushing long master middlegame
5vhTs,r2qk2r/2p1bppp/p4n2/1pnP4/5p2/1BN2P2/PPPPQ2P/R1B1R1K1 b kq - 0 12,e8g8 e2e7 d8e7 e1e7,1139,79,95,1027,advantage middlegame short
v1F80,8/pp5k/4pprp/7R/5Q2/P5P1/1Pqp1P1P/2R3K1 w - - 0 36,f4c7 c2c7 c1c7 g6g7 c7g7 h7g7,1343,75,91,1987,crushing endgame long
Kc8zI,1k2r3/1p3p1p/pb3p2/3R1Q2/2q5/2N3P1/PP3P1P/6K1 w - - 2 26,f5h7 e8e1 g1g2 c4f1,1357,74,89,1181,crushing endgame master short
Y0s8P,r1bq1rk1/1pp2pp1/p1nb3p/3p2NQ/7P/1P1BP3/PB3PP1/R4RK1 b - - 2 16,f7f5 h5g6 d8g5 h4g5,1674,77,93,648,advantage middlegame short
Arg8a,r2q1rk1/1ppb1ppp/2nb1n2/p3p3/P3P1P1/2P4P/1PQNBP2/R1B1K1NR b KQ - 2 10,f8e8 g4g5 f6h5 e2h5,1550,76,89,1932,advantage opening short trappedPiece
h6w0u,1rb5/1pq4p/p1k1p3/4Q3/8/2P5/PP4PP/4RRK1 w - - 2 29,e5e6 c8e6 e1e6 c6d5,1954,74,88,878,advantage endgame short
2kYh4,r1b4k/pp3R1p/2p1p2p/6q1/2B5/3P4/PPP1Q2K/8 b - - 0 30,e6e5 f7f8 h8g7 f8g8 g7f6 g8g5,1376,75,95,5074,crushing endgame long skewer
eHsEj,6rk/1pp4p/1P1p4/3Pp3/P2nP1q1/7R/3Q2pP/5B1K w - - 0 33,f1g2 d4e2 h3g3 e2g3,1950,76,92,591,crushing endgame quietMove short
lVAHV,1k1r4/1p3ppp/4p1n1/2NrP3/8/2Q5/PP3PPP/2R3K1 w - - 4 29,c5b7 d5d1 c3e1 d1e1 c1e1 b8b7,1159,78,93,1685,advantage endgame long
4laQC,3k4/p3rR2/1pb2Q2/2p5/3p4/P2Pq3/1PPN2P1/5R1K w - - 6 36,f7e7 e3h3 h1g1 h3g2,1358,78,96,26070,endgame mate mateIn2 pin short
1VGZh,6k1/1Q3p2/2P1p1p1/q6p/3P2nP/4P1P1/5PB1/6K1 w - - 3 37,c6c7 a5e1 g2f1 e1f2 g1h1 f2f1,1171,78,94,7942,deflection endgame long mate mateIn3
ao8z4,6k1/2R3pp/5p2/1P1R4/P1n5/4r2P/4r3/6K1 b - - 10 41,c4d2 d5d8 e3e8 d8e8,1180,80,88,739,advantage endgame short
w0etf,r2q1rk1/pbpn1pp1/1p1bpn1p/4P3/P7/2P2NP1/1PQN1PBP/R1BR2K1 b - - 0 13,d6e5 f3e5 b7g2 e5d7 d8d7 g1g2,1511,76,95,16463,advantage long opening
fpWMC,6k1/p2R1r2/1p4Q1/1K2p2p/5q2/2P5/2P5/8 b - - 0 46,g8f8 d7d8 f8e7 g6d6,1501,80,92,3948,endgame mate mateIn2 short triangleMate
0Qzi9,r3k3/1q2n1br/pp1Q4/3P1p2/N3p1p1/8/PPP2PPP/3R1RK1 b q - 0 25,b7d7 d6d7 e8d7 a4b6 d7d6 b6a8,1333,74,94,28196,advantage attraction exposedKing fork long middlegame
gsHTn,3qr1k1/4n1p1/4p2p/1PppP3/5P2/1Q1B3P/2R3P1/6K1 w - - 0 29,c2c5 d8b6 b3c3 e8c8,1340,77,95,1583,clearance crushing endgame pin short
EfwXv,r4r2/1p1q3k/p1p2p2/3ppNp1/4PnQ1/1P1P3P/1PP3PK/R7 b - - 1 32,h7g6 f5h4 g6h6 g4d7,1304,83,93,1774,advantage discoveredAttack middlegame pin short
bro5A,3R4/p5pk/4p2p/2q1bp2/2N1Q3/7P/Pr3PP1/6K1 w - - 0 26,e4e5 c5f2 g1h2 f2g2,1588,75,90,1253,endgame mate mateIn2 short
gN5Q8,8/1b4k1/8/3p4/5P2/2P1NB2/2RK2P1/4rr2 b - - 2 39,f1f2 d2e1 f2c2 e3c2,1139,77,94,1956,crushing endgame hangingPiece short
hFN0u,r3k2r/1p3p1p/p1b1p1np/2RpP3/1q1P2Q1/3B1N2/PP3PPP/2R3K1 w kq - 3 17,g4h3 g6f4 h3h6 f4d3 c5c6 b7c6,1578,76,88,1385,advantage fork long middlegame
xREMn,rn3b1r/4k3/pp2b1Bp/4Np2/3qp3/4B3/PP4PP/R2QR1K1 b - - 1 18,d4e5 e3d4 e5d6 d4h8,1634,78,94,3500,crushing master middlegame short skewer
NWYmT,1kr5/pp2qp2/8/2p1n3/P3PBP1/6Q1/4K1P1/2R5 b - - 1 29,f7f6 g4g5 b8a8 g5f6 e7f6 f4e5,1625,76,91,2382,crushing endgame long
MpnsO,7r/p4pp1/4k1p1/3np3/3B4/6P1/Pr3P2/3RRK2 b - - 1 30,b2a2 e1e5 e6d6 e5d5 d6d5 d4g7,1579,75,93,6880,advantage discoveredAttack discoveredCheck endgame long
PtmRS,8/p7/Kpk5/2p5/8/PP6/8/8 w - - 10 61,a6a7 b6b5 a7a6 c5c4 b3c4 b5c4,1494,76,90,1087,crushing endgame long pawnEndgame quietMove
QoUFn,2r1r3/7p/4k3/pp1NP1p1/2p1K3/3p3P/1P3RP1/8 b - - 1 38,d3d2 f2f6 e6d7 f6d6,1768,78,89,1940,endgame mate mateIn2 short vukovicMate
h6Gbo,2r1qrk1/1b4p1/p2p1p2/4pPp1/1P1pP3/3P3Q/R3B3/6RK b - - 1 30,g8f7 e2h5 f7e7 h5e8,1415,75,95,22691,crushing middlegame short skewer
xJ5mB,r1bq1rk1/pp1nbppp/2p1p3/3p3n/2PP1B2/3BPN2/PP1N1PPP/R2Q1RK1 w - - 1 9,d3h7 g8h7 f3g5 e7g5 d1h5 g5h6,1516,77,94,4942,advantage hangingPiece long opening
FVyZW,8/8/7p/8/6P1/3K3k/8/8 w - - 0 61,d3e4 h3g4 e4e3 g4g3 e3e2 g3g2,1430,78,93,4076,crushing defensiveMove endgame long pawnEndgame
ezqzt,r1b2rk1/p4ppp/1pnb1n2/2p5/P2p4/NP1N4/1BPPBPPP/R3R1K1 b - - 1 14,c6e5 d3e5 d6e5 e2f3,1618,75,94,2282,crushing middlegame short
6J640,7k/2R5/8/p2p1nN1/5r2/7P/6K1/8 b - - 3 34,a5a4 c7c8 h8g7 g5e6 g7f6 e6f4,1791,74,98,1659,crushing endgame exposedKing fork long
Z6oSk,8/Nppk1ppp/8/8/5rP1/2B5/PP4P1/3r1BKR w - - 1 19,h1h7 f4f1 g1h2 f1h1,1502,76,98,6151,advantage endgame master masterVsMaster short
DcCTm,r3k3/4p2p/1q2b1p1/p1p2p2/2P5/1P2PB2/P2R2PP/3Q1K2 b - - 0 22,a8d8 f3c6 b6c6 d2d8,1871,77,91,820,advantage deflection endgame short
cKk36,r4rk1/pp2qppp/5b1B/2ppp3/6Q1/2P1P1N1/PP3PPP/R5K1 b - - 1 15,g8h8 g3f5 g7h6 f5e7,1601,77,92,2839,advantage middlegame short
6dNSJ,6k1/pp6/6p1/2P1n3/5rNK/7P/P7/3R4 w - - 2 41,d1g1 e5f3 h4g3 f4g4 h3g4 f3g1,1707,74,97,3536,crushing endgame fork long
YgzNp,r1bq1rk1/2p3p1/p1P4p/3P1p1Q/7n/P5P1/1BP2P2/R4RK1 b - - 0 21,d8g5 h5h4 g5h4 g3h4,1692,81,93,6422,advantage middlegame short
qHaBt,8/4P3/3K4/3P2kP/4n1P1/p7/8/8 w - - 1 49,d6e5 e4f6 e5e6 a3a2,1668,75,96,3272,advancedPawn crushing endgame knightEndgame master short
GTLSh,2r1r1k1/4n1p1/pp2Nb1p/8/3PbPQ1/P3B3/1PP3P1/2KR3R w - - 3 22,h1h6 c8c2 c1b1 c2g2,1437,76,93,1262,advantage discoveredAttack discoveredCheck middlegame queensideAttack short
Wm1xq,r4rk1/pq3ppp/1p1N4/2pbP3/8/6Q1/PP3PPP/3R2K1 b - - 0 24,b7c6 d6f5 g7g6 f5e7 g8h8 e7c6,1565,77,94,940,advantage fork long middlegame
q9Bjg,8/p2Q4/1p2pkq1/1Ppn4/7p/P3P3/3R1PPP/6K1 w - - 2 38,d7d6 g6b1 d2d1 b1d1,1036,85,93,976,backRankMate endgame mate mateIn2 short
JUZLb,1R6/8/8/8/k5PP/4PK2/p1r2P2/8 w - - 0 53,h4h5 c2c5 b8a8 c5a5 a8a5 a4a5,1810,77,93,1541,endgame
fbIlE,r1bq1rk1/pp1nb1pp/2p5/4Np2/1P1Pp3/P5P1/4PPBP/R1BQ1RK1 b - - 0 12,d8c7 d1b3 g8h8 e5f7,1447,78,87,944,advantage middlegame short
mLtR3,r6r/pb3pq1/1p1kp2p/2ppR1pQ/3P4/P1PB1R2/2P2PPP/6K1 b - - 12 25,a8e8 f3f7 g7f7 h5f7,1536,74,87,678,crushing middlegame short
qWfYO,4Q3/5ppk/q3p2p/8/4R3/5P1P/r5P1/7K w - - 0 42,e8f7 a6f1 h1h2 f1g2,1654,79,95,25182,endgame mate mateIn2 short
UaetP,r1b2rk1/1p2qppp/2pp4/2b1P1N1/p2n4/8/PPB2PPP/R1BQ1RK1 b - - 0 15,d6e5 c2h7 g8h8 d1h5 g7g6 h7g6,1518,75,89,1212,crushing discoveredAttack discoveredCheck kingsideAttack long opening
ZCp3S,8/6k1/2r3p1/2P3Kp/5P1P/8/2R5/8 w - - 5 43,c2c3 c6f6 f4f5 f6f5,1591,76,91,829,endgame mate mateIn2 rookEndgame short
U5KhW,4k3/p1P3p1/2Kn2Pp/4N2P/8/4b3/8/8 b - - 4 48,e8e7 e5c4 d6c8 c4e3,1728,80,95,16805,crushing endgame master short
4yr9U,8/6pk/6p1/2p5/2P5/1p1pP2P/1b4P1/2R3K1 w - - 0 35,c1b1 d3d2 g1f2 b2c1 f2e2 b3b2,1510,75,100,1072,advancedPawn crushing endgame long quietMove
QVu9A,r3k2r/pppn2pp/2N2p2/4p3/2B4R/3P2P1/PPP2P1P/R2b2K1 w kq - 0 20,c6e5 d7e5 a1d1 e5f3 g1h1 f3h4,1289,76,100,2006,advantage fork long middlegame
4sz3b,5rk1/3p2pp/4p3/8/2P1N2q/2P5/5PPn/3QR1K1 w - - 2 27,e4g3 h2g4 d1g4 h4g4,1564,74,95,15737,crushing endgame short
4RgAy,4Q1qk/7p/4p3/3pP3/P1pbP3/7R/6r1/1B5K w - - 2 46,e8g8 g2g8 e4d5 g8g1 h1h2 g1b1,1582,75,91,1135,crushing endgame exposedKing fork long
VvRnV,1q5r/2n2kpp/1p1Qp3/8/2P5/4R3/PP3PPP/6K1 b - - 5 28,h8f8 e3f3 f7g8 f3f8 b8f8 d6c7,1493,76,96,16346,crushing endgame fork long
Q3uXu,5r1k/p5pp/1p2Q3/3R4/3P3q/8/PP4PP/6K1 w - - 1 27,d5e5 h4f2 g1h1 f2f1,1495,76,94,3209,endgame mate mateIn2 short
LP6j2,3R4/5pB1/4k1p1/7p/2p5/3bP1K1/r5PP/8 b - - 7 35,d3e4 d8e8 e6d5 e8e5 d5c6 e5e4,1461,76,88,528,advantage deflection endgame exposedKing long
Vgrdq,b6k/p3r1pp/2pN1r2/4p3/P2P1n2/1BP2PQq/1P5P/R3R1K1 w - - 1 27,e1e5 e7e5 d4e5 f4e2 g1f2 e2g3,1800,78,93,3114,crushing fork long middlegame
C2EZz,8/2p5/2p3p1/p1Ppk2p/P6P/1P1K2P1/8/8 b - - 1 37,d5d4 b3b4 a5b4 a4a5 b4b3 a5a6,1650,79,92,1564,crushing endgame long pawnEndgame quietMove
6sDNj,r2qk2r/3b1p1p/2n3p1/2b1R2Q/3p4/P2B4/3B1PPP/RN4K1 b kq - 0 19,c6e5 h5e5 d8e7 e5h8,1065,76,96,3127,crushing fork middlegame short
0qTTK,2r1r1k1/8/4p1Qp/1q6/1P6/8/1b3PPP/2R1R1K1 b - - 0 28,b2g7 c1c8 e8c8 g6e6 g8h7 e6c8,1417,74,95,25833,attraction crushing exposedKing fork long master middlegame
gfnRC,8/ppp3pk/1bp1B1bp/8/1P4PP/2P3N1/P1r3P1/3R3K b - - 0 26,b6f2 h4h5 f2g3 h5g6 h7g6 e6f5 g6f7 f5c2,1842,79,95,18444,advantage attraction endgame fork veryLong
AORSH,4R3/1p3p2/6kp/p1P3pN/P5P1/1r5P/6K1/5r2 b - - 8 48,f1c1 e8g8 g6h7 h5f6,1444,79,98,6427,cornerMate endgame mate mateIn2 short
8gSsy,r1b1kb1r/pppq1ppp/3p1n2/3Nn1N1/2B1P3/8/PP3PPP/R1BQ1RK1 w kq - 4 10,d5f6 g7f6 g5f7 e5f7,1349,79,92,657,advantage opening short
5q00V,r1b1k2r/3nbpp1/2p1p2p/q1npP3/8/1N3N2/PB2BPPP/R2Q1RK1 b kq - 5 15,c5b3 a2b3 a5a1 b2a1,1761,78,93,2695,advantage opening short
KKTas,r3r1k1/pb1nb1pp/1p1qp3/5p2/2RP4/1PN3PB/PB3P1P/3QR1K1 w - - 2 20,c3b5 d6d5 f2f3 d5b5,1447,76,97,7136,advantage middlegame short
vSuGO,5rk1/1Q4pp/p2R1p2/P3p3/2p5/2q4P/5PP1/6K1 b - - 0 30,c3a5 d6d7 a5a1 g1h2 g8h8 d7g7,1771,75,95,3210,advantage defensiveMove endgame long
lPUmP,3n1r1k/p1R2n1p/1p2pNpP/3p2P1/3P2P1/3q4/PP1B1RK1/8 b - - 6 33,d3d4 d2c3 d4f2 g2f2,1538,76,87,756,advantage middlegame short
IWLYi,r2q1rk1/pp1nbppp/2p5/3pP3/3QnP2/4BN1P/PPP3P1/2KR1B1R w - - 0 13,f1d3 e7c5 d3e4 c5d4,1426,75,94,5382,crushing master middlegame short
SNPCR,2r3k1/pR3p2/6pp/2N1bb2/2P5/4PB2/P2r1PPP/2R3K1 w - - 1 24,c5e4 f5e4 f3e4 c8c4,1778,76,93,2239,advantage middlegame short
pfdH0,r1b1k1nr/pp3ppp/2nbp3/3pq3/8/1NP3P1/PP2BP1P/RNBQ1RK1 b kq - 0 10,g8f6 c1f4 e5f5 f4d6,1360,75,88,1339,advantage opening short skewer
KA25f,5k2/5p1p/p2b2p1/3P2q1/2PQ4/6nP/P4P2/4RBK1 w - - 0 36,f2g3 g5g3 f1g2 g3e1,1212,78,95,4564,advantage endgame fork short
jPIWh,8/pB1k1p2/3pn2p/2p1b2P/2P3P1/4K3/P4P2/2R5 w - - 3 23,b7d5 e5f4 e3e4 f4c1,1269,77,97,7243,advantage endgame short skewer
rds9h,8/8/7p/3k1Pp1/1nnp2P1/N6P/2P1K3/8 w - - 15 54,a3c4 d5c4 f5f6 b4d5 f6f7 d5f4,1967,77,89,800,advantage endgame knightEndgame long master
CTNLP,6k1/p4pp1/2p4p/3pQ3/6qP/6P1/Pr3P2/4R1K1 b - - 0 26,b2a2 e5b8 g8h7 b8b1 g4g6 b1a2,1696,76,93,2178,crushing endgame fork long
0qWqP,r1b2r2/4qpk1/2p3pp/p7/Np2nP1P/P4Q2/1PP1B1P1/1K1RR3 w - - 2 29,e2d3 e4d2 b1c1 e7e1 d1e1 d2f3,1946,77,91,1426,advantage discoveredAttack long master middlegame
qlflU,r3r1k1/pp3p1p/2n3p1/1B1p1b2/3P4/PK2PNq1/1P1Q2P1/R6R b - - 2 19,c6a5 d2a5 e8e3 b3a2,1498,76,93,3273,advantage defensiveMove middlegame short
YO6wT,8/8/8/p1p1k2b/PpP3p1/1P1BP1K1/8/8 w - - 0 63,g3h4 g4g3 h4g3 h5d1,1474,77,90,858,bishopEndgame clearance crushing endgame master short
L5zuE,5rk1/5ppp/1R2b3/p1P3q1/8/1r4P1/2Q2P1P/2RB2K1 w - - 1 33,f2f4 b3g3 h2g3 g5g3 c2g2 g3e3,1556,75,86,678,advantage long middlegame sacrifice
C4RjT,8/5p1p/6p1/4P2k/5QP1/7P/p1r1q3/6RK b - - 0 45,h5h4 f4h6,1585,84,93,2830,endgame mate mateIn1 oneMove
X9rT6,2k5/R7/3PK1p1/4B3/8/8/p4pr1/8 b - - 0 47,f2f1q d6d7 c8d8 a7a8,1398,75,97,4622,advancedPawn endgame mate mateIn2 pillsburysMate short
fCNUs,r2qr1k1/4n1pp/6p1/2pp1p2/P1n5/2N2Q2/2B3PP/3RR2K b - - 0 26,d5d4 c2b3 g8h8 b3c4,1872,75,85,643,advantage middlegame pin short
a7q4I,3r1rk1/ppqnbppp/4p3/2ppN3/5PQ1/1P1PP3/PBP3PP/R4RK1 b - - 6 15,d7e5 b2e5 c7e5 f4e5,1143,78,93,1125,crushing middlegame short
kJwhN,3kr3/ppqn1p2/2p1Bn2/3p2Q1/3P4/2P3N1/PP3PPP/4R1K1 b - - 0 21,e8e6 e1e6 f7e6 g3h5 d8c8 h5f6,1650,74,94,807,advantage long middlegame
rjQbe,6k1/pp4p1/n1p3Bp/3p3P/3P1P2/P7/1P3RKP/4r3 b - - 1 26,e1d1 f2e2 a6c7 e2e7,1634,75,91,500,crushing endgame quietMove short
Tsclv,Q4bk1/p4p2/5r1p/q1p1p3/8/2P1PN2/1pK2PPP/3R3R w - - 0 23,d1b1 a5a4 c2b2 f6b6 b2c1 a4a3 c1d2 a3a2,1784,77,95,1581,crushing middlegame veryLong
1ESyM,r1b3k1/pp3pbp/2p3p1/4r3/4B3/P5P1/1PP2P1P/R1BR2K1 b - - 0 15,e5e4 d1d8 g7f8 c1h6 c8d7 d8a8,1282,78,87,696,advantage long middlegame pin
14Aad,r4r1k/4Nppb/2p1n2p/pp2q3/4P3/PP4P1/2P3BP/3RQRK1 w - - 2 24,e7c6 e5c5 f1f2 c5c6,1121,80,94,1006,crushing fork master middlegame short
BJkFL,3r2k1/pp1r1ppp/b1p5/4P3/1P1qBPP1/PR1P3P/3Q2K1/3R4 w - - 5 29,b3c3 d4e4 d3e4 d7d2 d1d2 d8d2,1322,75,96,7723,advantage discoveredAttack long middlegame
UfEEe,4rrk1/pp4p1/2p2q2/4p3/2PpQ2p/3P2P1/PP2RPKP/R7 w - - 0 22,e4h4 f6f3 g2g1 f3e2,1217,82,93,1395,crushing endgame fork master short
bmrHS,8/8/8/8/6K1/R7/3knp2/8 w - - 2 79,a3a2 d2d1 a2a1 e2c1 a1a6 f2f1q,1767,74,98,2849,advancedPawn crushing defensiveMove endgame long master promotion
9QsiM,r4r1k/2p4p/p2pQ3/3Nn2p/1p2PP2/8/PPP5/2KR1Bq1 w - - 0 21,f4e5 f8f1 e6f6 f1f6,1323,77,93,4905,advantage middlegame short
JXtqO,8/2k3p1/8/p1PK2PP/P7/6b1/8/8 b - - 0 51,g3f4 h5h6 g7h6 g5g6,1630,78,98,2723,bishopEndgame crushing endgame short
nnDWE,6k1/2r2p1p/7P/2r1bQP1/1p6/1p6/1PP2R2/1K6 w - - 0 43,f5f3 b3c2 f2c2 c5c2,1390,77,86,684,advancedPawn crushing endgame short
JTLco,6k1/1r5p/4p1p1/p1p2q2/1pPp3Q/1P2n3/P4R1P/4N1K1 b - - 7 34,f5b1 h4d8 g8g7 d8f8,1185,76,95,562,endgame mate mateIn2 short
EgQKW,2R1r1k1/p4p1p/1p1p2p1/3P4/PP6/7Q/3B2PP/1q5K w - - 1 32,c8c1 b1c1 d2c1 e8e1,1462,82,93,7463,backRankMate endgame mate mateIn2 sacrifice short
lUz7I,6R1/1r6/8/4pk2/K1R3p1/5r2/PP6/8 b - - 4 53,g4g3 g8f8 f5e6 f8f3,1016,87,94,1323,crushing endgame rookEndgame short skewer
QLrr5,8/5k2/5r1p/4Kp1R/5P2/5P2/8/8 b - - 25 89,f7g6 h5h6 g6h6 e5f6,1221,74,96,6684,crushing deflection endgame rookEndgame short
ZrpvI,r1b1kb1r/ppppqppp/2n2n2/3Q4/2B1P3/5N2/PPP2PPP/RNB2RK1 w kq - 7 8,c1g5 f6d5 g5e7 d5e7,1558,76,88,1004,advantage opening short
CN94V,r4rk1/p3q1pp/8/Q1R2b2/3np3/2N5/PPP2PPP/6RK b - - 0 25,d4e6 c5f5 f8f5 a5f5,1283,81,92,780,advantage master middlegame short
sc45m,3r1rk1/pp3p1p/4P1p1/3P4/npB5/8/1P4PP/3R1RK1 b - - 0 25,f7e6 d5e6 f8f1 d1f1,1836,83,92,1253,crushing endgame short
2UdyT,8/ppp5/4kpp1/8/1PP2PP1/P2RK3/7r/8 w - - 3 36,c4c5 h2h3 e3e2 h3d3 e2d3 e6d5,1343,75,87,646,crushing endgame long rookEndgame
jeBhR,8/3R1ppk/1r5p/8/pp1P4/4P2P/1P3PP1/6K1 w - - 0 37,d7f7 a4a3 b2a3 b4b3,1596,75,94,2780,crushing endgame master rookEndgame short
LPMve,1k2Q3/8/1p1r4/8/1q6/1pR2P1P/1K6/8 b - - 1 45,b8b7 e8c8 b7a7 c3c7,1384,76,92,762,endgame master mate mateIn2 short
KV3V2,r2qr1k1/bpp2pp1/p6p/4B3/1P1P4/P1nQ4/2P1BPPP/R4RK1 b - - 2 16,d8d4 e5d4 c3e2 g1h1,1364,76,92,3583,crushing middlegame short
8q6e0,8/p3R3/1p3k1p/1PpR4/r3n3/6P1/6P1/5K2 w - - 7 45,e7h7 a4a1 f1e2 e4c3 e2d2 c3d5,1431,78,95,20572,crushing endgame fork long
neQZc,r2qk2r/ppp2ppp/1b1p1B2/4p2b/1PBnP3/P1NP1N1P/2P2PP1/R2Q1RK1 b kq - 0 11,d4f3 d1f3 h5f3 f6d8,1834,76,93,1339,advantage middlegame short
FwD9l,8/1p6/1R4R1/5p1k/1p6/1P2K2P/P1q5/8 b - - 5 67,c2a2 g6h6 h5g5 b6g6,1181,82,85,707,blindSwineMate endgame mate mateIn2 queenRookEndgame short
vDrWK,r2q1rk1/1p1n1pp1/p1p1bb1p/3p4/3P4/P1NBPPN1/1PQ3PP/2R2RK1 b - - 1 16,f6g5 f3f4 g5h4 f4f5,1762,75,93,3489,advantage middlegame short
BhPer,8/p7/5bP1/k1p5/P7/1P2N3/K2p4/8 b - - 3 51,f6d4 e3c4 a5a6 c4d2,1189,77,99,2068,crushing endgame short
Vwqmg,3Q4/5Rpk/5n1p/Pp6/1np5/1q5P/6P1/7K b - - 0 46,c4c3 d8f6 b3b1 h1h2,1621,76,94,2481,advantage endgame pin short
XCEbo,r2q1rk1/pp1b1ppp/2n2n2/8/8/PQ1BPN2/1P3PPP/R1B1K2R w KQ - 3 15,f3g5 d8a5 c1d2 a5g5,1141,81,95,29103,advantage fork opening short
jFLHq,4qrk1/2p1r1p1/p2p4/1p4RN/2P1P3/P1P5/1P4Q1/2K5 b - - 2 26,e7e4 g5g7 g8h8 g7h7 h8h7 g2g7,1547,78,95,4271,attraction endgame long mate mateIn3 sacrifice
OUICV,1r2kb1r/1ppn2pp/p3b3/q3Pp2/3P4/2P3B1/PPQ2PPP/RN3RK1 b k - 0 17,c7c5 d4d5 e6d5 e5e6,1908,76,92,5062,advantage middlegame short
Arltr,r2q1nk1/1bp1brp1/pp3nNp/8/P2P4/1Q1B4/1PP2PPP/R1B2RK1 b - - 2 17,d8d5 g6e7 f7e7 d3c4 f8e6 c4d5,1710,76,95,3904,advantage long middlegame pin
u7bGK,r5k1/2p3p1/1r2p2p/3pPp1q/5R2/2P1P1P1/1R2QKPP/8 b - - 8 32,h5h2 f4h4 h2h4 g3h4,1357,78,92,2973,advantage endgame short trappedPiece
jpONs,r2q1rk1/pp3ppp/2n2nb1/2bp4/3N4/2P1BN2/PP2BPPP/R2Q1RK1 b - - 6 12,f8e8 d4c6 b7c6 e3c5,1252,77,92,2967,crushing discoveredAttack opening short
lBis7,7k/4q1p1/4p2p/4P2P/8/4QRK1/r5P1/8 w - - 3 50,e3e4 e7g5 e4g4 a2g2 g3g2 g5g4,1196,76,95,16375,attraction crushing deflection endgame exposedKing long master pin
KG66l,8/8/2Q2bk1/p1p4r/PpPp1qpp/1P1P4/2KB4/7R b - - 4 40,f4f2 c6e8 g6g7 e8h5,1577,75,89,908,crushing deflection endgame short skewer
edjN9,1R6/8/8/5KP1/3r1P2/2k5/1p6/8 w - - 5 60,g5g6 d4b4 b8b4 c3b4,1381,78,93,936,crushing endgame rookEndgame short
n2XAX,1r1q1rk1/p1p1bppp/2pp1n2/8/4PB2/2NP1Q1P/PPP3P1/2KR3R w - - 3 12,f3g3 f6h5 g3f3 h5f4,1282,76,89,543,advantage middlegame short
wBFh3,r2brnk1/1p1q1ppp/2p5/p7/2QP1N2/2N1P3/PP3PPP/R4RK1 w - - 0 17,c3a4 b7b5 c4c3 b5a4,1124,77,92,564,advantage fork master middlegame short
Zuypg,8/p1R2pk1/5npp/P3Q3/8/5PPK/3q3P/8 w - - 5 43,c7c6 d2d7 h3g2 d7c6,1149,74,97,2503,endgame
2z9FE,r4k1r/5p2/7p/1pqp4/1N2n3/2P1P1P1/PpQ2PP1/1K1R3R w - - 4 26,d1d5 e4c3 b1b2 c5b4,1881,75,91,1914,crushing fork middlegame short
RXEts,2k2r2/ppp2rp1/q7/3pP3/3P1p2/8/PPPQ1R2/1K3R2 w - - 0 28,f2f4 a6f1 f4f1 f7f1,1274,76,95,21895,crushing endgame short xRayAttack
CUBBd,8/2r3kp/4P1p1/5p2/3q1P2/1Q2p3/PP4PK/5R2 w - - 0 32,f1d1 d4f4 g2g3 f4f2,1212,85,93,1909,crushing endgame short
MXjr8,8/8/3k2p1/4p1Kp/4P1P1/5P2/8/8 w - - 0 65,g5g6 h5h4 g6g5 h4h3 g5h4 h3h2,1238,86,89,680,advancedPawn crushing endgame long pawnEndgame quietMove
0uKeo,3r1rk1/4qppp/p4n2/1p2p3/2p5/1QNbN3/PP3PPP/R1B1R1K1 w - - 0 19,b3a3 b5b4 a3a5 b4c3,1525,75,94,21819,advantage fork master middlegame short
mjS2M,4b3/6K1/2kP4/2P5/p5p1/8/1PR2Br1/8 w - - 2 57,g7f8 g4g3 f2g3 g2c2,1704,76,94,761,crushing endgame short
joB17,6k1/pp1q1pn1/2p3pp/2P5/1P2n3/5NP1/PQ3PBP/6K1 w - - 0 25,f3e5 d7d1 g2f1 e4d2 b2d2 d1d2,1352,77,97,16505,crushing endgame long
gBuZN,4rk1r/ppp2pp1/7p/3P1Q2/2B3nq/2PPp3/PP2KPP1/RN2R3 w - - 0 19,f2f3 h4f2 e2d1 e3e2,1432,78,93,798,advancedPawn crushing middlegame short
DlQls,5k2/2R5/5K2/1p1p4/6P1/2Pb4/P4n2/8 b - - 2 51,d3c4 c7c8,1002,86,93,965,endgame mate mateIn1 oneMove
PjCh2,8/1p2p1k1/p2p1bPr/2pP3q/2P3R1/P3P1Q1/1P6/1R4K1 w - - 12 32,g1g2 f6e5 g3h4 h5h4 g4h4 h6h4,1579,74,89,1923,crushing endgame long
KXZ92,1b1q1rk1/5pp1/Q4P1p/8/PP6/6P1/1Pp2PbP/2B1R1K1 b - - 0 29,d8f6 a6f6 g7f6 g1g2,1581,76,94,1435,advantage middlegame short
scsa3,r6k/pp3p2/4qP1p/3p4/4BnKP/2P5/PP1Q4/6R1 w - - 5 36,g4f4 e6e4 f4g3 a8g8,1453,79,92,2294,crushing endgame short
neTEe,r1r5/7R/p3R3/2p2pp1/2P3k1/7P/P1b2PP1/6K1 b - - 0 30,g4f4 g2g3 f4f3 e6e3,1028,77,100,710,endgame mate mateIn2 short
S6B8z,r4rk1/pp3pb1/6p1/q2p2Np/1nB1P1bP/P1N1P3/1PPQ2P1/2K2R1R w - - 0 16,c3d5 b4a2 c4a2 g7b2 c1b2 a5d2,1748,75,96,16046,advantage deflection long middlegame queensideAttack sacrifice
hRHIl,7k/p7/Pp5p/1P4P1/2P5/5n2/3p4/3K4 b - - 0 44,h6g5 c4c5 b6c5 b5b6 a7b6 a6a7,1390,76,96,5087,advancedPawn advantage endgame knightEndgame long sacrifice
28BKr,2rq1rk1/4bppp/p4n2/3pNP1b/2p5/1P4Q1/PBPN2PP/4RRK1 w - - 0 19,b3c4 d8b6 g1h1 b6b2,1665,75,96,11339,crushing fork master middlegame short
7LdJP,5Rk1/p2R3p/1p2p1pb/6q1/3P2Pn/1P5P/P4Q2/7K b - - 0 33,h6f8 f2f7 g8h8 f7h7,1011,76,100,924,endgame mate mateIn2 short
gkrfq,3r1b1r/p1p1kp1p/2B2np1/4n3/2P5/P1R1B3/3NKPPP/1R6 w - - 4 18,c6e4 d8d2 e3d2 f6e4,1610,74,90,2513,advantage middlegame short
Vn2BV,8/1R6/3N4/2pP3p/2P4P/3r2P1/1pk3K1/8 w - - 0 47,b7b5 d3b3 b5b3 c2b3 d6e4 b3c2,1950,75,92,980,crushing defensiveMove endgame long
rMiJF,4k3/pp3pp1/2p4p/1q1b4/8/P1P2BPP/1P2Q1P1/6K1 b - - 1 25,e8d7 e2b5 c6b5 f3d5,1789,74,95,17036,capturingDefender crushing endgame short
t0BNo,4rr2/1pp2Nk1/p4R1p/2PPp2P/1P4Q1/4qpP1/P6K/8 b - - 1 37,g7f6 g4g6 f6e7 g6e6,1232,83,91,1210,endgame mate mateIn2 short
vrEBL,8/2p1rk2/1pPpNp1p/3P1K1P/2P3P1/p7/P7/8 b - - 2 50,e7e6 d5e6 f7e7 f5g6 e7e6 g6h6,1208,80,94,14421,crushing endgame long master
NMufn,1r6/6k1/3PP2p/6pP/8/6K1/1p6/3R4 b - - 0 40,b2b1q d1b1 b8b1 d6d7 b1d1 e6e7 d1d7 e7e8q,1444,77,95,14531,advancedPawn crushing endgame promotion veryLong
da5F2,1k1r3r/ppp1b3/8/PP2ppp1/2PpP1Pp/3P1q1P/R1NQ1P1K/5R2 w - - 0 28,e4f5 e5e4 c2e1 e7d6 h2g1 f3h3,1722,74,94,12430,advantage deflection long middlegame
uJCpt,r2q2k1/ppp1p1bp/1nn3p1/8/2PP4/2N1BB2/PP4PP/R2Q3K b - - 0 15,b6c4 f3d5 g8h8 d5c4,1161,78,86,510,crushing fork middlegame short
sDujS,2r1r1k1/5bpp/1pq5/p2pp3/P6P/2PN4/1P1RQPP1/4R1K1 w - - 0 30,d3e5 e8e5 e2e5 c8e8,1665,75,93,3506,advantage clearance master middlegame sacrifice short
HViG6,1k3qnr/ppp5/8/4p3/4P1N1/6P1/PPP1Q1P1/R5K1 w - - 0 21,g4e5 f8c5 e2f2 h8h1 g1h1 c5f2,1935,75,93,2210,advantage deflection endgame fork long
j5fjC,5rk1/2p3p1/pp1p2Bp/2nP4/2PbPR2/5K1P/P5PB/8 b - - 4 29,c5d3 g6h7 g8h7 f4f8,1328,76,95,8274,advantage deflection endgame kingsideAttack short
E94uI,7r/p1p3Rp/1bB1k3/1P4n1/3PP3/2K5/P7/8 b - - 4 32,g5f7 c6d5 e6f6 g7f7,1321,75,94,2731,advantage endgame short
aLMRA,5Q1k/p2R2r1/1q3p1p/p3p2P/8/2P5/1P3P1K/8 b - - 0 37,g7g8 f8h6,1230,84,93,602,endgame mate mateIn1 oneMove
bctj6,2kr4/pp6/2P2p2/8/4P1p1/3q3n/P1Qr1P2/2R1RK1B w - - 1 34,c2d3 d2f2,1338,80,92,3538,mate mateIn1 middlegame oneMove
vKH3z,2r1r1k1/6p1/QR5p/2Pq1p2/8/4p1P1/P6P/2R3K1 w - - 0 38,a6c4 d5c4 c1c4 e3e2,1156,77,100,1369,advancedPawn crushing endgame master short
q2wXd,8/8/8/1R5p/rp5P/6K1/Pk6/8 w - - 10 55,b5h5 b2a2 h5f5 b4b3,1890,77,93,3893,crushing endgame rookEndgame short
exyzq,8/1r3Pkp/8/8/p3N1PP/3p2K1/B7/8 w - - 1 44,e4c5 d3d2 c5e6 g7f7,1540,77,86,5806,advancedPawn crushing endgame interference master short
OSOBX,8/2Pk4/3p2p1/2pP2Pp/1pPbp2P/1P6/3B1K2/8 w - - 2 45,f2g3 e4e3 c7c8q d7c8,1595,76,93,3595,advantage bishopEndgame endgame master short
WqbHo,r3k1nr/pppq1p1p/2npN1p1/3Nb3/4P3/3P1Q2/PPP3PP/R1B2RK1 b kq - 0 12,f7e6 f3f8,1289,76,85,713,mate mateIn1 oneMove opening
DTLJA,r1b1kb1r/1p3p1p/2n1p2p/pBPpP3/1P4q1/2P2N2/P4PPP/RN1QK2R w KQkq - 5 11,d1d4 g4g2 h1g1 g2f3,1605,77,94,2943,advantage fork master masterVsMaster middlegame short
vCEQp,1n3rk1/p3q2p/bpp1p3/5B2/2PPN3/4P2P/PP3QP1/2R3K1 b - - 0 25,f8f5 f2g3 e7g7 g3b8,1398,77,92,2369,crushing fork middlegame short
F4XmP,1R6/4k3/4p1q1/7r/3BP1pp/2P5/4QPPP/6K1 w - - 1 40,e2b5 h5b5 b8b5 g6e4,1461,79,92,8246,crushing endgame short
y64zO,6k1/pp3p2/4qp1p/6n1/2pR4/P1P3PP/1P3PK1/1Q6 w - - 3 33,b1c2 e6h3 g2g1 g5f3,1649,77,93,1002,endgame mate mateIn2 short
lL2oW,r4rk1/1b3ppp/3q1n2/p7/P2P4/2NPP3/4B1PP/R2Q1RK1 w - - 1 20,e3e4 d6d4 g1h1 d4c3,1310,76,93,4746,advantage fork middlegame short
R5FDz,r5k1/pp1b2b1/3p1q1p/3Pp2Q/3pB3/3P2P1/PPP4P/5RK1 b - - 3 21,f6g5 h5f7 g8h8 f7d7,1526,76,92,25917,crushing fork middlegame short
bEnUf,1R2Q3/pr3r2/k1bq4/3p4/3P4/2P3P1/PP3P1P/4R1K1 w - - 9 31,b8b7 c6e8 b7f7 e8f7,1647,75,89,1086,crushing endgame short
x54Wo,r1b1k2r/2q2pp1/p1nbp2p/2p5/3pN2Q/5BP1/PP1P1P1P/R1B2RK1 b kq - 0 16,c6e5 e4d6 c7d6 f3a8,1262,77,96,26067,advantage discoveredAttack opening short
U2sFO,8/3B4/8/p1p5/P1P1p3/1Pk5/5K2/8 w - - 5 63,d7b5 c3d2 b5a6 e4e3,1793,70,95,19332,bishopEndgame crushing endgame master short
Ax4p4,r2qr1k1/ppp2ppp/8/2b5/2Pn4/3QB1P1/P4PBP/R4RK1 w - - 2 16,g2b7 d4f3 b7f3 d8d3,1088,80,95,4226,advantage discoveredAttack middlegame short
TleDY,8/8/8/2R4R/p2q4/k2P4/2P5/1K6 w - - 1 37,c5b5 d4g1,1221,82,91,639,endgame master mate mateIn1 oneMove queenRookEndgame
kVcVd,8/4r1kp/p1p3p1/4q3/2p1N3/P1PbRP2/3Q2PP/6K1 b - - 3 37,e5f4 e3d3 f4d2 d3d2,1793,75,96,3959,advantage endgame short
R3Hd6,r3r1k1/pp5p/n7/3P1q2/3pP3/P2P2Pp/1P2Q2P/1K3R2 b - - 1 29,f5d5 e2g4 g8h8 e4d5,1540,75,87,1172,crushing endgame intermezzo master short
nofF2,2r2k2/P1N1p2p/1P1r2pP/8/2B5/1K2p3/8/8 w - - 4 51,a7a8q d6b6 b3c3 c8a8,1468,75,94,1182,crushing endgame master short
YXhPs,2r3k1/3r1ppp/q3b3/3p4/1Q2P3/1P3P2/P1NR2PP/1K1R4 w - - 0 28,c2d4 d7b7 b4b7 a6b7,1681,77,92,2663,advantage master middlegame short
mobwg,8/3k4/1r4p1/1PR2pPp/5r1P/2K5/8/3R4 b - - 1 44,d7e6 c5c6 b6c6 b5c6,1342,76,96,6029,advantage endgame rookEndgame short
kYS5N,r4rk1/pR3p1p/q5pB/3pPQ2/3n4/5P1P/P4P2/4K1R1 w - - 0 22,f5f6 a6e2,1266,76,97,505,mate mateIn1 middlegame oneMove
0ppu6,8/5pp1/7k/r2p1KpP/8/6P1/8/3R4 b - - 3 40,h6h5 d1h1,1245,77,97,4198,endgame mate mateIn1 oneMove rookEndgame
Mrifn,4q2k/7p/p5p1/1p1Q1P2/1P4Pb/4p3/8/5RK1 w - - 2 38,f1c1 e3e2 d5d4 h8g8,1515,75,98,1943,advancedPawn crushing defensiveMove endgame short
BdaX9,7r/pp6/k1p2q1p/8/1RQ5/1Pp1PP2/PbK2P1P/3r4 b - - 1 30,a6a5 c4c5 b7b5 b4a4,1752,80,93,738,endgame mate mateIn2 pin short
FQunp,8/5p1p/2p3k1/p1b2p1N/P4PP1/1P5P/1q6/3Q3K b - - 0 31,f5g4 d1g4 g6h6 g4g5,1680,74,85,562,endgame mate mateIn2 short
b9Efx,2b2r1k/p3q1rp/1p1pB3/3Pn2R/5p2/1P3Pp1/PBP3Q1/1K5R w - - 3 38,h5e5 d6e5 b2e5 c8e6,1510,75,88,841,advantage middlegame short
UYj9D,8/6p1/ppk1p2p/2p1PP2/6P1/8/PP1K3P/8 b - - 0 36,e6f5 g4f5 c6d5 e5e6,1632,79,93,1121,advantage endgame master pawnEndgame short
cuAys,r1q2rk1/1b2bppp/3pnn2/4p3/2P5/1PN2N1P/2BBQPP1/3R1RK1 w - - 1 24,d2g5 b7f3 e2f3 e6g5,1619,79,94,8515,capturingDefender crushing master middlegame short
Wxede,8/6p1/2k1pp2/2P5/4KPP1/8/8/8 w - - 5 50,g4g5 c6c5 g5f6 g7f6,1825,75,89,1241,crushing endgame pawnEndgame short
P35zQ,r2k1b1r/3p2pp/p3Qn2/1pq5/5B2/8/PPP2PPP/3RR1K1 b - - 0 18,a8c8 d1d7 f6d7 e6e8,1439,77,96,8188,mate mateIn2 middlegame sacrifice short
w9OL7,r3r2Q/2q1bkn1/p1npB1p1/1p1Pp1P1/8/4BP2/PPP5/2KR3R b - - 4 25,g7e6 h1h7 e6g7 h7g7,1432,85,92,534,mate mateIn2 middlegame short
O8tTy,8/5p1k/p3r3/P6P/7R/4p3/2b4P/5BK1 w - - 0 36,h4c4 e3e2 f1e2 e6e2,1130,83,94,2867,advancedPawn crushing endgame master short
VfrEc,r1b2rk1/p4pp1/1p4q1/3P3n/4P3/1Q5P/PB3PB1/R4RK1 w - - 0 22,a1c1 h5f4 b3f3 c8h3,1905,77,93,6080,advantage middlegame short
MMsIA,r4rk1/pp2bppp/1q1p1n2/2pPn3/4P1b1/2NB4/PPQBNPPP/R4R1K w - - 9 13,a1b1 c5c4 d3c4 e5c4,1557,79,92,2564,advantage middlegame short trappedPiece
nuTcY,3rr3/pppk4/4qBQ1/3b1pN1/8/3Pbp2/2P3PP/R3R2K w - - 0 30,e1e3 f3g2 h1g1 e6e3,1393,74,95,20671,advancedPawn intermezzo kingsideAttack mate mateIn2 middlegame short
oKEqo,6k1/1p3ppp/p2b2q1/2pp4/5P2/2NPr1PP/PPP3Q1/R5K1 w - - 2 22,c3d5 e3g3 g2g3 g6g3,1215,75,97,4557,crushing endgame kingsideAttack pin short
TUCmX,r3kb1r/pp3ppp/1np5/2q1P3/2Bp1P2/P7/1PPPQ1PP/R1B1K2R w KQkq - 1 14,b2b4 c5c4 e2c4 b6c4,1353,79,87,2203,advantage middlegame short
hbZbd,r2q1rk1/ppp2pp1/3b3p/3pn3/6P1/3QP1B1/PPP2P1P/R3K1NR w KQ - 0 16,d3d5 d6b4 e1f1 d8d5,1066,76,96,1675,crushing discoveredAttack middlegame short
QJnHG,3Q4/1b3Rpk/1p6/p7/3P4/P5q1/2P5/6K1 w - - 0 36,g1f1 b7a6 c2c4 a6c4,1852,79,94,2219,balestraMate endgame mate mateIn2 short
RXyU2,1r1q4/2N1nkb1/p2Pbr2/1p2p1pp/4Pp2/1Q3P2/PP2B1PP/2R2RK1 w - - 1 22,d6e7 d8d4 f1f2 e6b3,1702,80,91,2307,crushing middlegame short
ltGZe,4r3/8/p2p4/1p3k2/3P2nP/P7/1P1NK3/4R3 w - - 6 37,e2d1 g4f2 d1c2 e8e1,1251,75,88,2262,crushing deflection endgame master short
aMfIx,1r1r2k1/p2b1pp1/5q2/1ppPN3/2Q3p1/6P1/PP3PKP/3RR3 w - - 0 29,e5d7 f6f3 g2g1 b5c4,1802,74,95,17256,crushing middlegame short
4R3ld,3r1k2/5p1Q/3Pp1Bp/1p2b1p1/6r1/2P4q/1P1RKP2/3R4 b - - 11 35,f7g6 h7e7 f8g8 e7d8,1060,76,100,583,advantage fork middlegame short
JfoWm,5K2/1p2P3/2b5/7p/2k5/7P/6P1/8 b - - 0 49,b7b6 g2g4 h5g4 h3g4,1448,77,94,8195,bishopEndgame crushing endgame short
GKfpI,r1b2rk1/1p3pp1/p2q1b1p/2p5/P7/2PP1Q1P/1P3PP1/R1B1R1K1 b - - 3 18,a8b8 c1f4 d6b6 f4b8,1372,74,96,6891,advantage middlegame short skewer
kiLHD,8/8/3R4/5Npk/5p1p/7r/6K1/8 b - - 3 68,h5g4 f5h6 g4h5 g2h3,1277,83,93,1825,crushing deflection endgame master masterVsMaster short
rsS7j,1r4k1/1q1n1ppp/2p1p3/RP1pP3/1PnP4/1Q1N1PP1/1B5P/6K1 w - - 2 26,b5c6 c4a5 c6b7 a5b3,1631,76,94,12043,crushing master middlegame short
xl4Pj,4r1k1/2p2Bpp/2n5/6R1/1p1q4/5P2/1PQr1PKP/8 b - - 0 27,g8h8 c2h7 h8h7 g5h5,1397,77,94,4249,attraction mate mateIn2 middlegame pillsburysMate sacrifice short
hH3aY,6k1/1r2r2p/p5p1/8/P1PNP3/1Pn4P/2Bb2P1/4RRK1 w - - 1 29,e1a1 d2e3 g1h1 e3d4,1214,79,89,1257,advantage fork middlegame short
JAXkS,r3rk2/1pp2pb1/p1b1p1Q1/8/3qN3/3B4/PPP3PP/5R1K b - - 1 20,c6e4 g6f7,1006,76,100,621,mate mateIn1 middlegame oneMove
2seCv,r6r/ppk1nQpp/2nb4/8/3P1B2/5NP1/PPP4P/R3KB1q b Q - 0 14,h1f3 f4d6 c7d6 f7f3,1135,75,97,3105,crushing discoveredAttack middlegame short
J6MIN,r1b1k2r/ppp1bppp/5q2/8/1n1PQ3/4B3/PPP2PPP/RN2KB1R w KQkq - 3 11,c2c3 c8f5 e4b7 b4c2,1472,74,88,1440,advantage opening short
xKQG6,8/5P2/8/8/8/1k1p3P/2p5/3K4 w - - 0 52,d1c1 b3c3 h3h4 d3d2,1702,80,96,14340,advancedPawn endgame mate mateIn2 pawnEndgame short
pF4Dm,r1b2rk1/p4ppp/4p3/3p4/8/P2B4/1qP2PPP/R2QR1K1 b - - 1 14,c8b7 a1b1 b2a3 b1b7,1652,74,95,26354,advantage middlegame short skewer
hp68t,8/8/4k3/P2R4/4K3/r7/8/8 w - - 6 49,e4d4 a3a4 d4c5 a4a5,1100,82,90,749,crushing endgame interference rookEndgame short
WXmxX,2rqr1k1/5pbp/p1np2p1/1p1N1b2/8/2P5/PPN1BPPP/R2Q1RK1 w - - 4 16,a2a4 f5c2 d1c2 c6d4,1991,80,93,902,crushing master opening short
UdzlO,4rk2/pp4pQ/5q2/2n1N3/5n2/2PP3P/P4P2/R4RK1 w - - 0 25,f1e1 e8e5 e1e5 f6e5,1986,78,90,1435,advantage middlegame short
oLupc,3q2k1/1Q2pr2/p2p1b2/3P1p1p/8/7P/P1N3P1/5RK1 w - - 0 36,f1f5 e7e6 b7f7 g8f7,1754,77,95,11484,crushing endgame master short
r43ah,3Q4/5p1p/pp4pk/4q1B1/7P/8/6P1/6K1 b - - 11 41,h6h5 d8d1 e5e2 d1e2,1664,76,94,3562,endgame master mate mateIn2 short
2GQqb,1r1b1n2/1q1r3k/2pnpPpN/4p1Pp/4P2P/2N1B3/PPQ5/1KR4R w - - 3 29,c1d1 d6c4 d1d7 f8d7,1800,74,92,1584,advantage master middlegame short
dLpxl,4Q3/q5pk/2npp2p/1p2p3/4P3/2PP3P/r4PPN/1R4K1 w - - 6 27,e8c6 a7f2 g1h1 f2g2,1007,81,95,5479,endgame mate mateIn2 short
UJZHT,r1b1kb1r/ppp1pppp/2n2n2/1N2q3/8/3BB3/PPP2PPP/R2QK1NR b KQkq - 5 7,a7a6 g1f3 e5b5 d3b5,1613,75,100,1337,advantage opening short
fqaTu,8/1pp3rp/p3kP2/7R/2r3P1/6KP/2P1R3/8 b - - 0 35,e6f6 h5f5 f6g6 e2e6,1436,80,94,789,endgame mate mateIn2 rookEndgame short
yhCEy,4R3/3k3p/2p5/2P1n2B/4p1p1/3bP1P1/1r3r2/2R1N1K1 w - - 5 42,e8e5 f2f1,1104,76,99,912,master mate mateIn1 middlegame oneMove operaMate
TMDkf,6k1/5pp1/P6p/4p3/1Pp3Pq/2P4r/3r1PQ1/R3R1K1 w - - 0 33,e1e5 h3h1 g2h1 h4f2,1864,76,100,857,deflection endgame mate mateIn2 sacrifice short
xwsiA,2r3k1/1pb5/2p1p1p1/7p/5P1Q/2N2KPP/PPP5/3n4 w - - 0 31,c3d1 c7d8 h4d8 c8d8,1563,74,86,3624,advantage endgame short trappedPiece
BULyM,6k1/4ppbp/3p2p1/1P1P4/8/3KP1nP/2N3P1/8 b - - 0 40,e7e6 b5b6 e6d5 b6b7,1302,79,93,9946,advancedPawn advantage endgame short
aDlyM,3r4/3r2pp/p1R2p2/3npk2/1P6/P2RBP1P/4KP2/8 w - - 1 31,c6a6 d5f4 e3f4 d7d3,1601,77,96,28681,advantage discoveredAttack endgame fork master short
D63jq,1nbq2rk/2p3p1/1pP1p1QR/1P1pPp2/1r1N1P2/4P3/4B3/6RK b - - 0 42,g7h6 g6h6,1035,83,90,645,kingsideAttack mate mateIn1 middlegame oneMove
TiyvH,1k1r1bnr/pbp3p1/1pnppq1p/1B6/4P3/2NQBN2/PPP2PPP/R4RK1 w - - 4 11,b5a6 c6b4 d3b5 b4a6,1424,76,96,29383,advantage middlegame short
d9nh9,8/1p6/2p2kp1/2P4p/1P3K1P/8/6P1/8 b - - 2 41,f6f7 f4e5 f7e7 g2g3,1999,76,89,1898,crushing defensiveMove endgame pawnEndgame short zugzwang
MgkSB,2kr1b1r/pp3ppp/8/q7/1n2b3/2N2N2/PP3PPP/R1Q1KB1R w KQ - 0 16,c3e4 b4c2 e1e2 a5b5,1857,77,90,696,discoveredCheck doubleCheck mate mateIn2 opening short
0SSvu,2r2nk1/ppp1R1pp/6r1/2p1p3/2P1P3/3P4/PP1B4/4KR2 b - - 2 25,g6e6 f1f8 c8f8 e7e6,1442,78,91,776,advantage endgame kingsideAttack short
LeWDz,2r2rk1/3R1ppp/5q2/2p1p3/2Q5/3PP2P/1P4P1/R5K1 b - - 1 29,f6e6 c4e6 f7e6 a1a7,1194,80,90,1132,crushing endgame short
wMWYM,r4rk1/1p3pbp/2bRp1p1/p1n5/P3P3/2P1NN1P/1PB2PP1/5RK1 b - - 0 19,c5e4 d6c6 b7c6 c2e4,1623,78,92,1572,capturingDefender crushing intermezzo master middlegame short
qvHvZ,4rkr1/p1q2pp1/1pN1pb1p/1Pp1n2P/1P4B1/P3P1Q1/4K3/3R2R1 b - - 22 34,c7b7 c6e5 f6e5 g3e5,1205,82,94,10501,crushing middlegame short
VfhtS,8/5R1p/3p2pk/3BP3/5P2/5Q1P/1rr3PK/4q3 b - - 0 38,d6e5 f3g4 c2g2 d5g2,1991,75,93,590,crushing endgame master short
Q4ssb,3rk2r/p1pbnppp/3q4/2bN4/4Q3/8/PP1PBPPP/R1B2RK1 w k - 7 16,e2d3 d6d5 e4d5 e7d5,1751,77,93,1966,advantage middlegame short
K17NA,5rk1/2qbb1pp/2p1p3/2PpN3/p2P1r2/4N3/PP4PP/1R1Q1RK1 w - - 2 21,d1a4 c7e5 d4e5 f4a4,1955,79,91,591,crushing middlegame short
HeFMt,5k2/1q1b1p2/1r6/3pPpQP/p2N4/1P6/P4P2/3R2K1 w - - 3 34,h5h6 b6g6 g5g6 f7g6,1420,74,94,20827,advantage endgame pin short
BH799,6r1/p6k/8/1p6/1P1pPr1n/P1pP1P1P/2P3B1/4RRK1 w - - 0 43,f1f2 h4f3 f2f3 f4f3,1371,76,99,3940,advantage endgame fork pin short
3XS3r,r2q1rk1/4bpp1/p2p1n1p/1p3N1b/PPp1P3/1BPQ3P/5PP1/R1B1R1K1 w - - 0 18,f5e7 d8e7 b3c4 b5c4,1237,89,92,1261,advantage middlegame short
LTh76,r1bqk1nr/1p2b3/p1npp2p/4Npp1/1P1P1B2/P1PB3N/5PPP/R2Q1RK1 b kq - 1 18,g5f4 d1h5 e8f8 h5f7,1176,77,95,20594,mate mateIn2 middlegame short
0fgAG,4k3/p2n1pp1/B1Pbp1p1/B7/5qP1/P6r/2P2PK1/R2Q4 w - - 0 26,g2h3 f4h2,1038,77,96,1228,mate mateIn1 middlegame oneMove
y2Ajq,6k1/1q4p1/3P3p/4Bp2/4p3/1rP3QP/p4PP1/2R3K1 w - - 0 35,d6d7 b7d7 g3e3 b3b1,1718,73,95,19008,advantage endgame short
sV390,8/pp6/2pk3R/8/1P2pNP1/2P1KnP1/2r5/8 b - - 5 49,d6e5 h6e6,1151,80,91,3262,endgame hookMate master masterVsMaster mate mateIn1 oneMove
53zwn,2k3r1/1pp2N2/8/R7/7P/br4PK/6R1/8 b - - 0 30,b7b6 a5a8 c8b7 a8g8,1031,82,91,594,crushing endgame short skewer
27cPr,4r3/P7/2kRp2p/4Pp2/5PpP/r3B1P1/3K4/8 b - - 4 55,c6b5 d6b6 b5c4 b6b8,1650,74,94,575,crushing endgame master short
3MiaE,1Q6/p3q1k1/3p2p1/3b3p/8/7P/6P1/5R1K w - - 0 38,f1c1 d5g2 h1h2 e7e5,1981,79,90,860,crushing endgame short
COFvr,8/6k1/R6p/5K2/5PP1/8/p7/r7 b - - 0 63,g7h7 a6a7 h7g8 f5g6,1660,77,93,3576,crushing endgame rookEndgame short
WRN7H,3r2k1/p4pp1/1p1q1np1/8/3r4/PQ3B1P/1P3PP1/3RR1K1 b - - 5 22,d4d2 d1d2 d6d2 e1d1,1592,77,93,2076,clearance crushing master middlegame short
PINEx,r1bb1rk1/ppq2p1N/2p1pn1Q/8/2PP4/3B4/PP3PPP/R4RK1 b - - 4 17,f6g4 h6f8,1748,77,95,3215,kingsideAttack mate mateIn1 middlegame oneMove
rbsMJ,r2q2r1/pb1nbp1k/1p2p3/2ppN2p/3P1P2/2P1P2R/PP1N3P/R1BQ3K b - - 1 15,d7e5 d1h5 h7g7 h5h6,1657,74,95,8004,dovetailMate fork mate mateIn2 middlegame short
XJvIU,rnb1kb1r/pp2qppp/2p5/3pN3/3Pn3/1B6/PPP2PPP/RNBQK2R w KQkq - 0 7,f2f3 e7h4 g2g3 e4g3,1467,78,90,2578,crushing opening short
xb75j,6k1/p3R3/1p6/2p3pp/3bB3/1P2n1PK/P1P1r3/8 b - - 5 39,e3g4 e4d5 g8f8 e7e2,1884,76,96,4074,advantage discoveredAttack endgame master short
ya93b,r1q1kb1r/1p3ppp/p1n1p3/3pP3/Q2N1Pb1/1NP1B3/PP4PP/R4RK1 w kq - 0 15,b3a5 b7b5 a4c2 c6a5,1395,75,91,3108,advantage middlegame short
3kgE5,5r2/5k2/2p2npp/1pRb1p2/1P1P1P1P/r2BP3/3NKP2/6R1 w - - 0 28,d2f3 d5f3 e2f3 a3d3,1668,75,93,3521,advantage master middlegame short
HqH40,rn1qk2r/ppp1n1pp/5p2/b2p4/3N2b1/P4P2/1BPPP1PP/RN1QKB1R b KQkq - 0 8,g4h5 d4e6 d8d6 e6g7,1016,85,93,1196,crushing opening short
5rbSp,r4qk1/5r1p/p2R4/1p1P2p1/2p2B1b/4Q3/PPP2PPP/3R2K1 w - - 1 23,f4e5 h4f2 e3f2 f7f2,1144,81,94,1215,crushing fork middlegame short
5fR8p,3r4/pp2pk2/2n3pB/2P3N1/q7/2b5/4RPPP/1Q1r1RK1 b - - 1 22,f7f6 e2e6,1280,76,98,5584,master masterVsMaster mate mateIn1 middlegame oneMove pillsburysMate
a0EcZ,r2q3k/2p3p1/p2p3p/P1p5/4PQ2/2B2n1P/2P1KP2/3R2r1 b - - 2 31,g1d1 f4h6 h8g8 h6g7,1551,79,95,27656,endgame mate mateIn2 pin short
a0bKE,2rk3r/3bq3/4p1Qp/3pP3/3Nn3/5R2/4N2P/4R2K b - - 7 34,e7g5 d4e6 d7e6 g6e6,1598,76,90,1464,crushing fork master middlegame short
pLems,1k1r3r/2pq4/1p3p2/2Q1p3/P1P4p/3P1PP1/5PKP/RR6 w - - 0 23,a4a5 h4g3 h2h4 h8h4,1813,74,94,13548,crushing endgame short
ZWHz8,5k2/R6R/3N3p/3bp3/1p1n4/1rp3P1/7P/4K3 b - - 1 38,b3a3 h7h8 d5g8 a7f7,1425,76,99,3046,endgame mate mateIn2 pin short
BJepk,r3r1k1/p2q3p/3p2pB/4p2n/3pP3/PQ6/1PP3PP/1R3R1K b - - 1 22,d7e6 f1f8 e8f8 b3e6,1131,77,95,11052,crushing deflection kingsideAttack middlegame short
q7j1D,5rk1/4R2p/3Q2p1/p1pP4/PpPp4/1P5P/6PK/5q2 b - - 2 34,f1f4 d6f4 f8f4 d5d6,1608,75,94,3360,advantage endgame master short
005nD,3rk2r/2qn1pp1/p1Q1R3/3n3p/8/8/PP4PP/5R1K b k - 0 23,f7e6 c6e6 d5e7 e6f7,1111,75,96,1417,fork mate mateIn2 middlegame short
P073A,r2qk2r/1p3pQp/2pp1n2/p1b1p3/P3P3/3P4/BPP1bPPP/R1B2RK1 b kq - 0 12,e2f1 g7f7,1626,82,88,1673,attackingF2F7 mate mateIn1 middlegame oneMove
FSdxO,6k1/p4p1p/1p2q1p1/2rbQ3/8/1B5P/P4PP1/3R2K1 w - - 1 29,d1d5 e6e5 d5e5 c5e5,1732,74,96,4105,advantage endgame short xRayAttack
ISgPT,5r2/2p2k2/1p3p2/p1PP1qp1/P7/2Q2p2/1P2rP1R/K6R b - - 0 30,f5e5 h2h7 f7g8 h7h8,1136,79,88,1060,crushing endgame short
CK28F,1r4k1/5pp1/1q5P/2pPpP2/Q3P2b/2N3R1/1P6/2B1K3 w - - 1 30,e1f2 c5c4 f2f3 h4g3,1209,76,88,695,advantage discoveredAttack discoveredCheck middlegame pin short
BBw8i,qr4k1/p1p1rp1p/P1Qp2p1/1Pp5/2P5/4P3/1R3PPP/4R1K1 w - - 11 28,e3e4 a8c6 b5c6 b8b2,1085,88,94,851,crushing endgame short
VP8a6,8/5k2/1Q1pr1p1/2pR1p2/4p3/6P1/4qP2/3R2K1 w - - 0 46,d5d6 e2d1 d6d1 e6b6,1425,76,97,3196,advantage endgame short
ZDPRO,8/1p3pk1/4p1p1/1P6/1Q1PP2p/4n1qP/6P1/4R1K1 w - - 1 33,b4d2 e3g2 d2g2 g3e1,1697,75,92,817,advantage deflection endgame short
tJnAj,r1bq1rk1/p1p2p1p/1p1P2p1/7P/4pPP1/P1B5/1PP1B3/2KR2NR b - - 0 19,c7d6 h5g6 f7g6 e2c4,1363,76,96,1659,crushing middlegame short
bgcri,8/5pk1/p2p2p1/1ppPp1q1/4P1N1/1P4Q1/P1PK4/8 w - - 1 30,d2c3 f7f5 e4f5 g6f5,1817,75,93,2218,crushing endgame short
bs3Dh,2k5/1pp5/p1b1pp2/3p4/P2P4/2PBPq2/5Qr1/R4KNr w - - 0 28,f2f3 h1g1,1063,77,97,2006,blindSwineMate mate mateIn1 middlegame oneMove
0UF2O,8/pR4p1/5kp1/2N2n1p/2P4P/7K/P3rP2/8 b - - 0 45,e2f2 c5e4 f6e5 e4f2,1048,77,89,509,crushing endgame fork master masterVsMaster short
nTAjd,8/KQ6/6pk/P6p/3q3P/8/8/8 w - - 20 91,a7a8 d4d8 a8a7 d8a5,1212,76,100,1475,crushing endgame queenEndgame short
wO2al,1r3rk1/pq2p1b1/6p1/2p2p1p/Q1Nn1P1P/6P1/PP3P1N/3R1RK1 w - - 2 24,b2b3 d4e2,1023,79,94,613,mate mateIn1 middlegame oneMove
9CVfo,2b5/p4pkp/2P1pbp1/8/5q2/P2Q4/6BP/3R3K w - - 0 37,d3d6 f6e5 d6e5 f4e5,1324,90,92,660,crushing endgame master short
BQ1Fb,4r1k1/2p2p1p/2Bb2p1/r5q1/3Q4/1PR1P1P1/P6P/5RK1 b - - 6 25,e8e3 c3e3 g5e3 d4e3,1525,76,88,4111,crushing middlegame short
t29LF,4B1k1/1pb2pp1/8/p1pb2q1/P5p1/1PP1P1PP/2Q5/5RK1 w - - 0 30,c2f5 g5e3 f5f2 e3e8,1595,79,94,1137,advantage endgame fork short
gEdFi,rnbqk2r/ppp3pp/5p2/2b1p3/4Q3/2Np1N2/PPP2PPP/R1BR2K1 b kq - 1 9,e8g8 e4c4 g8h8 c4c5,1747,75,97,3548,advantage fork opening short
zMOfh,6k1/pp2rppp/2p4q/4rN2/6R1/1P1P2Q1/1PP3PP/5R1K b - - 0 28,e5f5 g3b8 e7e8 b8e8,1590,75,97,3577,endgame kingsideAttack mate mateIn2 short
LgWo6,2kr1b1r/ppp3pp/4pn2/q3n3/8/2N2B2/PPPBQPPP/R3K2R w KQ - 2 12,c3d5 e5f3 g2f3 a5d5,1572,76,98,2184,advantage middlegame short
Axvy8,r4rk1/1b1p1pp1/p2b1q1p/3pN3/2P2n2/2B5/PPB2PPP/R1Q1R1K1 b - - 0 18,d6e5 c3e5 f4h3 g2h3,1086,76,96,3352,crushing middlegame short
Clgui,8/p5k1/1pp2pp1/8/Pn1P4/2P1NQ2/5PPK/4q3 b - - 0 29,e1c3 e3f5 g6f5 f3c3,1152,75,95,3289,crushing discoveredAttack endgame short
RVxB5,8/1pp1b1pk/2r5/p3p2P/P2pn3/1PB2P2/1PK5/6RR b - - 5 34,d4c3 f3e4 c3b2 c2b2,1576,76,93,997,advantage endgame hangingPiece short
8344B,4r1k1/pp3ppp/8/6qn/1PB5/P4P1P/R4BK1/1Q6 w - - 6 31,g2h2 g5f4 h2g1 f4c4,1532,76,92,1855,advantage fork middlegame short
MNeg9,1r4k1/pp1qb1pp/2ppnr2/3BP3/2P3Q1/1P2P3/PB4PP/R4RK1 b - - 0 18,f6f1 a1f1 c6d5 c4d5,1568,77,91,1934,advantage middlegame short
wc7L8,4r1k1/5pbp/2p3p1/1p1p2P1/3P2q1/5N2/PPQN4/2K4R w - - 0 29,c2c6 e8c8 c6c8 g4c8,1293,79,92,779,advantage middlegame pin short
cE4U9,8/1R6/3b1k1B/7P/pp1r4/5K2/8/8 b - - 2 51,a4a3 h6g7 f6e6 g7d4,1287,75,96,2431,crushing endgame short skewer
G1SGJ,2k5/2p1p3/1bP5/3P4/4Np1p/5P1P/4K1r1/1R6 w - - 3 36,e2f1 g2g1 f1e2 g1b1,1001,75,100,612,crushing endgame short skewer
hCTz8,1R6/1P2p3/3p2p1/4n3/5k1p/2N5/1r2B1K1/8 b - - 4 47,f4e3 c3d1 e3e2 d1b2,1237,75,99,3058,crushing endgame fork master short
mSHTP,b5k1/6bp/pp2q1p1/2p1n3/8/PPQ1P2P/1B3PP1/4RNK1 w - - 2 30,f2f4 e5f3 g2f3 g7c3,1218,76,93,1106,advantage discoveredAttack middlegame short
at93O,8/p7/R2b4/5kpp/5p2/2B4P/5PPK/3r4 w - - 4 37,a6a7 f4f3 g2g3 h5h4,1800,76,88,1285,crushing discoveredAttack discoveredCheck endgame master short
TLVj9,r2q1r1k/1pp1n1p1/p2p3p/8/P2B4/5b2/1P1Q1P1P/RN2R1K1 b - - 1 18,d8e8 d2h6 h8g8 h6g7,1322,76,100,1916,kingsideAttack mate mateIn2 middlegame pin short
bOk1L,r3qrk1/1bp2pp1/p1n4p/1p1BP3/1b2N3/2Q2N1P/PP3PP1/3RR1K1 w - - 2 20,d5c6 b4c3 c6e8 c3e1,1655,74,86,1171,advantage middlegame short
dedq1,4b3/4Q1pk/4pB1b/2pr3q/8/PP1P3P/2P1p3/1K4R1 b - - 0 34,h5h3 g1g7 h6g7 e7g7,1179,75,97,897,mate mateIn2 middlegame short
9mSVY,r4r2/ppp3pk/4Qn2/8/3B2pP/2P2q2/P7/2K2RR1 b - - 3 26,f3d5 f1f6 d5e6 f6e6,1673,76,97,1422,advantage middlegame short
OjPOr,6k1/5ppp/4pn2/1pP5/rN5r/4N3/P3nPPP/1R3R1K w - - 1 25,b4d3 h4h2 h1h2 a4h4,1344,80,91,1049,anastasiaMate attraction kingsideAttack mate mateIn2 middlegame sacrifice short
rV0Dv,8/pp3pk1/6pB/7p/2P1q1NQ/2br2PK/P6P/8 b - - 1 38,g7g8 g4f6 c3f6 h4e4,1742,76,98,2914,crushing discoveredAttack endgame fork master short
F5vg7,r2qkb1r/1bpppppp/n4n2/4Q3/3P4/2N5/1PP2PPP/R1B1KBNR b KQkq - 3 8,d7d6 e5b5 f6d7 b5b7,1410,81,93,2637,crushing fork opening short
yJhpC,r3r1k1/1R3pbp/p4np1/2p1p3/2P5/P1NPBPPq/4P2P/3Q1RK1 w - - 1 19,e3c5 h3c8 d1b3 c8c5,1998,78,92,1904,advantage fork master middlegame short
1Qj7X,5r2/2R1n1kr/4b3/3p4/1p1Pp1p1/1B2NpP1/PP3Q1q/6RK w - - 0 44,f2h2 h7h2 h1h2 f8h8,1452,79,95,28975,attraction kingsideAttack mate mateIn2 middlegame short
cO8f5,4r1k1/5ppp/p2b4/3q4/2bP4/1P3PP1/3N3P/R1B2QK1 w - - 0 28,b3c4 d5d4 g1g2 d4a1,1043,78,96,1671,advantage fork middlegame short
lFhsf,8/5k1p/3pp1p1/8/3P3Q/8/P1Pq1KPP/8 w - - 11 34,f2g3 d2e3 g3g4 h7h5,1860,76,92,1614,crushing endgame queenEndgame short
p2jyx,r3k3/2p1bpp1/p2qp1p1/3p4/3P2P1/2P1P2r/PP1B1P2/R2Q1RK1 w q - 0 16,g1g2 d6h2,1062,76,100,794,mate mateIn1 middlegame oneMove
kdWFc,8/1Q2Rppk/p1p4p/P1Pp4/3PnP2/4BqPb/1P4pP/4R1K1 w - - 3 31,e7f7 f3f1 e1f1 g2f1q,1150,80,93,3415,advancedPawn kingsideAttack mate mateIn2 middlegame promotion short
gLXo6,r3r1k1/1p1b1pp1/p1nq3p/3p4/P2P4/1Q3NNP/1P3PP1/R3R1K1 w - - 3 21,b3b7 e8b8 b7a8 b8a8,1729,76,91,937,crushing middlegame short trappedPiece
wlDV6,1r3rk1/p4ppp/b1pb1q2/4p3/3PP3/2P3P1/4NPBP/1R1QR1K1 w - - 4 18,d1a4 b8b1 e1b1 a6e2,1641,77,91,4541,crushing middlegame short
h4u8X,5r1k/5R2/5B1p/p1p5/Pp3N2/1n5P/5PPK/1r6 b - - 2 36,h8g8 f7g7 g8h8 f4g6,1324,76,90,2394,endgame mate mateIn2 short
fseIo,3rr1k1/5p2/1p3pp1/p1q5/P2R4/3R1P2/1P1Q2PP/6K1 w - - 1 29,h2h3 d8d4 d3d4 e8d8,1828,77,96,5806,crushing endgame master pin short
66SeH,8/8/2p2p2/N1b1p1p1/p3P2p/2PKP2P/k5P1/8 b - - 1 48,a4a3 d3c2 c5e3 a5c6,1837,77,93,3277,crushing endgame short
GIrk0,7k/1b2qp2/p3pR1p/1p2Q3/8/P6P/1P4PK/3r4 b - - 1 33,e7d6 f6h6 h8g8 h6h8,1614,75,94,17884,discoveredCheck doubleCheck endgame mate mateIn2 short
KVs9F,r4r2/p1p2kp1/1p1p1p1p/3P1N1b/n1PQPPq1/4R3/P5PP/5RK1 b - - 2 30,h5g6 h2h3 g6f5 h3g4,1996,88,91,2033,crushing middlegame short
NI5cT,1r6/1p2b2p/p1n1k3/2p5/5B2/7P/R3K3/3R4 b - - 0 46,c6d4 d1d4 c5d4 f4b8,1292,79,86,1806,advantage endgame master masterVsMaster short
JvR32,1r2k1nr/p4ppp/2p1p3/3pP3/8/2N1qN2/PPP3PP/R4Q1K b k - 3 13,b8b2 c3d1 e3a3 d1b2,1676,78,95,17194,advantage fork middlegame short
9o0jv,r1r3k1/1p3pp1/p2R3p/2B5/q5P1/5B1P/1Q3P2/2K4R w - - 1 26,d6d5 a4f4 b2d2 f4f3,1962,77,95,17569,advantage fork middlegame short
fHYJm,r3kb1r/6p1/p1p1p3/2Pp1qpb/1P4N1/P3P2P/1BP2PK1/1R1Q1R2 w kq - 3 20,d1d3 h5g4 d3f5 g4f5,1146,85,92,973,advantage middlegame short
eAX1c,8/5k2/8/3pPP2/3B1K2/8/8/4r3 b - - 2 84,e1d1 e5e6 f7e8 f4e5,1454,75,93,8513,crushing endgame short
DKIOc,8/8/3R4/5P2/4n3/5k1p/7P/3K4 w - - 1 59,f5f6 e4d6 d1e1 f3g2,1333,74,97,3906,crushing endgame hangingPiece short
HPlTf,r2q1rk1/ppp2ppp/3p4/3NnQB1/2B5/8/PPP2KPP/R7 b - - 0 14,f7f6 d5f6 g8h8 f5h7,1465,77,96,8972,discoveredCheck doubleCheck kingsideAttack master mate mateIn2 middlegame short
FAB8J,6k1/pp1Q4/5q2/6pp/2P5/1P1p4/P2P2PP/7K w - - 2 29,d7d3 f6a1 d3b1 a1b1,1150,87,94,862,backRankMate endgame master mate mateIn2 queenEndgame short
LU25C,4k3/pp1r4/2pP2pp/2Pb1p2/3Rp3/B1K1P1P1/5P1P/8 b - - 8 37,b7b6 d4d5 c6d5 c5c6,1822,76,92,1739,crushing endgame sacrifice short
VVEN2,8/8/2r3pp/8/4R2P/2r3k1/6P1/4RK2 b - - 2 46,c3c2 e1e3 g3h2 e3h3,1138,77,95,13943,endgame mate mateIn2 rookEndgame short
we9I8,4r3/pp4pk/6np/3B4/2P2qP1/1P5P/P3RQ1K/8 w - - 2 35,f2f4 e8e2 h2g3 g6f4,1146,75,95,2164,advantage endgame hangingPiece intermezzo master short
GygZb,rqr1b1k1/5pp1/2n1pn1p/1pPpN3/1P1P4/2NQ2P1/2B2PP1/1R2R1K1 w - - 0 23,c3b5 c6e5 d4e5 e8b5,1616,76,96,21281,advantage discoveredAttack middlegame short
8q7Hl,3rkbnr/ppp2ppp/2n5/8/4p1b1/4PNB1/PPP2PPP/RN2KB1R w KQk - 0 8,f3e5 d8d1,1176,75,98,718,mate mateIn1 oneMove opening operaMate
lH8XU,r3k2r/5pp1/4p1b1/pPqpPn1p/Q7/5N1P/5PP1/R1B2RK1 b kq - 1 19,e8g8 c1a3 c5b6 a3f8,1358,76,91,3694,crushing middlegame short skewer
eeHFB,7r/pp5r/2p1pk2/2Rb1pp1/3P2P1/1P2P3/P4PB1/2R3K1 w - - 1 36,g4f5 h7h1 g2h1 h8h1,1468,80,94,1820,endgame mate mateIn2 operaMate sacrifice short
NisOC,3bk3/p4pp1/1np2n2/1p2pNBP/4P3/1P3P1B/P1P5/2K5 b - - 4 24,f6h5 f5d6 e8f8 g5d8,1130,82,95,12501,advantage deflection endgame short
JE0fZ,3q1r1k/1p4pp/3pB3/1prNbP2/4P3/3Q3R/PP4PP/6K1 b - - 7 26,d8a5 h3h7 h8h7 d3h3,1186,82,93,8050,attraction kingsideAttack mate mateIn2 middlegame sacrifice short
3wV6l,r1r4k/6pp/p3Q3/qb2P3/3R2B1/1P2p3/2P3PP/1KR5 w - - 0 31,c1d1 e3e2 g4e2 b5e2,1530,77,94,10067,advancedPawn crushing middlegame short
7QFFn,8/1b4k1/1q1N3p/pp2P3/4N1B1/PP6/2r3PP/4R2K b - - 0 36,b6e3 d6f5 g7f8 f5e3,1345,79,93,2766,crushing fork middlegame short
jgQz4,6K1/5R2/4p1pk/7p/1p3P2/6b1/8/8 b - - 1 49,g6g5 f7f6,1680,84,91,1714,endgame master mate mateIn1 oneMove
TcglU,5rk1/ppN2ppp/3p4/2p3q1/2B1Pn2/5P1b/PPP1Q1PP/R4R1K w - - 7 19,e2d2 h3g2 d2g2 g5g2,1187,76,96,9167,fork mate mateIn2 middlegame short
OY4AA,8/8/8/4b2R/4k3/4Bp1K/4rP2/8 w - - 7 57,h5e5 e4e5 h3g3 e5e4,1304,78,88,1569,crushing endgame hangingPiece short
ZYapC,2krr3/1pp2p1p/p4n2/2b1nN2/8/1QP2P1N/PP4PP/R3KB1R w KQ - 3 20,f5h6 e5f3,1763,84,90,3487,discoveredCheck doubleCheck mate mateIn1 middlegame oneMove pillsburysMate
IAcYv,r1r3k1/1Rb5/3p2pp/p4p2/P1P1pPP1/8/4B1KP/1R6 b - - 0 35,a8b8 b7c7 b8b1 c7c8,1481,74,92,14611,advantage endgame short
yV3IM,2k5/3R4/2P5/4K3/4p3/8/8/2r5 w - - 6 64,d7d6 e4e3 d6d3 e3e2,1645,78,93,911,advancedPawn crushing endgame rookEndgame short
r0Zhd,2kr3r/1pp3pp/pbnq4/4pb2/1P6/P2P1N1P/1B2BPP1/R2Q1RK1 b - - 1 15,d6g6 f3h4 g6g5 h4f5,1550,75,96,1840,advantage middlegame short
1IroQ,2r5/p3Rp2/3p4/1k1P4/1PpQ1PbP/P5P1/2q2K2/4R3 w - - 1 32,f2f1 g4h3 f1g1 c2g2,1184,75,96,3382,endgame mate mateIn2 short
e9dJS,8/8/3p4/3PpB2/3kP3/1n3K2/8/8 w - - 8 54,f3g4 b3d2 f5g6 d2e4,1685,75,89,1129,crushing endgame master short
aa90j,5nk1/6b1/1p1B2p1/4p1Q1/q1PpP3/3P2PB/5RK1/r7 b - - 0 33,a4d1 f2f8 g8h7 g5h4,1506,75,90,595,crushing master middlegame short
zxZNk,6k1/p2Q1p2/1pN2bnp/6p1/q3P3/6P1/3R2KP/8 b - - 5 33,a7a5 c6e7 f6e7 d7a4,1605,76,100,1916,crushing discoveredAttack endgame short
GUfay,3r4/6pp/5bk1/2p4P/p5P1/3pN1K1/P2R1P2/8 b - - 0 34,g6g5 f2f4 g5h6 e3f5,1501,76,89,536,endgame mate mateIn2 short
EGJtn,r3r2k/pbp3pp/5p2/2p2P2/2B5/2P1R2R/P3QKPP/2q5 b - - 0 27,e8e3 h3h7 h8h7 e2h5,1624,75,100,749,attraction kingsideAttack mate mateIn2 middlegame sacrifice short
zBU1G,8/1R6/7P/1pk3P1/8/p6r/4K3/8 w - - 0 47,h6h7 a3a2 h7h8q h3h8,1340,76,96,3223,advancedPawn crushing endgame rookEndgame short
6qg8G,8/8/2p1k3/8/R4P1P/p1P5/7r/1K6 b - - 2 41,h2h4 f4f5 e6f5 a4h4,1192,75,95,6849,crushing discoveredAttack endgame master rookEndgame short
qeHrS,r1bq2kr/pp4p1/2p5/3pN2p/1Q1Pn3/8/PP3PPP/RN3RK1 w - - 0 14,b1d2 a7a5 b4a3 e4d2,1669,75,86,972,advantage middlegame short
MXcEt,r3r1k1/pp3ppp/1qn2n2/2bpN2b/8/2PB1N1P/PPQ2PP1/R1B1R1K1 b - - 1 14,c5f2 c2f2 b6f2 g1f2,1124,76,96,2342,advantage middlegame short
f4HvT,r2qk2r/ppp2ppp/2p5/2b4n/4P1b1/3B1P2/PPPP2PP/RNBQK2R w KQkq - 1 8,f3g4 d8h4 g2g3 h5g3,1274,75,100,610,crushing opening short
prfTh,8/1r4k1/p1r1pp2/2Pq2b1/1p1P2Pp/3Q4/3BR2P/4R1K1 b - - 1 45,c6c5 d2g5 d5g5 d4c5,1754,76,88,508,advantage master middlegame short
rR78P,8/1Rp4p/k1P2np1/4bp2/P7/7P/5PP1/6K1 b - - 3 30,a6a5 b7b5 a5a4 b5e5,1652,75,88,1043,crushing endgame fork short
M1tew,2kr1b1r/1pp4p/p1np1p1n/3Np1p1/2B1P1qN/3PB1Pb/PPP2P1P/R2QR1K1 w - - 0 14,d5f6 g4d1 e1d1 g5h4,1406,78,86,1878,advantage middlegame short
42beY,2b1k2r/p2n1ppp/4pn2/1p1p4/2PP4/2P1P1q1/P1B5/RNBQK2R w KQk - 0 16,e1d2 g3g2 d1e2 g2h1,1925,78,92,1544,advantage deflection middlegame short
k11fm,8/pR6/8/2b3pk/P7/R1P4K/2r4P/8 w - - 3 35,a3b3 g5g4 h3g3 c5d6,1612,77,96,9938,endgame mate mateIn2 short
kulET,8/r6k/6pp/P1p1pQ2/4Pp2/3P1PqP/1r4P1/R4RK1 w - - 0 32,f5g4 b2g2 g1h1 g3h2,1248,74,99,1659,endgame mate mateIn2 short
TBlkm,r2q1rk1/ppp1bppp/2np1n2/8/3P4/2NBP2Q/PPP2PPP/R3K2R b KQ - 4 10,d8d7 d3h7 f6h7 h3d7,1589,76,95,2175,advantage deflection kingsideAttack middlegame short
GOpU5,r4r2/5pk1/p2q4/1p2p3/4B1b1/6P1/PPQ2P2/R4K1R b - - 2 30,f8h8 e4a8 h8h1 a8h1,1826,76,92,1272,crushing middlegame short
YW2A9,r1b2rk1/2p2p1p/p1qb1p2/1pp3B1/8/2N5/PPP1QPPP/2KR3R w - - 0 15,g5f6 d6f4 c1b1 c6f6,1120,86,94,3151,advantage discoveredAttack middlegame short
7zY1d,3r2k1/2r2b1p/4p1pP/4P1N1/1n2BPP1/R1nP3N/2p1K3/2R5 w - - 10 46,e2d2 c3b1 d2e3 b1a3,1915,79,91,526,advantage fork master middlegame short
j9QQt,6kr/ppp3p1/4r2p/3p4/3Q4/2K4P/PPP1qP1P/R1B4R w - - 3 19,c1e3 e6c6 c3b4 c6c4,1857,77,95,5769,crushing middlegame short
fmMiA,r7/4k2p/4pp2/1p1p3B/1Pp5/6QP/r1q3PK/8 b - - 3 47,c2f5 g3c7 e7f8 c7f7,1462,77,97,16557,endgame mate mateIn2 short
5tihU,5rk1/1p3ppp/1pn5/3B4/1P1Pr1n1/BQ2P2q/5P2/R1R3K1 w - - 0 24,d5e4 h3h2 g1f1 h2f2,1037,77,100,1430,kingsideAttack mate mateIn2 middlegame short
mwOs5,3b4/B5p1/3k1pp1/1Pp5/2P1KP2/8/8/8 b - - 1 41,d8c7 b5b6 c7d8 b6b7,1230,76,93,830,advancedPawn bishopEndgame crushing endgame master short
nTykr,4k3/1qRn1ppp/3Q4/1b1p4/3P4/5P2/P5PP/K7 b - - 1 26,b7b8 c7d7 b8d6 d7d6,1471,75,89,3639,crushing endgame short
7fBzj,3r3r/1p5p/p4kp1/2P2p1P/1P2p2b/P1P3N1/1nN3PK/3R1R2 w - - 3 34,d1d8 h4g3 h2g3 h8d8,1953,80,91,1340,advantage intermezzo middlegame short
rwC3P,r1bqk2r/pp3ppp/2n1p3/2PpPn2/3P4/P4N2/5PPP/R1BQKB1R w KQkq - 1 12,f1b5 d8a5 e1f1 a5b5,1068,76,96,8256,advantage fork opening short
CQza5,r2Nk2r/ppp3p1/2np4/4p3/2B1n3/2NP4/PPP2bP1/R1BQ2K1 w kq - 0 13,g1f1 h8h1 f1e2 c6d4,1967,78,87,833,mate mateIn2 middlegame short
Qf4fB,8/1p6/7p/p2k3P/5K2/PP6/8/8 b - - 1 39,d5d4 f4f5 b7b5 f5g6,1123,82,93,6787,crushing endgame pawnEndgame short
yhSE5,8/p1p2n1p/1p2N1k1/8/2P3Q1/5PK1/8/q7 b - - 7 36,g6f6 g4g7 f6e6 g7a1,1483,79,91,1244,crushing endgame master short skewer
hrLv3,r7/1p2kp1R/8/1p1p2r1/3P4/P1PpP3/8/5R1K b - - 3 36,d3d2 h7f7 e7d8 f7f8,1510,77,94,860,advantage endgame rookEndgame short
INdEV,8/1p6/p3p1p1/2PpPbPp/2kP3P/2B5/1P1K4/8 w - - 9 44,c3a5 c4d4 c5c6 b7c6,1335,76,98,3373,advantage bishopEndgame endgame short
u9xRS,r2q1rk1/ppp1bppp/2npbn2/3N4/2B1PB2/3P1Q2/PPP3PP/2KR2NR b - - 4 9,e6g4 d5f6 e7f6 f3g4,1144,90,94,1600,advantage kingsideAttack opening short
dWa6y,8/8/8/7P/k1K3P1/1p6/8/8 w - - 0 73,c4c3 a4a3 g4g5 b3b2,1015,77,99,901,advancedPawn crushing endgame pawnEndgame short
FuKS6,r3kbnr/5pp1/p1b1p3/4P3/1p3P1q/1N1P4/PPPBQ1BP/R3K2R w KQkq - 1 17,e2f2 c6g2 f2h4 h8h4,1593,76,95,22521,crushing master middlegame pin short
sWZtZ,rn1q1rk1/pp1bbppn/3p3p/3Pp3/4P2B/2NB3P/PP3PP1/R2QK1NR w KQ - 1 11,g1f3 e7h4 f3h4 d8h4,1116,82,89,605,crushing opening short
bTSdK,8/1p6/2p5/p3R1kP/2Pr1nP1/1P4K1/8/8 b - - 0 44,g5f6 e5f5 f6g7 f5f4,1112,83,92,956,advantage endgame short
g1Y8W,r4r2/5ppp/1pkNp3/p1bpP3/P5b1/4B3/1P1R1P1P/2R3K1 w - - 0 22,e3c5 b6c5 d2c2 c5c4,1180,79,86,903,advantage defensiveMove middlegame short
eLs6f,5r1k/3rq1p1/2p1p2p/4Pp2/1nQ5/2N2PPK/7P/3R1R2 b - - 1 31,f8c8 d1d7 e7d7 c4b4,1155,89,92,1286,crushing master middlegame short
3ed8q,r2r3k/1p2q1b1/2pNb1pp/p6n/P1N1Rp2/1QP5/1P2PPBP/5RK1 b - - 9 26,d8d6 c4d6 e6b3 e4e7,1165,75,95,4756,advantage middlegame short
nGIxw,2r2rk1/1p4pp/p2bpp2/nq1p4/N2P4/P3PNP1/1P3PP1/2RQ1RK1 w - - 3 18,f3d2 c8c1 d1c1 b5a4,1362,76,94,30642,advantage middlegame short
72gtT,8/8/2p1k3/1p1rp1p1/pR1PKp1p/P1P2P1P/2P5/8 b - - 3 45,c6c5 b4b5 e5d4 b5b6,1901,78,92,1484,advantage endgame rookEndgame short
EKxhX,5r1k/p5pp/5qb1/3B4/5pP1/bP1p4/P2P1P1P/R2QR1K1 w - - 2 28,f2f3 f6d4 g1g2 d4d5,1087,80,90,710,advantage fork master middlegame short
8JO19,1r2k2r/2Nnpp2/3p1p2/p2P2bp/1qpN4/4P2Q/PP3PPP/1K1R3R b k - 3 22,e8d8 d4c6 d8c7 c6b4,1290,79,94,4179,advantage fork middlegame short
RGncM,2k1r1r1/pp3R2/5Np1/3Ppn1p/8/8/PPPK2R1/8 b - - 3 25,e8e7 f7e7 f5e7 f6g8,1693,78,95,19663,crushing endgame short
fy48I,r1b2r1k/ppp3p1/1b3n1B/5pQ1/8/1BN2q1P/PP3P2/R4RK1 b - - 1 18,f6h5 h6g7 h5g7 g5h6,1233,75,96,3665,fork mate mateIn2 middlegame sacrifice short
VLeOI,r3k2r/1b1pbppp/ppq1pn2/6B1/P3P3/3B1P2/1PP3PP/RN1Q1RK1 w kq - 3 12,b1c3 c6c5 g1h1 c5g5,1270,77,91,1637,crushing fork middlegame short
rkA9T,5Q2/1p6/p2kp3/5p2/2p2R2/1P2r3/P1Prq1PP/5R1K b - - 13 35,d6c7 f4c4 e2c4 b3c4,1372,75,96,2628,crushing endgame master short
SzAhP,r6r/ppq2k2/2b2n2/5N1p/3P3P/2PB1Pb1/PPQB2Pn/R5KR w - - 3 22,f5g3 h2f3 g1f2 f6g4,1979,78,91,2724,crushing kingsideAttack middlegame short
SrCSO,3k4/pp5R/3B4/3b2r1/3P1K2/8/Pr4PR/8 b - - 1 30,b2g2 d6e7 d8c8 e7g5,1802,74,96,16126,crushing endgame fork master short
jhY5M,k2r4/1p2b3/7p/1N3r2/P1Q5/1P6/K1Rq4/8 b - - 3 48,d2a5 c4c8 d8c8 c2c8,1477,78,96,19805,master mate mateIn2 middlegame sacrifice short
ksbee,6b1/8/7p/1kp1N1p1/4K1P1/5P2/7P/8 w - - 4 43,e5d3 g8h7 e4e3 h7d3,1891,75,87,998,crushing endgame short
bG45y,6k1/pR3R2/3q2p1/Q7/4r1Kp/7P/P4PP1/7r w - - 2 30,g4g5 e4e5 a5e5 d6e5,1283,76,86,1604,crushing endgame fork short
GQiaA,8/p7/8/3B4/P7/4bPk1/6rp/5R1K w - - 3 44,f3f4 g2g1 f1g1 h2g1q,1163,76,100,936,advancedPawn endgame mate mateIn2 promotion short
5AmES,5r1k/1pp3pp/8/pP1P4/6Q1/1B4NP/P1R4K/4q1r1 w - - 14 31,c2e2 f8f2 e2f2 e1f2,1307,80,94,834,mate mateIn2 middlegame short
PtJ43,r2r2k1/pp1bq2p/3bppQR/3p4/3P4/4BBP1/P4PK1/7R b - - 0 23,h7g6 h6h8 g8f7 h1h7,1197,80,94,8705,kingsideAttack mate mateIn2 middlegame short
J79zd,2r2rk1/pbq4p/1p3ppb/4p1N1/5P1P/2P1Q3/PP1RN1P1/2K4R b - - 0 20,e5f4 e3e6 g8h8 d2d7,1493,75,94,14160,advantage middlegame short
ThDDK,r4rk1/ppp2p2/3p1bN1/4q1N1/4P2Q/8/P1P2PP1/3K3R b - - 0 23,f6g5 h4h7,1702,75,96,5758,mate mateIn1 middlegame oneMove
ilgkL,6k1/pq5p/b1p1p3/1NP1P3/P4Q2/8/6rP/1K1R4 b - - 2 34,c6b5 d1d8 g8g7 f4f6,1737,76,93,1701,endgame mate mateIn2 short
9pIPL,r7/P5p1/2k1p2p/2bp4/B4Q2/5N2/1q3PPP/6K1 b - - 6 28,c6b6 f4b8 b6a5 b8b2,1369,76,94,28891,crushing endgame short skewer
SYOYx,6k1/5p1p/2Rp2p1/3Pb3/4P3/3Q1P1P/5qP1/2rN3K w - - 3 33,c6c1 f2e1 d3f1 e1f1,1189,76,98,617,endgame mate mateIn2 short
oClCn,3r4/p7/6pk/3pp3/6Rb/2NP1P1Q/Pq2KP2/8 w - - 0 29,e2f1 b2f2,1072,76,97,1525,endgame master mate mateIn1 oneMove
khIaL,2kr2qr/ppp3p1/2n1pp2/1QN1n2p/P4R2/BP2P3/2P3PP/3R2K1 b - - 7 22,b7b6 b5a6 c8b8 a6b7,1229,76,93,549,mate mateIn2 middlegame queensideAttack short
dVYx4,r1bq1rk1/pp2ppbp/3p1np1/2p5/2B1PB2/2NPQ3/PPP2PPP/R4RK1 w - - 0 10,f4h6 f6g4 h6g7 g4e3,1325,76,86,772,advantage middlegame short
3o3oq,r3k2r/p1q1bpp1/2p4p/3p1p2/5P2/2N5/PPQ2PPP/R3R1K1 b kq - 3 16,g7g6 c3d5 c6d5 c2c7,1440,75,94,1738,crushing discoveredAttack middlegame short
rKuzn,r2q1rk1/pbpnbp1p/1p2p1p1/3nN1B1/3PN2Q/3B4/PPP3PP/R4RK1 b - - 3 13,e7g5 e4g5 d8g5 h4g5,1364,76,100,935,advantage middlegame short
bRXub,1r4rk/1b3p1p/1q1p1PpQ/4n3/pp2PR2/7P/PP4B1/R2N3K b - - 0 26,e5d7 h6h7 h8h7 f4h4,1460,74,89,1253,attraction kingsideAttack mate mateIn2 middlegame sacrifice short
4sOxD,r2q4/p2b4/1nQp1p2/kp6/PP1P3P/4Pp2/1K3P2/6R1 b - - 0 29,a5b4 c6c3 b4a4 c3a3,1203,77,91,731,endgame mate mateIn2 short
dpoMq,4r1k1/4pp1p/p2p2p1/2qPb1B1/5P2/P7/1P1Q2PP/4R2K b - - 2 25,c5d4 f4e5 d4d2 g5d2,1666,76,95,24450,crushing endgame short
IBQ6U,r1b3k1/ppp2Rpp/3p2nn/4q1NQ/4P3/2P4P/P1P3P1/R1B3K1 b - - 0 14,h6f7 h5h7 g8f8 h7g6,1321,75,91,4667,advantage fork middlegame short
pOu7E,r4k1r/pbp3b1/1p1pp1Q1/3P4/2P1PP2/2NBBR2/PP6/4R1Kq w - - 1 25,g1f2 h8h2 g6g2 h2g2,1172,76,100,1233,mate mateIn2 middlegame short
AUsSw,r5k1/ppq3pp/2pb2p1/3n2N1/3P4/1Q6/PP3PPP/4RNK1 b - - 0 21,c7b6 b3h3 h7h6 h3e6,1954,75,97,544,crushing middlegame short
LtW2D,2kr3r/1bpq1pp1/pp2p2p/8/1bNP3N/3QP1P1/PP3PP1/2RK3R b - - 2 18,g7g5 c4b6 c8b8 b6d7,1003,77,96,552,advantage middlegame pin queensideAttack short
XxCbD,r5q1/1bBp1R2/p1n1p2p/2P1k3/N3P3/8/PP4Pb/3R3K b - - 1 26,e5e4 a4c3 e4e3 f7f3,1596,75,98,901,mate mateIn2 middlegame short
be673,n3r3/p4p2/q2P3k/2P3p1/3QP2p/P7/3K3P/1R6 b - - 0 50,a6a3 d4f6 h6h5 f6f7,1574,78,98,3670,crushing endgame short
AWPrF,r3k2r/1p2bppp/pqn1bn2/1B1pN3/P4B2/1NP5/1P2QPPP/R3K2R w KQkq - 0 14,a4a5 b6b5 e2b5 a6b5,1252,75,97,1794,advantage middlegame short
eWCga,r1b1r1nQ/pp2q1pN/2n1p1k1/1N1pP3/3P3P/8/PP3PP1/R4RK1 b - - 0 21,e7h4 h7f8 e8f8 h8h4,1196,76,89,2251,crushing discoveredAttack middlegame short
8m69W,4r2k/pQ3Rpp/8/8/3q4/BB6/PP3PP1/6K1 w - - 1 24,b7a7 e8e1 g1h2 d4h4,1097,80,92,2923,endgame mate mateIn2 short
pG8sj,6k1/2r3pp/b7/P2Npr2/8/1R1p3P/5PP1/4R1K1 b - - 1 29,c7c2 d5e7 g8f7 e7f5,1031,84,89,1191,advantage endgame fork short
J8eRn,6rr/3k4/p3p3/3p3B/PP1P1Bp1/2PnP1K1/8/7R b - - 0 32,h8h7 h5e8 g8e8 h1h7,1091,78,95,2052,advantage discoveredAttack endgame short
7yS6E,2r1k2r/p2bpp2/1q1p2pb/7p/3PP3/3Q1N2/PP3PPP/RN3RK1 w k - 4 16,b2b3 d7b5 d3b5 b6b5,1083,79,88,540,crushing middlegame short
IKTEs,2Q5/3r1p2/p4kp1/1p6/7P/2K5/PP4r1/8 b - - 0 44,d7e7 c8c6 f6g7 c6g2,1155,78,95,1786,advantage endgame fork master queenRookEndgame short
2KdkJ,r5k1/2R3pp/p7/P1q4r/2b1Qp2/2b2N2/2P3PP/4R2K b - - 2 31,c5d5 e4e8 a8e8 e1e8,1147,76,98,5188,mate mateIn2 middlegame sacrifice short
TfbiT,r5k1/pp3pp1/8/q1bpr1P1/7R/3BPK2/PP3PP1/7R b - - 1 21,g7g6 h4h8 g8g7 h1h7,1376,75,86,519,blindSwineMate kingsideAttack mate mateIn2 middlegame short
ZmxkT,2kr3r/pp2np2/2pp1Qpp/2b5/2q5/N6P/PPP2P2/R1B1R1K1 b - - 3 17,e7d5 f6d8 c8d8 a3c4,1715,74,96,21377,advantage middlegame queensideAttack short
MrxRX,8/8/3pB1P1/1p1P4/2p5/2PkP3/1K3Rr1/8 w - - 3 56,f2c2 g2c2 b2b1 c2g2,1818,78,91,762,crushing endgame master short
Jg2zO,r3r1k1/pp3pp1/3q4/7Q/1pBbp3/8/P1P3PP/1N3R1K b - - 1 24,d4f6 h5f7 g8h8 f7h5,1351,77,97,4166,kingsideAttack mate mateIn2 middlegame short
U4uVu,rr6/6pk/3p1q1p/p1pQp3/5p2/5P2/PP4PP/R2R2K1 b - - 1 24,a8a6 d5d3 f6g6 d3a6,1721,75,94,3574,advantage endgame fork master short
spRG5,r1bq1rk1/pp3ppp/2nppb2/2p3N1/5P2/1P1B4/P1PP2PP/RN1QR1K1 b - - 1 11,f6a1 d3h7 g8h8 d1h5,1511,75,93,769,crushing kingsideAttack opening short
ljeqh,rn1q1rk1/pb1nbppp/1p2p3/2pp4/2PP4/5NP1/PPQNPPBP/R1B2RK1 b - - 1 10,d5c4 f3g5 e7g5 g2b7,1767,74,95,13280,crushing discoveredAttack master opening short
bSjHh,2r5/1b2qpkp/p3p1p1/3nN3/3P1P2/4PB2/P3Q1PP/1R4K1 w - - 0 24,e3e4 d5c3 e2e1 c3b1,1664,77,89,1603,advantage fork master middlegame short
L6Drn,2r1r2k/ppp2p1p/6p1/8/2P2P2/7P/Pb2NPP1/3RKB1R w K - 0 16,g2g3 b2c3 d1d2 c8d8,1823,76,97,4129,crushing middlegame pin short
Rf3k2,1r3rk1/p4p1p/3pp1pb/8/N6q/QP3P2/PBP2P1P/R4RK1 w - - 3 20,a3d6 h6f4 d6f4 h4f4,1406,78,92,1515,advantage middlegame short
vGyvy,r3n1rk/pbpn3p/1p1p4/3Pp1Nq/1PP2p2/3B1N1P/P4PP1/2RQ1RK1 w - - 7 22,d3h7 g8g5 f3g5 h5g5,1190,81,91,1633,advantage middlegame short
qvya1,rn3r1k/6p1/p3Q2p/3R4/1p3PP1/8/PPP2qBP/1NK5 w - - 1 22,d5d2 f2g1 d2d1 g1g2,1338,78,92,2242,crushing deflection middlegame short
N5U2l,5k2/1pq5/5p2/3bN3/p2Nn1QP/2P5/1P5K/8 w - - 2 40,g4f4 c7e5 f4e5 f6e5,1107,79,89,773,crushing endgame master short
Lnd69,1k1r3b/1p4q1/1Bpp4/Q7/3NP3/6P1/P7/1K1n4 b - - 5 31,b8c8 a5a8 c8d7 a8d8,1676,77,97,4350,mate mateIn2 middlegame short
GRj57,r1bqk1nr/pp3ppp/2nb4/1Bp1p3/3pP3/5NN1/PPPP1PPP/R1BQK2R w KQkq - 2 8,d2d3 d8a5 f3d2 a5b5,1157,77,96,15748,advantage fork opening short
cQk0N,8/1pb5/2p3k1/p7/6PP/P2Q1P1K/1P2r3/4r3 b - - 4 38,g6f7 d3h7 f7e6 h7c7,1795,80,93,2680,advantage endgame short skewer
Masq7,1k6/pPp5/1P1p4/P2P3q/5p2/2Q3p1/8/R1R4K w - - 1 33,h1g1 h5h2 g1f1 h2f2,1118,75,99,1321,endgame mate mateIn2 short
UNsEN,6k1/2R2pp1/1p1p1n1p/r7/3Pp3/P3PbP1/3Q1P1q/2R1N1K1 w - - 0 27,g1h2 a5h5 h2g1 h5h1,1581,77,91,576,master mate mateIn2 middlegame operaMate short
cnxYl,4r1k1/1pp1qp1p/p2p2p1/2nPr1R1/2P1PQ1P/2N2R2/PP4P1/6K1 b - - 2 30,c5e4 g5e5 d6e5 f4e4,1669,77,93,614,advantage capturingDefender intermezzo middlegame short
vp3nI,1r3rk1/p3bppp/B3p3/2p5/3PQP2/P1q1PN2/6PP/2B1K2R w K - 0 16,c1d2 c3a1 e1f2 a1h1,1701,75,96,1414,advantage master middlegame short skewer
i6gWT,8/3k1b1p/2p2p2/1pP2P2/1P1pK2P/3B4/8/8 b - - 1 54,f7c4 d3c4 b5c4 e4d4,1153,85,94,8183,bishopEndgame crushing endgame master short
1AyRL,2r1qrk1/pR4pp/2n1p3/5p2/P2P4/4PN2/2Q2PPP/2R3K1 w - - 5 19,c2e2 c6d4 e3d4 c8c1,1056,80,91,540,advantage discoveredAttack middlegame short
R4S2q,6rk/5p2/2P5/2Q1pNq1/4P2p/P2r4/5PP1/R5nK w - - 0 32,a1g1 d3h3 g2h3 g5g1,1339,76,95,5885,endgame mate mateIn2 short
oE5Fl,r7/5kp1/4pp2/3P1n2/1rB5/p1R5/5PP1/R5K1 b - - 0 33,e6d5 c4d5 f7g6 d5a8,1118,75,98,841,advantage endgame fork short
i8GAm,8/1p6/p2p4/2pP2pk/P1P2r1p/1P5K/2B3R1/8 w - - 4 53,g2g4 f4f3 h3g2 h5g4,1549,75,97,5542,crushing deflection endgame short
EFz4R,3r1b1k/1R3Qpp/5N2/3Bp3/pn6/4P1PK/3P3P/5q2 w - - 10 32,h3h4 f1f6 f7f6 g7f6,1456,77,93,7416,crushing middlegame short
Yq5Os,1rbq1rk1/3np1bn/1p1p4/pPpP1pp1/P1P5/2N1P1B1/2QNB1PP/3R1RK1 w - - 0 20,f1f5 f8f5 c2f5 g7c3,1717,75,94,11220,advantage master middlegame short
HdzmY,r5k1/p2R1pb1/q3p1p1/1N1p4/3P1r2/3Q3P/6B1/3R2K1 b - - 1 35,f4d4 b5d4 a6d3 d1d3,1452,81,91,2095,advantage middlegame short
10MB7,8/1P3p2/8/2R1p1k1/2P5/1K5p/4r3/8 b - - 2 44,e2e1 c5e5 e1e5 b7b8q,1729,77,92,2000,advancedPawn crushing endgame promotion rookEndgame short
MQTHj,8/8/4k3/4P1pp/4Kp2/7P/5P2/8 b - - 1 63,h5h4 f2f3 g5g4 f3g4,1439,79,88,903,crushing endgame pawnEndgame quietMove short zugzwang
0IGgR,1r2r3/1kp1q2p/4p3/p2PQ3/1P1P4/P1p2P2/2P3PP/2KR3R w - - 0 30,e5e6 e7g5 c1b1 e8e6,1119,83,92,679,crushing discoveredAttack endgame short
eRzCZ,4R3/2r2k1p/p2p1qp1/1p1P1b2/1Pr4P/P1P1Q1P1/4RPK1/8 b - - 6 35,f5e4 e8e4 c4e4 e3e4,1858,77,89,2522,advantage middlegame short
GdTOG,8/6pk/8/3R2p1/6N1/3P1nPK/1r6/8 w - - 2 49,d3d4 f3g1,1408,77,93,1080,endgame mate mateIn1 oneMove
dSaib,4r2r/pp2qpk1/2p2R1p/3pP1pQ/8/3BP3/PPP3PP/6K1 b - - 3 29,e8f8 f6g6 f7g6 h5g6,1135,79,97,11059,endgame mate mateIn2 sacrifice short swallowstailMate
ahLpg,r2qk1nr/ppp2ppp/2np4/2b1p3/2B1PPb1/1QP2N2/PP1P2PP/RNB1K2R b KQkq - 2 6,d8e7 b3b7 a8b8 b7c6,1881,78,92,4198,crushing fork opening short
SJqpH,r3brk1/ppq3pp/2n1pp2/3pPn2/3P1PQP/P3B2R/2P1N1P1/R3KB2 b Q - 0 15,c6d4 e3d4 f5d4 e2d4,1910,77,91,551,advantage middlegame short
NETlc,1r6/3k1p1p/2p1b3/3p1p2/p1pP1P2/brP2N1P/1P1RN1P1/2K1R3 w - - 0 23,b2a3 b3b1 c1c2 b8b2,1086,88,91,3216,blindSwineMate mate mateIn2 middlegame queensideAttack short
3bvj9,8/pp5p/6pk/2pp2r1/8/2P2q2/PP1Q3K/3R1B2 w - - 0 29,f1h3 f3g3 h2h1 g3h3,1156,74,98,654,advantage deflection endgame master short
xQImV,8/3PK3/7p/6p1/3r4/1p2R3/k4P2/8 w - - 3 53,e3b3 a2b3 d7d8q d4d8,1910,79,93,705,crushing endgame hangingPiece rookEndgame short
U6Pmo,3Q2R1/1b1r1qk1/p2b1p1p/1p6/3P4/2P4P/1P3PP1/4R1K1 b - - 13 31,f7g8 d8d7 g8f7 d7d6,1321,81,92,8907,crushing endgame fork hangingPiece short
eJ2NP,8/1r3p1k/5bpp/8/P1p5/4P3/1rB2PPP/1R1R1K2 w - - 3 30,d1c1 b2c2 c1c2 b7b1,1362,78,93,1446,capturingDefender crushing deflection discoveredAttack endgame master short
sMIKq,2r2kr1/p4p1Q/2b1p3/2Ppqp2/P7/4P1P1/5PBP/R1R3K1 w - - 1 30,a4a5 g8h8 h7h8 e5h8,1552,77,91,1578,advantage master middlegame short trappedPiece
Rctnf,8/p1kn1p2/3p4/2pK2p1/P3P3/2P2PR1/2P5/8 w - - 3 31,g3g5 d7b6,1652,85,87,1752,endgame mate mateIn1 oneMove
KfRgV,rnbqk2r/p1pp1ppp/1p2pn2/8/1bPP4/2N1P3/PP1B1PPP/R2QKBNR b KQkq - 0 5,d7d5 d1a4 b8d7 a4b4,1395,75,87,852,crushing fork opening short
UGM1O,b2n2k1/p5p1/1p3b1p/7q/PP3QP1/2P2N2/4BP2/6K1 b - - 0 35,h5d5 e2c4 d5c4 f4c4,1002,80,90,560,crushing middlegame pin short
FghMn,3k1r2/2pr4/2Q5/P2P1pqp/6p1/1R4P1/6BP/b2K4 b - - 0 36,g5g7 b3b8 d8e7 c6e6,1293,76,96,10184,mate mateIn2 middlegame short
r9yPy,2r1r1k1/2p2pp1/1p1bP3/p2R4/P4q1p/2P3P1/1P1RQB1P/6K1 b - - 0 31,f4a4 e6f7 g8f7 e2h5,1890,75,88,569,advancedPawn advantage attraction kingsideAttack middlegame short
H8Lk4,rn1r2k1/pbpp1p2/1p2p2p/8/1b1P1qNP/2NB2P1/PPP2P2/R2QK2R b KQ - 0 13,f4d4 d3h7 g8h7 d1d4,1420,76,93,7576,crushing discoveredAttack middlegame short
pM6Qa,8/1p6/3k1p2/PPp2K2/2Pp4/3P2P1/8/3n4 b - - 4 45,d6e7 a5a6 b7a6 b5a6,1074,79,90,1023,crushing endgame knightEndgame master short
ICAJH,5rk1/5p2/7p/p2R2p1/7q/1P3PR1/P2Q1KP1/1r6 w - - 1 29,d2c2 h4h1 g3g5 h6g5,1681,74,86,704,advantage endgame short
SCARK,8/pp2p2p/2p1pkp1/2P1n3/1P4P1/P3P2P/5K2/5B2 b - - 0 30,b7b5 c5b6 a7b6 a3a4,1921,75,92,1192,advantage defensiveMove enPassant endgame short
ExNHj,r1bq1r2/ppp1nppk/4p3/6N1/3P4/1PQ5/P1P3PP/R4RK1 b - - 1 14,h7g8 c3h3 d8d4 g1h1,1555,75,94,2802,crushing defensiveMove middlegame short
S1xwt,rn1q1rk1/pp2bpp1/2N1p2p/3n4/1P2NPQ1/P2P3P/1BP3P1/R4RK1 b - - 0 17,b8c6 g4g7,1040,80,94,4042,kingsideAttack mate mateIn1 middlegame oneMove
Aobav,1r3r2/3k4/p5p1/2pQ4/2P3p1/4P3/P1K5/8 b - - 3 31,d7e8 d5e6 e8d8 e6d6,1786,75,88,582,crushing endgame queenRookEndgame short
yny2z,4k2r/ppp4p/2n1n3/4pK2/3r2Q1/3P2q1/PPPN4/R3R3 w k - 0 21,g4g3 h8f8 f5e6 d4d6,1875,75,96,17036,mate mateIn2 middlegame sacrifice short
I3YEu,r1br1k2/pp3p1p/4pQ2/qB3N2/8/8/P4PPP/2R2K1R b - - 0 19,a5b5 f1g1 e6f5 f6d8,1522,76,95,13244,crushing defensiveMove master middlegame short
TUAkH,6R1/1p6/p1b2p2/P6k/2p1r2P/2P2N2/1P3K2/8 w - - 2 57,g8f8 e4f4 f2e3 f4f3,1314,74,97,2162,advantage endgame master short
EMrIm,r1b2rk1/1p3p2/p1n1p1p1/8/3qN3/P2B1Q2/1P3PP1/R3K2R b KQ - 1 17,c6e5 e4f6 g8g7 h1h7,1228,76,95,1465,kingsideAttack mate mateIn2 middlegame short
JyEvI,4r1k1/p3qppp/b1p5/2b5/2p5/1P2PQPP/P4KN1/4RR2 w - - 0 32,f3c6 a6b7 c6b7 e7b7,1763,75,88,842,crushing middlegame short
3W8Pu,5rk1/1p1n4/p2QR3/2pP4/P2q2p1/2Nb4/1P4PP/4R1K1 w - - 3 30,e6e3 d4e3 e1e3 f8f1,1908,80,91,2994,master mate mateIn2 middlegame operaMate sacrifice short
XPZn2,r7/pp1k1p2/2p2P2/P2p4/1PB2Kp1/2PP1r2/8/R3QR1q w - - 3 34,f4g5 a8g8,1735,83,91,2257,mate mateIn1 middlegame oneMove
TeQd5,2kr3r/ppqbbp2/2n5/2p2PPp/3pp1n1/3P3P/PPPNN1B1/R1BQ1R1K w - - 2 18,d2e4 c7h2,1102,76,100,1158,mate mateIn1 middlegame oneMove
148mB,1r4r1/ppk2p2/2p1p3/2PpPpq1/PR1P3p/5Q2/2P2PP1/1R2K3 b - - 2 26,g8h8 f3b3 c7c8 b4b7,1738,76,93,1460,crushing endgame short
UBgu5,8/5q1p/2p2rk1/p1Pp1p2/P4P2/7P/6P1/4QK2 b - - 2 40,f6e6 e1g3 g6h5 g3g5,1052,88,92,2479,endgame mate mateIn2 short
hsaPf,r4nk1/6pp/p1p4q/1p1p4/3P4/P3QR2/1PB2PP1/6K1 b - - 3 34,h6e6 f3f8 g8f8 e3e6,1179,78,95,5060,crushing endgame short
4LMYo,2r2rk1/p3ppBp/1p4p1/3q4/P1pP4/N1n1P3/4QPPP/RR4K1 w - - 0 18,e2c2 c3b1 g7f8 b1a3,1474,76,93,2125,advantage middlegame short
wpmzA,r1b2rk1/pp3ppp/4p3/3pPn2/1b1B4/3B1N2/P2N1PPP/R3K2R b KQ - 3 14,b4d2 e1d2 f5d4 f3d4,1578,75,94,2022,advantage middlegame short
yvx8i,8/7p/2p5/3p1Q1k/3P4/5K2/rq3PPP/8 b - - 2 35,h5h6 f5f6 h6h5 g2g4,1449,78,93,1173,endgame mate mateIn2 short
asiaf,5r1k/p5p1/8/2PQpq2/PP1p3p/3P2P1/5PRP/6K1 w - - 0 32,c5c6 h4h3 f2f4 h3g2,1564,75,94,1574,crushing endgame short trappedPiece
MP9YA,8/p4p2/2p2k2/2K1p2p/4P2P/1P6/P7/8 w - - 0 52,c5c6 f6e6 b3b4 f7f5,1405,76,95,30727,crushing endgame pawnEndgame short
miHdi,r4q2/1p2n1k1/p3Q1pp/3p3B/3b3P/1P6/1PPB2P1/R6K b - - 1 22,g6h5 d2h6 g7h8 h6f8,1601,77,93,1458,crushing middlegame short skewer
oc3zz,6k1/3n1pp1/2R1p1p1/3pP3/1P6/3n1NP1/5P1P/r4BK1 b - - 0 32,d3e5 c6c8 g8h7 f3g5,1216,85,95,3635,crushing endgame short
wkAkq,4r1k1/3b1pb1/3p2p1/2pP4/1q2PP2/2N2B1p/1BQ5/5R1K w - - 2 31,c3d1 d7a4 c2f2 a4d1,1905,75,94,9012,advantage master middlegame short
XHNVY,4r1k1/4np1p/8/2Rp4/3P1qp1/4Q3/P2r1PPP/2N2RK1 b - - 5 26,f4d4 e3g5 e7g6 c1b3,1706,76,93,1466,advantage master middlegame short
YJF84,1rbqkbnr/3pnppp/p7/1ppBp3/4P3/2NPB3/PPP2PPP/R2QK1NR w KQk - 3 8,e3c5 e7d5 c5f8 d5c3,1334,78,88,3779,advantage opening short
u8kBN,3br1k1/R4ppp/2q1p1b1/1p1pP3/3B1PP1/1P5P/3QP1B1/6K1 w - - 4 26,d2c3 c6c3 d4c3 d8b6,1147,76,99,2175,advantage master masterVsMaster middlegame short
sM7Ci,r4rk1/2qb1npp/p2bp3/1pp5/2PpN3/1P1Q2B1/P1B2PPP/R3R1K1 b - - 3 19,d6g3 e4f6 g7f6 d3h7,1601,76,96,7808,discoveredAttack kingsideAttack mate mateIn2 middlegame sacrifice short
eckNC,2k3r1/ppp3r1/3b3p/3P1pB1/7P/P7/1P3PP1/4RRK1 w - - 2 22,g5h6 g7g2 g1h1 g2h2,1080,75,100,1966,endgame mate mateIn2 operaMate short
6WNoH,r2qk2r/ppp5/2n1bpP1/2bp4/5Bnp/2N2NP1/PPP1PPB1/R2Q1RK1 b kq - 0 13,g4f2 f1f2 h4g3 f4g3,1621,75,87,755,advantage master middlegame short
qVSkW,1R6/4nppk/7p/pR1pPq2/2pP4/P4NP1/5PP1/6K1 w - - 5 32,b5a5 e7c6 a5d5 c6b8,1563,74,90,2316,crushing endgame fork short
upUuz,5r2/2R5/kp1N2p1/p5Np/Bn5K/3p4/1r5P/8 b - - 3 40,b2h2 h4g3 b6b5 a4b5,1741,75,88,990,crushing middlegame short
PeOIm,5r1k/p3r1p1/1q2B1Qp/5P2/3pp1Pb/1P6/P4PK1/3R3R b - - 1 29,h4g5 g6g5 e7e6 f5e6,1794,75,96,1727,crushing middlegame pin short
VmiHP,3Q4/p4pkp/8/2b2p2/8/1P4P1/5q1P/3R2K1 w - - 0 31,g1h1 f2f3,1182,75,98,695,endgame mate mateIn1 oneMove
ANBd2,8/8/6p1/5p1p/3k1P1P/5K2/6P1/8 w - - 4 46,g2g3 d4d3 f3f2 d3d2,1868,74,89,602,crushing defensiveMove endgame pawnEndgame short zugzwang
Ci3R5,2bqk1nr/2p2ppp/4p3/4N3/2pNPQ2/8/1P2KPPP/r4B1R b k - 0 14,d8d4 f4f7 e8d8 f7f8,1135,76,100,658,attackingF2F7 mate mateIn2 middlegame short
asmC6,5qk1/5p1p/p5p1/1pp5/2P3N1/2Q5/5PK1/8 b - - 1 38,f8e7 g4h6 g8f8 c3h8,1131,86,94,1545,endgame mate mateIn2 short
6lNqy,1r1q1rk1/5p1p/4p1p1/3p3n/p2P2P1/1P1B3Q/P1PB4/2K2R2 b - - 0 27,h5f6 d2g5 f6e4 g5d8,1817,75,93,1714,crushing middlegame short
F3mhp,8/3rRpk1/pp1q2p1/2nP3r/2P5/1P4Q1/P1B2PP1/4R1K1 b - - 0 29,d6g3 f2g3 d7e7 e1e7,1367,85,94,1159,crushing middlegame short
h9ZZk,r4r1k/ppp4p/5p2/4pQ2/8/2q5/P1P2PPP/3RR1K1 b - - 1 18,c3c6 d1d7 c6d7 f5d7,1404,75,96,1894,crushing endgame short
3CSdR,3r1rk1/ppp2ppp/8/7N/3np3/P5R1/KPP2PP1/3q1B1R b - - 5 19,d4c2 h5f6 g8h8 h1h7,1675,76,98,3288,arabianMate discoveredAttack kingsideAttack mate mateIn2 middlegame pin short
ZLCm5,8/8/R7/p1p2p1k/5KP1/r6P/8/8 b - - 0 44,f5g4 h3g4 h5h4 a6h6,1143,78,96,2986,endgame master mate mateIn2 rookEndgame short
zaEx8,r4rk1/ppp2pp1/3b3p/3p4/6n1/P1P2N1q/1PQNBP2/R3R1K1 w - - 4 18,e2f1 d6h2 g1h1 g4f2,1403,79,91,8661,deflection kingsideAttack mate mateIn2 middlegame short
akaWY,3k1r2/4R2p/p1R5/1p4Q1/8/5pPK/6qP/8 w - - 1 41,h3h4 g2h2 h4g4 h7h5,1577,76,94,1531,advantage endgame master short
gqx1i,7r/1p1b1kRr/p1n1p3/7N/3p4/4PB1P/PP5K/6R1 b - - 1 32,h7g7 g1g7 f7f8 g7d7,1060,75,99,1105,advantage master middlegame short skewer
pjF6x,1r1qkb1r/Q1Nb1ppp/5n2/4p3/8/3pP1P1/PPnP1PBP/2BK2NR b k - 4 15,e8e7 a7c5,1232,77,95,3869,mate mateIn1 oneMove opening
7EBxk,r2qr1k1/ppp2pp1/1b1p1nnp/3P4/4P1bB/2N2N2/PP2BPPP/R2Q1R1K w - - 5 14,f3d2 g4e2 h4f6 e2d1,1628,78,92,785,crushing opening short
3c2pH,1Q5r/3k1ppp/3bpn2/8/2q5/5K1P/P2B1PP1/R6R w - - 6 21,b8h8 c4e4,1411,84,90,676,mate mateIn1 middlegame oneMove
4uvXb,8/6r1/4n3/4R3/5kPK/8/6P1/8 w - - 3 57,e5e6 g7h7 e6h6 h7h6,1637,75,94,14771,endgame mate mateIn2 rookEndgame short
d0dlI,5rk1/8/5n2/3b1q2/3Bp1P1/ppQ3P1/4PPB1/1K5R b - - 0 33,f6g4 h1h8 g8f7 c3c7,1337,78,93,1351,crushing master middlegame short
BwGBV,8/4p2p/3p2pb/3P1p2/4k1P1/5N1P/4nK2/3R4 b - - 10 48,e2f4 d1d4,1170,76,96,1331,endgame mate mateIn1 oneMove
Wfxco,3rr1k1/1bb2ppp/1Np2n2/p1q5/3pP3/5BP1/1P1B1P1P/R2QR1K1 w - - 0 21,d2a5 c7b6 b2b4 c5b5,1611,76,93,2112,crushing master middlegame short
db75l,1r4k1/p4ppp/1q3n2/3p4/1P1Q4/6P1/P3rPBP/R2R2K1 w - - 1 19,a2a3 e2e1 d1e1 b6d4,1262,76,97,2357,advantage deflection middlegame short
QjxDf,r1bqk2r/ppp1b1pp/1n3B2/n2pN3/8/1B6/PPP2PPP/RN1QR1K1 b kq - 0 12,g7f6 d1h5 e8f8 h5f7,1233,75,96,14082,mate mateIn2 opening short
oPHAz,r3k2r/pp2bppp/1np1pn2/8/7q/1B2BQNP/PPP2PP1/R2R2K1 b kq - 5 13,e8g8 d1d4 h4d4 e3d4,1591,76,92,575,advantage master middlegame short trappedPiece
0HghO,3b4/1p1q3k/1P4rp/B2Pp3/3pP3/3P1pP1/1Q4P1/2R3K1 w - - 0 37,c1c7 d8c7 b6c7 g6g3,1909,76,93,3838,advantage endgame master short
Yc0Ls,2r1b1k1/1p2qrbp/pBp1p1p1/Q1P1Pp2/3P4/1P1BP2R/P5PP/5RK1 w - - 4 29,f1f4 g6g5 f4f2 g5g4,1490,76,88,5234,advantage middlegame short
xzVdi,1r2r1k1/2pq1ppp/p1n5/3N4/3Pn3/1QP1P3/P4PPP/R1B2RK1 w - - 1 16,b3c4 c6a5 c4c7 d7d5,1608,75,89,1316,advantage middlegame short
nxwwF,5rk1/2Q2p2/1p4p1/pN1P4/2P1n3/5R1P/Pq4P1/7K w - - 0 28,b5d6 b2a1 h1h2 a1e5,1928,75,92,509,advantage endgame master short
9wBoE,8/5n2/kP3p2/N1K4p/7P/8/8/8 b - - 0 43,a6a5 b6b7 f7e5 c5d6,1820,74,96,2969,advancedPawn crushing endgame knightEndgame short
QJHEw,4rr1k/pn3qp1/1p1p1pQp/2pP3R/2P1P3/P1PB4/6PP/5RK1 w - - 8 24,g6f5 e8e5 h5h6 g7h6,1551,78,94,18705,crushing middlegame short
ooSM2,1k1r3r/p6p/B1p2pp1/2QN3n/1K4b1/5q2/PPP2P2/R3R3 w - - 0 25,c5c6 f3d5 c6d5 d8d5,1466,79,93,3264,crushing middlegame short
BdSai,7k/7p/R7/1p2p3/1Pp1Pn2/2P5/P6r/1R3K2 w - - 1 38,b1e1 h2h1 f1f2 f4d3,1357,77,94,1899,crushing endgame master short
NdsRR,r3r1k1/1pp2ppp/p5b1/8/2P3Pq/P1NP3P/1P2nbK1/R1BQNR2 w - - 0 19,f1f2 h4g3 g2f1 g3g1,1168,75,96,5982,mate mateIn2 middlegame short
86e3O,q1r3k1/5p1p/5Qp1/8/3R1P2/7P/6PK/8 b - - 4 38,a8c6 d4d8 c8d8 f6c6,1612,77,94,7747,crushing deflection endgame master short
CQInn,1r1q2k1/bp3ppp/2p5/p1P5/1P3P2/P1Qp2P1/3nrPBP/B2R1RK1 b - - 7 23,d2f1 c3g7,1102,88,93,675,kingsideAttack master mate mateIn1 middlegame oneMove
1lKq3,7k/1p6/1R6/8/2P3p1/5rP1/PPr2pK1/5B2 b - - 0 37,c2c4 f1c4 f2f1b c4f1,1634,78,90,1412,crushing endgame hangingPiece short
JtfHK,8/2p2r2/pp2kPK1/8/4p3/P2n2B1/8/5R2 b - - 8 45,e4e3 f1f3 f7f6 f3f6,1679,78,93,714,advantage endgame master short
VndN9,8/1pp2k2/p5p1/1PP3Kn/P6P/8/8/8 b - - 0 49,h5g7 c5c6 b7c6 b5a6,1659,72,95,20034,crushing deflection endgame knightEndgame short
43DnG,rr4k1/2q1ppbp/2Pp2p1/1B6/N1P1nPn1/1p4P1/6KP/1RBQR3 b - - 1 27,f7f5 e1e4 f5e4 d1g4,1857,78,91,2190,advantage deflection master middlegame short
1F6TC,r1r3k1/1q3pp1/2R1p2p/pN1nP3/P7/1P6/4QPPP/2R3K1 w - - 2 25,b5d6 c8c6 c1c6 b7c6,1011,81,91,5572,crushing middlegame short
v9LxF,4r1k1/5pBp/r4PpP/8/PPp5/2n3K1/8/3R3R w - - 0 34,d1d4 c3e2 g3f2 e2d4,1133,75,96,2696,crushing endgame fork short
KDiQi,2R4k/8/4N1R1/8/6K1/6P1/3r1r2/4q3 b - - 1 38,h8h7 g6g7 h7h6 c8h8,1611,82,94,18591,endgame mate mateIn2 short
pMUSY,r1b2rk1/pp3pbp/6p1/q2N2Pn/2B1Q3/4B3/PP3P1P/1K1R3R b - - 3 18,c8f5 d5e7 g8h8 e7f5,1205,84,93,2525,advantage kingsideAttack master masterVsMaster middlegame short
9lio2,8/8/2k5/2P2p1p/N2K1P2/6n1/8/8 w - - 1 56,a4c3 h5h4 d4e3 h4h3,1348,78,94,7035,crushing endgame knightEndgame master quietMove short
x5ig3,3r2k1/5R2/pn4p1/1pp5/6rP/P1P1B3/B3K3/8 b - - 0 25,g4g2 f7f2 c5c4 f2g2,1675,76,93,2367,advantage discoveredAttack discoveredCheck endgame short
rdzLT,4r1k1/5pp1/7p/2B1p3/3P4/1P2q1Pn/2B1bP1P/R6K w - - 0 34,f2e3 e2f3,1221,76,100,607,endgame mate mateIn1 oneMove
p2BMm,4r3/pp1k1p2/5p1p/P2pb3/1P6/2P2N2/5PPP/2R2K2 w - - 3 25,f1e2 e5f4 e2d3 f4c1,1165,75,98,4024,crushing discoveredAttack discoveredCheck endgame short
gKWMf,6k1/p2p2p1/1pb1P1p1/6Pp/5B2/r5PK/8/2R5 b - - 0 33,g8f8 f4d6 f8e8 d6a3,1632,77,96,14740,crushing endgame fork short
XdKQB,8/8/6pp/5p1k/1P4nP/2r3P1/4Q3/4K3 w - - 2 55,b4b5 c3e3 e2e3 g4e3,1494,78,89,4114,crushing endgame master pin short
efui6,4r2k/p1p3pn/1p6/4P2Q/8/7P/Pq4B1/5R1K b - - 2 29,b2e5 f1f8 e8f8 h5e5,1588,77,94,14356,advantage deflection endgame pin short
02zuS,2r3rk/3R2pp/6b1/4B2P/2q1p1Q1/8/6PK/8 b - - 0 40,g6h5 e5g7 g8g7 g4g7,1159,77,96,18612,mate mateIn2 middlegame short
IpJoX,2kr3r/1pp3pp/p1n1q3/8/B3p3/4PQ1P/PPP2PP1/2KR3R w - - 0 16,f3g3 e6a2 g3g4 c8b8,1466,76,93,1520,crushing defensiveMove middlegame short
8inWg,rnbq1k1r/ppb2p1p/5n2/2pp1N2/4p3/2N1P3/PPPPBPPP/R1BQK2R w KQ - 0 9,c3b5 c8f5 b5c7 d8c7,1055,78,88,828,advantage hangingPiece opening short
brqH2,1qk3r1/2br1p1p/p1R1p1p1/3pPnP1/Q1P2P1P/8/PP6/1NKR4 b - - 1 26,d5c4 d1d7 c8d7 c6b6,1781,77,95,955,advantage discoveredAttack discoveredCheck middlegame queensideAttack short
Eu0qH,r1bq4/ppp3k1/6p1/4pp1r/2Pn2P1/2N2QP1/PP2PP2/R3KBNR w KQ - 1 16,g4h5 d4c2,1130,78,98,3792,cornerMate mate mateIn1 middlegame oneMove
Ro0w6,r1b1r1k1/p1p2ppp/2n2n2/1Q6/1B1P4/2N2N2/PPq1BPPP/R3K2R w KQ - 1 13,b5c6 e8e2 c3e2 c2c6,1732,79,94,10515,crushing middlegame short
9CpUG,6k1/3Q2p1/3p1p2/1p4p1/p3B1K1/P4RP1/1P1p4/7q b - - 0 47,d2d1q d7e8,1346,80,92,1416,endgame mate mateIn1 oneMove
kF5qt,8/5p2/6pp/5k2/p3rP2/3K2P1/7P/R7 b - - 6 41,g6g5 g3g4 f5f4 a1f1,1296,81,93,1952,crushing endgame rookEndgame short
eFAA3,r1bqr1k1/pp2n2p/2n2B2/3p3Q/8/8/PPP2PPP/2KR1B1R b - - 1 17,d8d6 h5e8,1678,81,91,1516,hangingPiece kingsideAttack mate mateIn1 oneMove opening
GY8zG,1k1r1r2/1ppn1qpp/1p2N1b1/8/1P2p3/P3Kn1B/1BP1QP1P/3R3R w - - 10 25,e6d8 f7f4,1294,78,92,576,mate mateIn1 middlegame oneMove
Qz0CQ,5k2/2R5/4pKp1/3PPb2/6r1/8/8/8 b - - 1 55,g4h4 c7c8,1263,76,94,5086,endgame mate mateIn1 oneMove
wfpS2,r3r1k1/p1B2ppp/2Q5/3N4/2P5/1P2K1P1/P6q/3R4 w - - 2 26,e3d3 h2e2 d3c3 e2d1,1377,74,85,830,advantage fork middlegame short
ylX1C,3r1r1k/2q1npp1/p4n1p/2B2P2/P3p1P1/1BP4P/4QP2/R3K2R w KQ - 1 24,c5d4 d8d4 c3d4 c7c3,1208,82,93,6067,crushing middlegame sacrifice short
eJLiu,b1k5/P4P1B/3Pp3/6P1/2pp2r1/2P5/7P/R4R1K w - - 3 45,h7e4 a8e4 f1f3 e4f3,1015,76,97,2837,endgame hangingPiece master mate mateIn2 morphysMate short
xeXtV,1nr1k2r/5ppp/p3p3/1q6/1Q3B2/8/PPP3PP/2KR3R w k - 1 20,b4a3 b5c4 c1b1 c4f4,1893,76,92,3177,advantage middlegame short
QJMA9,8/p7/3R4/4p3/k3Pb2/P6r/1K5p/7R b - - 0 38,h3a3 d6a6 a4b4 a6a3,1109,81,93,2098,crushing endgame short
J3972,r1br2k1/pp3ppp/2p1pb1q/8/B1PP4/3R1N2/PP4PP/3Q1R1K b - - 5 18,c8d7 f3e5 f6e5 d4e5,1302,76,86,546,advantage middlegame short
jDu0b,r2qk2r/p4p1p/1pp5/P3b3/2P5/4P1P1/1PQ2P1P/R4RK1 b kq - 2 22,b6a5 c2e4 d8c7 f2f4,1751,74,95,12866,advantage middlegame pin short
zE4al,4kb1r/3q1p2/p5pp/3B4/1p1NP3/3P2Q1/1PrB2PP/4K3 b k - 1 25,c2c8 g3e5 d7e7 e5h8,1721,77,96,18728,crushing fork middlegame short
TKXHy,6k1/p4pp1/2R2pb1/8/1P2P1PP/P2r1KN1/4Q3/3q4 w - - 5 32,f3f2 d3d2 e2d2 d1d2,1338,77,99,2663,advantage endgame pin short
Gycwm,3q3r/1p3k2/p1r1pp2/3p3p/3P1BbQ/P1N1R3/1P3K2/6R1 b - - 6 27,d8b6 g1g4 b6b2 c3e2,1656,75,100,948,advantage defensiveMove middlegame short
nrxUE,r2k4/2p2r2/1p1p1pnb/pN1Pp1p1/PP2P2p/2P2P1P/5KPB/R4R2 w - - 5 33,f1c1 g5g4 f3g4 h6c1,1469,74,88,1511,advantage discoveredAttack master middlegame short
idi1Q,Q3qknr/4b3/2p5/5bpp/2N5/1P6/5PPP/RNB1KB1R w KQ - 0 19,a8b7 e7b4 e1d1 e8e1,1150,88,94,12847,discoveredCheck doubleCheck mate mateIn2 opening short
UaDfG,2k5/2p3R1/1pNb4/1Bn5/P7/6P1/1r6/5K2 b - - 0 33,c5e4 b5a6,1587,88,89,1795,endgame master mate mateIn1 oneMove
QUHCe,r4k2/pbq3pB/1pn1pbQ1/2p5/2NP4/2P1P3/PP4PP/5RK1 b - - 5 20,c6e7 f1f6 g7f6 g6f6,1281,76,85,1734,crushing master middlegame short
vpiAe,N5k1/2p2pp1/p1b4p/6r1/1P6/P3PP1P/1q2BRP1/3R2K1 b - - 2 23,c6a8 d1d8 g8h7 e2d3,1352,77,85,1106,crushing endgame fork short
dzFZL,3r4/5p1k/4b1p1/3p2q1/p5P1/P3PP2/5Q2/3R1BK1 b - - 4 40,d8b8 f2h2 g5h6 h2b8,1442,77,93,685,advantage endgame fork master short
q2JAi,1k2r3/p6p/3N4/1p4p1/1PpB1pP1/P2r1n1P/2Q3K1/8 w - - 2 38,d6e8 f3e1 g2f2 e1c2,1400,80,95,28355,crushing endgame fork short
FJe6S,R4Q2/p2b2rp/1p3ppk/3P1q2/7P/5BB1/P2n1PP1/6K1 w - - 12 33,a8a7 f5b1 g1h2 d2f1,1803,75,92,564,advantage master middlegame short
RdT6Q,5R2/5ppk/7p/1pBpP3/1P2br2/7P/8/6K1 b - - 3 30,h7g6 e5e6 f7e6 f8f4,1171,78,96,20954,advantage endgame short
9Rqb7,7k/6p1/p2p3p/P1p1p3/r7/1NP1B2P/1P2K1P1/8 w - - 2 31,e2d3 c5c4 d3c2 c4b3,1162,77,95,5907,advantage endgame fork short
RGfM5,6k1/1p1b1p1p/8/1N5p/q2N4/p1Q2P2/K5P1/8 w - - 4 35,c3a3 d7b5 d4b5 a4b5,1678,76,96,9182,crushing endgame master short
XxcKx,r7/1pp1q3/pnkp4/5QR1/1P2P3/3P1P2/1PP4P/2K5 b - - 0 27,e7f8 b4b5 a6b5 f5b5,1413,78,93,1173,endgame mate mateIn2 short
1XDoJ,2r3k1/2r2ppp/Q1R5/3p4/3P4/3KP3/1q6/2R5 b - - 0 36,c7c6 a6c8 c6c8 c1c8,1403,79,91,1880,backRankMate endgame mate mateIn2 short xRayAttack
npTas,1q3rk1/1bnQ1pbp/p1p1p1p1/1p2P3/5P2/1B2B3/PPP3PP/R4RK1 w - - 0 19,e3c5 f8d8 d7d8 b8d8,1406,75,85,668,advantage middlegame short
PewJJ,8/8/1p1k3p/p7/P2K2P1/2P5/8/8 b - - 0 54,d6e6 d4c4 e6f6 c4b5,1994,75,100,865,crushing endgame pawnEndgame short
Ws3QY,8/5r1k/1p1p2pp/3R2n1/2P4P/1Pr3P1/2B2PK1/5R2 w - - 1 45,h4h5 c3c2 h5g6 h7g6,1118,77,95,726,advantage endgame hangingPiece master short
JMoFF,5rk1/pp5p/2p1p1p1/3q2r1/5PRn/2B5/PPP2Q1P/R5K1 w - - 0 30,g4g5 h4f3 g1f1 f3g5,1396,77,94,21709,advantage fork middlegame short
pD66W,r2qr1k1/pp3ppp/2nb4/1Q1p4/3Pn3/P1P4P/3N1PP1/RNB1R1K1 b - - 2 15,e4c3 e1e8 d8e8 b1c3,1676,76,94,1771,advantage intermezzo opening short
jlBlA,1r1q2k1/3nnrb1/pp5B/3pppQ1/2pP4/2P4P/PPB4N/R4RK1 w - - 0 22,f1f5 e7f5 g5d8 b8d8,1303,76,97,3145,advantage middlegame short
eKOQL,4r1k1/1p4pp/2p2p2/p2b4/P2P4/3K4/1PP2RPP/4N3 w - - 1 25,f2e2 d5c4 d3c4 e8e2,1331,74,95,11197,advantage deflection endgame short
zequK,6k1/5p1p/6p1/3b4/P2pr3/1PnQ4/2P2P1P/5RK1 w - - 1 28,a4a5 e4g4 d3g3 c3e2,1672,77,86,617,endgame mate mateIn2 pin short
4GtR0,r1bq1r1k/pp2pBbp/6p1/4N2n/3n4/2N3B1/PP3PPP/R2QK2R b KQ - 4 13,h5g3 e5g6 h7g6 h2g3,1816,78,92,1944,crushing discoveredAttack discoveredCheck intermezzo kingsideAttack opening short
JVvAl,8/p7/2P1R2p/4b3/5k2/1B2p2P/P2r4/1K6 w - - 2 36,e6e5 f4e5 c6c7 e3e2,1664,77,96,9270,advancedPawn crushing endgame hangingPiece short
tNe6r,7q/pb3k2/1p1R1p2/4nNr1/2P1PQ2/1PN5/P5P1/6K1 w - - 1 33,f4h4 e5f3 g1f1 f3h4,1084,77,96,973,crushing middlegame pin short
ZdoRJ,8/p7/PbQ3pk/5r1p/7P/6P1/4B3/4K3 w - - 1 37,c6c3 b6a5 c3a5 f5a5,1524,75,87,1838,advantage endgame pin short
V4xfh,2k5/p5pp/2pbpp2/2pr4/2N5/2P1P1P1/PP2K2P/5R2 b - - 0 20,c8b7 e3e4 d5h5 c4d6,1731,71,95,16603,advantage endgame short
PcYv1,r4r1k/5Rpp/pp2p3/8/Bp6/5Q2/qP4PP/3R3K b - - 0 30,f8f7 f3a8 f7f8 a8f8,1158,75,95,1358,endgame hangingPiece mate mateIn2 short
lV4rt,r2q1rk1/1bp1bppp/p7/1p1B4/3Q4/2P5/PP3PPP/RNB1R1K1 b - - 0 13,d8d5 d4d5 b7d5 e1e7,1353,81,85,878,advantage middlegame short
2iEYO,r2qk2r/2pbbpp1/p6p/3QP3/2p5/5N2/PP3PPP/R2R2K1 b kq - 0 18,d7e6 d5c6 e8f8 d1d8,1180,75,94,1860,advantage discoveredAttack middlegame short
P5NYZ,5rk1/2p4p/3p2p1/P1b5/1n4N1/5r1P/1B3PK1/4RR2 b - - 1 26,b4d3 g4h6,1071,82,87,1179,mate mateIn1 middlegame oneMove
pfDfN,3r2k1/p1Q2ppp/4b3/8/3b4/7P/Pr4PK/4R3 b - - 1 28,d8c8 c7c8 e6c8 e1e8,1338,85,87,578,backRankMate endgame mate mateIn2 sacrifice short
6uiFq,3r1bk1/p4ppp/4P3/q7/6Q1/1B4RP/Pr4P1/R5K1 b - - 0 25,f7e6 g4e6 g8h8 e6g8,1446,75,100,670,mate mateIn2 middlegame short
HcswN,5rk1/pp1b2r1/1q2p2Q/3p4/2p5/1PPB4/P1P2PPP/3RR1K1 w - - 0 22,b3c4 b6f2 g1h1 f2g2,1183,83,91,1142,kingsideAttack mate mateIn2 middlegame short
7YqIM,8/6k1/pp5p/2p3p1/P2b4/5QPP/1P1R1pK1/4q3 w - - 4 47,d2d1 e1g1 d1g1 f2g1q,1319,76,96,2514,advancedPawn collinearMove endgame mate mateIn2 promotion short
kTBxG,4r1k1/5pp1/1pP2n1p/2b1q2b/2P1N3/1Q5P/3NPPB1/R5K1 w - - 1 24,e4f6 e5f6 a1f1 h5e2,1542,78,96,23098,advantage master middlegame short
jOnqa,r1b1k2r/pppp2pp/3P4/4Npq1/1bB1n3/8/PP2RPPP/RN1Q2K1 b kq - 0 14,b4d6 e5f7 d6h2 g1h2,1704,77,90,1363,crushing fork opening short
I0YeH,rnbqk2r/ppp2p2/3p1n1p/2b1p3/2B1P1p1/2NP1QBP/PPP2PP1/R3K1NR w KQkq - 0 10,h3g4 c8g4 f3f6 d8f6,1362,74,85,1386,advantage opening short trappedPiece
80DGR,8/8/3k1pp1/1P6/3K1P2/7p/7P/8 w - - 0 45,d4c4 g6g5 c4d3 g5g4,1586,76,91,1372,crushing defensiveMove endgame pawnEndgame short
YIDnZ,1r1q1rk1/1p3ppp/p1bppB2/8/8/1B3Q1P/PPP2PP1/R3R1K1 b - - 0 23,c6f3 f6d8 f8d8 g2f3,1260,87,92,880,advantage intermezzo middlegame short
sdCJt,6k1/4q1pp/p7/1p1bpQ2/8/6KP/P4RP1/7r b - - 3 41,h1e1 f5c8 e7f8 f2f8,1150,75,98,9694,endgame mate mateIn2 short
9jxrm,r6k/1N4p1/pQp2n1p/3b2q1/8/6P1/PP4P1/1B2RR1K w - - 1 33,b6f2 g5h5 h1g1 f6g4,1235,80,87,934,crushing middlegame short
lGhOg,2r1r2k/ppbq1bp1/5p1p/2P5/1P1N4/P3N3/4QPPP/R2R3K w - - 1 27,d4f5 d7f5 e3f5 e8e2,1470,74,90,880,advantage master middlegame short
CyLcm,r3r1k1/2p2ppp/p1p5/2b2bq1/Q7/2B1P3/PP2BPPP/R4RK1 w - - 2 17,a4c6 f5e4 c6e4 e8e4,1590,76,96,3810,advantage middlegame short
ggshz,3r1rk1/4npp1/2n1p2p/p3P3/Pp1PN1q1/3Q2R1/2P4P/5RK1 b - - 1 29,g4h4 e4f6 h4f6 e5f6,1620,79,93,919,advantage kingsideAttack middlegame pin short
rfaty,r2kn1r1/pb3p2/1p2pp1Q/1B6/8/P1p2P2/P4qPP/3RR2K b - - 3 32,d8c7 h6f4 e6e5 f4c4,1958,80,92,655,advantage middlegame short
Y8T9x,5R2/1p4p1/3B2P1/p2pN1k1/4r3/Pr6/2K5/8 b - - 11 49,b3h3 d6e7 g5h6 f8h8,1523,76,100,1737,endgame mate mateIn2 short
F7mLJ,r1b4q/pp1n1pk1/1b3r2/3p2N1/8/1pP1P1Q1/PP3PPP/R2R2K1 b - - 2 27,h8h5 g5e6 g7h8 g3g7,1055,83,94,3809,discoveredCheck doubleCheck mate mateIn2 middlegame short
XZJ6t,2b2rk1/rpp2ppp/p2p2n1/4p1q1/P1B1Pn2/2NP3P/1PP2PPN/R2QR1K1 w - - 6 15,e1e3 g5g2,1538,80,85,1102,kingsideAttack mate mateIn1 middlegame oneMove
ioJql,r6r/ppk5/3p1b1q/1QnP4/5B2/2P2p2/P5P1/R3R1K1 b - - 0 24,h6h2 f4h2 f3f2 g1f2,1250,81,94,1888,crushing middlegame short
vjiD6,r4rk1/5pp1/pb4q1/8/2pP3R/7Q/PP4PP/R6K b - - 5 26,f7f6 h4h8 g8f7 h3d7,1729,81,96,20753,epauletteMate mate mateIn2 middlegame short
UeHzx,rkb4r/pp2b1p1/5n1p/5p2/2N1pP2/2Q3P1/qPP2N1P/2KR3R b - - 3 21,c8e6 c3e5 b8c8 e5e6,1468,77,93,2315,crushing fork middlegame short
QlxG6,r4rk1/pppb1pp1/3p3p/3Pn2R/2P1P3/4N3/PPKQB2R/6q1 b - - 9 25,f7f5 h2g2 g1g2 e3g2,1790,76,95,3152,advantage master middlegame short
4PnvP,6r1/p2p1Q2/1p2p2k/4P3/8/5bpp/PP6/R5K1 w - - 0 31,f7g8 h3h2 g1f1 h2h1q,1338,77,97,11232,advancedPawn deflection endgame mate mateIn2 promotion short
P058Y,1k5r/pp3Rpp/8/q2NN3/2P2P2/1P2b3/1PK4P/7R w - - 3 21,f7g7 a5d2 c2b1 e3d4,1658,75,88,1406,crushing middlegame short
oskRw,2kr2r1/p4p1p/3p1p2/1pqBpP1Q/2P2Pn1/6P1/1P4KP/R3R3 w - - 1 25,h5f7 c5f2 g2h3 f2h2,1050,75,100,606,mate mateIn2 middlegame short
MvYXZ,r2kr3/pp4q1/3pBpb1/3p1Pbp/1Q6/8/PP5P/3KR3 b - - 2 29,g6f5 b4d6 g7d7 d6d7,1419,76,100,1461,mate mateIn2 middlegame short
w3rwO,8/8/4k1p1/4P2p/2r2Pb1/2p3K1/2B5/2R5 b - - 0 43,g4f5 c2b3 e6d5 c1c3,1954,75,95,1660,crushing discoveredAttack endgame pin short
LlFn3,Q7/5pkp/3pb1p1/8/2r1n3/4PR1P/Pr4P1/3R2K1 w - - 6 29,a8a3 c4c2 a3b2 c2b2,1488,74,94,5340,advantage middlegame short
vTHsL,r1b2rk1/p1pp1ppp/1p6/2b5/2B1P2q/1Q3nP1/PPP1N2P/RNB1K2R w KQ - 1 12,e1f1 h4h3,1525,80,85,722,mate mateIn1 oneMove opening
0PEHD,5rk1/pb3p1p/5Bp1/1p6/1n1p3R/1B4Q1/PPP1q1PP/6K1 b - - 3 27,f8e8 g3g6 h7g6 h4h8,1931,75,98,1425,kingsideAttack mate mateIn2 middlegame pin sacrifice short
1ntGL,r4r1k/pp1bq1p1/1nnp2Qp/2p1p1N1/P3Pp1P/1BPP4/1P3PP1/R1B2RK1 b - - 2 16,h6g5 g6h5,1053,76,100,847,mate mateIn1 middlegame oneMove
fmWhb,7k/6p1/7p/8/5K2/6P1/5P1P/1Q1br3 w - - 15 42,b1c1 g7g5 f4f5 d1g4,1285,77,94,10308,crushing endgame short
jK4P9,4r1k1/ppqr1p2/6p1/2b1n1Bp/3pB2P/6P1/PPP2PQ1/3RR1K1 w - - 6 25,e4b7 c7b7 g2b7 d7b7,1381,77,85,750,crushing master middlegame short
1sa4L,2krr3/ppp5/2q1b3/3nQppp/8/P2P3P/1PP2PPN/R1B1R1K1 w - - 1 20,e5d4 d5f4 c1f4 d8d4,1305,78,89,1769,crushing discoveredAttack middlegame short
bLMRG,8/p4p2/2b1p3/4k1p1/2P5/1P1N3P/r5PK/6R1 b - - 1 38,e5d4 d3b4 a2g2 g1g2,1215,83,93,4047,advantage endgame fork short
LA2LJ,r1bqkb1r/2ppnp1p/p5p1/1p1Np3/3nP3/1BP2N2/PP1P1PPP/R1BQK2R b KQkq - 0 8,d4b3 d5f6,1392,90,85,1653,mate mateIn1 oneMove opening smotheredMate
i3lLW,r3kb1r/1bq2Np1/p1n1p2p/1p1n3Q/2pP1P2/2P5/PPBN2PP/R1B2RK1 b kq - 0 14,c7f7 c2g6 f7g6 h5g6,1052,76,98,985,advantage middlegame pin short
dAa1j,r1b1k2r/pppp1pp1/1b6/1B2n3/3PP1pq/2P5/PP3PP1/RNBQRK2 w kq - 0 12,d4e5 h4f2,1390,77,92,676,mate mateIn1 oneMove opening
DvOFb,1B6/p2k4/1p2p1p1/1P3pP1/PbPK1P2/8/8/8 b - - 7 46,b4c5 d4e5 d7e7 b8a7,1310,77,94,515,bishopEndgame crushing defensiveMove endgame short
qYqe0,2r2rk1/3b1pb1/pq2p1pp/n2pP3/1p1P2P1/P1N2N2/1PR2PBP/2RQ2K1 w - - 0 21,c3a4 d7a4 c2c8 a4d1,1521,80,93,2281,crushing hangingPiece master middlegame short
XHeaz,2r1kb1r/p1q1pp1p/5p2/3Q4/Npn5/8/PPP1N1PP/2KR3R b k - 0 17,c4b2 d5b5 c7c6 b5c6,1780,77,87,683,advantage middlegame short
zSGs1,r1bqk2r/1p2nppp/p1n1p3/2bp4/5B1P/2NBPN2/PPP2PP1/R2QK2R b KQkq - 0 8,e8g8 d3h7 g8h7 f3g5,1697,77,91,2113,attraction crushing kingsideAttack opening sacrifice short
497g4,8/8/2k5/P6R/r7/7P/6P1/1b5K b - - 4 44,c6b7 h5b5 b7c8 b5b1,1129,80,95,7617,crushing endgame fork short
awVzO,6k1/pp1b3r/2p2qNp/3p4/3P4/4R3/PP3PPP/1Q4K1 w - - 1 29,g6e7 h7e7 e3e7 f6e7,1063,77,94,936,advantage endgame short
4pMka,5rk1/4r1bR/p4pQB/1p3P1K/3q4/2pB4/PP5P/R7 b - - 11 34,d4d3 h7g7 e7g7 g6g7,1278,78,94,19179,mate mateIn2 middlegame short
scaRL,4rr1k/1p4p1/p1pp1pPp/2b1p1n1/2PnP1Pq/3P2NP/PP3BBK/R2Q1R2 w - - 1 21,g3h5 d4f3 d1f3 g5f3,1400,76,93,1652,crushing middlegame short
2HMVL,r7/r7/3p4/1pp1bB1R/4P3/4k3/PP4R1/1K6 b - - 5 33,a7a2 h5h3 e3d4 g2d2,1015,82,91,582,advantage endgame master short
95RlA,2r2k2/5ppp/3Bp3/1p1p4/rPnq4/5PQ1/P4RPP/2R4K b - - 3 27,f8g8 d6e5 d4e5 g3e5,1238,76,94,1312,crushing middlegame short
f5LPS,r4rk1/p1pb1ppp/2p5/3pP1q1/3B4/7P/PPPN1P2/R2QR1K1 w - - 1 16,g1h2 g5f4 h2g2 f4d4,1146,75,100,1093,advantage fork middlegame short
fR2DR,4r3/pp4p1/4P1nk/3p4/2pP4/P1P3RB/1P4KP/8 w - - 12 38,h3f5 g6h4 g2f2 h4f5,1524,74,86,871,crushing endgame fork master short
hjc2w,8/P3P3/2p5/2B5/2BP2p1/5k2/7K/r7 w - - 1 54,e7e8q g4g3 h2h3 a1h1,1340,74,96,21831,endgame mate mateIn2 short
oAWEC,5r1k/pp4pp/5p1n/3r3Q/3NqP2/2P1P2P/PP3P1K/R5R1 w - - 13 32,h5f3 d5d4 f3e4 d4e4,1549,75,96,13069,advantage middlegame short
842cK,3r4/5qbk/3p4/p2R1p1p/1pPQp2P/6P1/PP3P2/2KR4 w - - 6 33,d4d2 g7h6 d2h6 h7h6,1548,76,95,9005,advantage endgame pin short
B8OP6,8/p7/8/Pp2k1pp/8/1PP2K2/7P/8 w - - 1 45,c3c4 b5c4 b3c4 e5d4,1494,76,95,12616,crushing endgame pawnEndgame short
DIvjN,r3r1k1/3q1ppp/2p5/1p2n3/p2bQ3/P6P/BPP2PP1/R1B2RK1 w - - 2 19,f1d1 d4f2 g1f2 d7d1,1294,76,94,18673,crushing discoveredAttack kingsideAttack middlegame short
qvD7U,r1b2rk1/pp3ppp/4p3/8/Q2n4/4q3/PPP1B1PP/3RK1NR b K - 5 14,b7b5 a4d4 e3d4 d1d4,1248,76,93,1632,advantage middlegame short
uQrtx,6k1/2q2ppp/Q3b3/3pP3/2r5/5B2/6PP/3R2K1 w - - 3 32,f3d5 c7c5 g1h1 e6d5,1707,75,96,1946,advantage endgame intermezzo short
SYktf,2r3k1/1b3p2/p3p1p1/1p2P1Pp/5P2/1N4P1/PPr4R/R5K1 w - - 7 30,a1f1 c2h2 g1h2 c8c2,1264,76,88,775,attraction crushing endgame short
3bljx,r6k/pp1b2pB/1npq2Np/8/3P4/8/PPQ3PP/5RK1 b - - 7 22,h8h7 g6f8 h7h8 c2h7,1306,76,98,3594,discoveredCheck doubleCheck mate mateIn2 middlegame short
SKUm2,8/1p6/5p1p/4k3/P1P5/7P/5KP1/8 w - - 5 57,f2e2 e5d4 a4a5 d4c4,1138,77,99,898,crushing endgame pawnEndgame short
WRpak,8/1p3p2/3r1p1p/P3pK1P/1k4P1/5P2/R7/8 b - - 13 41,d6a6 a2b2 b4c4 b2b7,1620,74,88,1375,crushing endgame rookEndgame short skewer
WwgT5,5k2/p2n1pbp/2q3p1/2pb4/8/3P1NPP/r1PN1P2/1R1Q1K1R w - - 0 19,c2c4 a2d2 d1d2 d5f3,1648,76,94,2339,advantage capturingDefender deflection middlegame short
T4OhX,5rbk/6pp/2QN4/4pP2/1P2Pn1q/P1PP3P/3B2P1/4R1K1 w - - 1 32,d2f4 h4e1 g1h2 e5f4,1426,84,90,2821,advantage hangingPiece intermezzo kingsideAttack middlegame short
hs3yM,6n1/4npk1/b3p1p1/p2pP1Np/qp1P1Q1P/6P1/5PB1/5NK1 b - - 1 31,g8h6 f4f6 g7f8 g5e6,1913,78,91,1478,crushing fork middlegame pin short
hqf66,6rk/RQ4pb/2p2pqp/1p5N/1PpP2P1/4P2P/5P2/6K1 w - - 11 43,b7c6 g6b1 g1h2 h7e4,1371,79,90,1451,clearance crushing endgame short
jcokI,5rk1/1p1Bbppp/p3p3/2B1n3/1P2r3/8/1P1R1PPP/3R2K1 b - - 1 21,e5c6 d7c6 e7c5 c6e4,1639,77,89,2431,crushing middlegame short
Arkrf,rr6/pR1b4/3q1kp1/5p1P/2pNp3/2P1P3/P4K2/3Q2R1 b - - 0 30,b8b7 g1g6 f6f7 g6d6,1039,88,94,966,crushing middlegame short skewer
BJske,2r3k1/1p2p1rp/3p4/1pq2PpR/4P3/P1PQ4/1P6/1K5R b - - 0 29,g5g4 f5f6 e7f6 h5c5,1685,76,92,2830,advantage discoveredAttack endgame master short
Rir9r,4N3/5p2/2k5/2p1p2P/1bP5/p4P2/K7/8 b - - 0 33,c6d7 h5h6 d7e8 h6h7,1684,79,93,3148,advancedPawn crushing endgame sacrifice short
D2zvG,8/1p3rpp/pk2p3/4Pp2/PP1P4/2R5/5KPP/8 b - - 3 27,f7c7 a4a5 b6b5 c3c7,1259,79,89,905,crushing deflection endgame rookEndgame short
KMMrD,r1bq1r1k/pp4pp/3p4/2pB3Q/3n1N2/3P2bP/PPP5/R1B2RK1 b - - 2 15,d8f6 f4g6 f6g6 f1f8,1072,79,94,3337,deflection discoveredAttack kingsideAttack mate mateIn2 middlegame pin short
8qMHz,1R4k1/3qbpp1/4p2p/3p4/3P4/2P3NP/r4PP1/3Q2K1 b - - 6 30,g8h7 d1b1 g7g6 b1a2,1346,80,91,1018,crushing endgame fork short
ykpck,r2q1rk1/pp1n4/3bp2p/5p2/3PpN2/4P1QP/PP3PP1/R4RK1 b - - 0 18,g8h7 g3g6 h7h8 g6h6,1430,80,93,1672,crushing deflection middlegame short
3qwBM,r1bk4/2p3pp/p7/1p2p3/4n3/1BP1P3/PP4PP/RN3K2 b - - 0 16,d8e7 b3d5 c8b7 d5b7,1196,76,100,1187,advantage endgame fork master short
dJmbj,4k3/P7/2p2Q2/2Pp1Pp1/R7/4BK2/7q/5r2 w - - 3 43,f3g4 h2h4,1584,83,94,2750,endgame master mate mateIn1 oneMove
v6sX9,8/1p5p/p7/1n4k1/1PK2R1N/r5P1/5P2/8 w - - 0 35,f4f7 b5d6 c4c5 d6f7,1444,79,96,34235,crushing endgame fork master short
qn5BO,R7/8/6P1/4p3/1r2p3/p3P3/1k3P2/5K2 b - - 0 54,a3a2 g6g7 a2a1r a8a1,1228,80,93,1458,advancedPawn crushing endgame rookEndgame short
cs6uF,2r5/5pRP/4kP2/2Kpp3/7B/8/8/8 w - - 5 67,c5b4 c8c4 b4b5 c4h4,1184,77,96,4971,crushing endgame fork short
E7R7h,2kr1bnr/ppp2ppp/2n5/3q4/3P4/P3PB2/1P3PPP/1RBQK2R b K - 0 10,d5f5 f3g4 f5g4 d1g4,1119,75,98,793,advantage opening pin short
5V44m,rn2qr2/pbp2pp1/1p3k2/3p1nN1/6QP/P1P5/1PP2PP1/R1BKR3 b - - 6 15,e8d7 g5h7,1009,90,95,905,master mate mateIn1 middlegame oneMove
es1Lp,1k3r1r/1pp5/p6p/8/P2pn3/3P1qP1/1PPQ3P/R4RK1 w - - 0 24,f1f3 e4d2 f3f8 h8f8,1107,83,94,1993,advantage endgame hangingPiece short
6djjX,8/1N4k1/p2p1rP1/4p1Qp/1P1pP3/P7/4bqPP/6RK w - - 3 35,b7d6 f2g1 h1g1 f6f1,1277,76,95,5817,attraction endgame mate mateIn2 operaMate sacrifice short
4PPA6,4r3/q6k/6pp/5p2/2P2P2/1PQp4/P2R1KPP/8 w - - 8 33,f2f1 e8e1 f1e1 a7g1,1939,75,95,2771,attraction endgame mate mateIn2 sacrifice short
pQP4S,4r2k/1p1r1p1p/3p2p1/B2P4/pR1bnP2/P4B1P/6PK/5R2 b - - 8 27,d4c3 b4e4 c3a5 e4e8,1281,85,93,585,advantage kingsideAttack master middlegame short
fhDo4,4k3/1p6/p1b3p1/4B2p/5P1n/P4P2/1P2K3/2R5 w - - 2 42,c1f1 c6b5 e2f2 b5f1,1156,81,94,7569,advantage endgame short skewer
H7NWf,r3r1k1/5ppp/2p1p3/p1PpB3/P2Pn3/4PQ2/3q1bPP/2R2R1K b - - 1 25,f2e3 f3f7 g8h8 e5g7,1108,75,100,618,kingsideAttack mate mateIn2 middlegame short
VDM8u,r1b1kb1r/1p3ppp/p1n5/8/4B3/8/PP1B1PPP/R3K1NR b KQkq - 0 14,f8b4 e4c6 b7c6 d2b4,1104,82,95,950,advantage middlegame short
KuD99,1Q6/8/1P6/2Pp4/3PpP1p/2R1Pk2/r7/5K2 w - - 3 75,b8g8 a2a1 c3c1 a1c1,1055,83,93,2570,endgame mate mateIn2 queenRookEndgame short
gOdBH,rnbq1bnr/ppp1pk1p/3p2p1/8/4P3/5N2/PPPP1PPP/RNBQK2R b KQ - 1 4,c8g4 f3g5 f7e8 d1g4,1171,80,94,760,advantage discoveredAttack opening short
1rTXQ,8/8/r1p2Qpq/P2p3k/2bPP2p/5P1K/5P1P/R7 b - - 0 48,c6c5 f6h4,1748,76,91,531,endgame mate mateIn1 oneMove
JYlXy,3rr3/ppp1Q3/1b3pk1/7p/1P3B1P/2Pp4/P4PP1/3R2K1 w - - 2 27,f4c7 e8e7 c7d8 b6d8,1190,77,96,8590,advantage endgame short
l5Rf2,8/1p3p1p/P5p1/1Pkp4/2r5/6P1/5P1P/1R3K2 b - - 0 32,b7a6 b5b6 c4e4 b6b7,1493,75,88,1758,advancedPawn crushing endgame rookEndgame short
4qOAg,8/1p3pr1/p2pk3/4p3/2r1P2p/PP4P1/2P1R2P/2K2R2 b - - 0 29,c4d4 c2c3 d4e4 e2e4,1645,79,93,3718,advantage endgame master masterVsMaster rookEndgame short
vK3W2,r7/2RP1pp1/5k1p/pK3p2/1p6/5P1P/1P6/8 b - - 0 35,f6e7 c7c8 e7d7 c8a8,1376,78,93,2454,crushing endgame rookEndgame short
aKUPl,r4rk1/pp4p1/4p1n1/8/3pP3/3P3q/PPP4B/R2Q2RK b - - 5 24,g6h4 g1g3 h3g3 h2g3,1785,76,95,12331,crushing middlegame short
aXFgI,8/1rk2pbp/4p1p1/1RK1P3/2P5/5N2/6PP/8 b - - 2 36,h7h6 b5b7 c7b7 c5d6,1240,76,93,545,crushing endgame short
wLG7g,8/5Qpk/4p2p/p2p4/2rP4/2P2R2/2q2PPP/1r3RK1 w - - 1 35,f3g3 b1f1 g1f1 c2d1,1185,75,98,1837,attraction endgame mate mateIn2 short
ZFBph,6k1/2q1bp1p/6p1/2pp4/1r1B4/4Q3/PP3PPP/2R3K1 w - - 0 26,d4c5 b4e4 e3e4 d5e4,1998,75,95,1987,advantage endgame short
U3fEU,8/6p1/1r5p/8/4k3/1pK4P/1R3PP1/8 w - - 9 41,b2b3 b6b3 c3b3 e4d3,1212,78,93,1143,crushing defensiveMove endgame rookEndgame short
18W3r,r2qr1k1/1b3ppp/p1nbN3/1p1p3Q/3B4/1P1P3P/1PPN2P1/R4RK1 b - - 7 20,e8e6 h5f7 g8h8 f7g7,1552,76,92,543,fork mate mateIn2 middlegame short
Zywwm,2kr3r/pp3Rpp/2n1p3/4q3/8/1QN5/PP4PP/R6K b - - 0 18,d8d7 f7d7 c8d7 b3b7,1443,77,92,2101,attraction capturingDefender crushing master middlegame queensideAttack short
imSqx,2r5/5p1R/5kB1/1p3p2/1p1P1P2/1P1KP3/P1r2P2/7R w - - 1 34,d4d5 c8c3 d3d4 c2d2,1263,82,90,5887,endgame mate mateIn2 short
Ufh6i,2R1B3/6pp/3p1k2/3Pp3/P7/1P2qr2/6QP/7K w - - 4 38,c8c2 e3e1 g2g1 f3f1,1288,75,98,1214,advantage endgame pin short
ajbNP,1r1r2k1/p5pp/1p2pb2/8/4B3/BP2P3/n1P2PPP/4RRK1 w - - 2 21,e1d1 d8d1 f1d1 a2c3,1198,80,93,15728,advantage middlegame short
p9NK6,8/5p1k/6pp/pq6/3Q1b2/P1P5/KR6/8 b - - 14 54,b5f1 b2f2 f1f2 d4f2,1499,75,88,1431,crushing endgame short
45FKS,4rk2/pp3p1p/8/2b5/Pn6/2NP1Q2/1qPK2PP/2R4R w - - 0 25,h1f1 c5e3 f3e3 e8e3,1066,82,91,1595,advantage middlegame short
dyLTA,3r2k1/6p1/3Bnb1p/p1p2r2/PpP4P/1P3NP1/5RK1/5R2 w - - 1 35,g3g4 f5f3 f2f3 d8d6,1799,75,92,2072,advantage master middlegame short
vUNlN,r3r1k1/p4ppp/8/2p5/3p1qn1/PP1B1b1P/2P2PP1/R2QR1K1 w - - 0 22,d1f3 f4h2 g1f1 h2h1,1223,77,86,848,kingsideAttack mate mateIn2 middlegame short
SSTrl,8/4r1k1/1pR3p1/p3qp2/5n2/P2P1Q2/1P3PP1/5NK1 w - - 4 33,g2g3 f4e2 g1h1 e2d4,1949,76,94,11485,advantage endgame master short
rqGdH,r1b2r1k/1pq1b1pn/2p2p1p/p3p3/2Q1P1PP/P1N1B3/1PP1BP2/R3K1R1 w Q - 4 17,c3a4 b7b5 c4c3 b5a4,1200,82,91,1001,advantage fork middlegame short
YhmEN,5rk1/pp3pp1/7p/3Pq3/1Pn1P3/P5PP/6B1/3Q1RK1 w - - 4 27,d1b3 c4d2 b3e3 d2f1,1589,74,88,1104,crushing endgame fork short
QC2Xb,r1b2rk1/p5pp/2pb4/n5q1/8/2NB1Npn/PPPP1PKP/R1BQR3 w - - 0 17,f3g5 f8f2 g2h1 g3g2,1485,78,93,555,advancedPawn master mate mateIn2 opening short
Qv5Je,2r2r2/5pbk/p2p1n1p/qpnPpPpP/6P1/2NBBP2/PP1Q4/1KR4R w - - 1 22,c3e4 a5d2 e3d2 c5d3,1574,79,94,6201,capturingDefender crushing master middlegame short
ipVJM,r1b1k2r/pp1n1pbp/4p1p1/3pPn2/3B1P1q/1PPQ2P1/P6P/RN2KBNR b KQkq - 0 11,f5g3 d3g3 h4g3 h2g3,1313,76,86,1851,advantage opening short
9YWJf,5R2/1pk3rp/4K3/pPpP4/P1n5/7P/8/8 b - - 1 41,c4b6 d5d6,1024,76,100,540,endgame mate mateIn1 oneMove
ugXik,rn1r1bk1/p2b1p1p/q2N2p1/2pP4/2N2B2/7P/PP2QPP1/R3K2R w KQ - 7 17,e1g1 f8d6 f4d6 d7b5,1736,80,90,623,advantage middlegame short
7ekqZ,1r4k1/Q4ppp/3p1b2/3Bp3/2P1P3/8/5PPP/1q2NK2 b - - 10 42,g7g6 a7f7 g8h8 f7f6,1202,74,97,5584,endgame fork mate mateIn2 short
6lwLx,r2q1rk1/pp1b1ppp/3N4/3p4/8/2PBn3/PP3PPP/R2Q1RK1 w - - 0 15,d6f7 e3d1 f7d8 d1b2,1780,75,95,1042,advantage middlegame short
tGhUL,r1b2rk1/p3ppbp/2pp1qp1/8/N1P1PP2/1P3Q1P/P3B1P1/2B2RK1 b - - 2 21,c6c5 e4e5 d6e5 f3a8,1890,78,95,15257,advantage discoveredAttack middlegame short
3MDWE,2krr3/1pp2pbp/p6p/3q1b2/3P4/5N1P/PP2NPP1/2RQR1K1 w - - 2 18,c1c5 d5c5 d4c5 d8d1,1432,75,89,1753,crushing discoveredAttack middlegame short
zvZEV,r1b2rk1/2q2pp1/2pbp2p/1p1nN3/3P3P/pPP3B1/P1B1QPP1/2KR3R b - - 0 18,d5c3 e2d3 c3a2 c1b1,1632,77,92,3240,advantage master middlegame short
GjSSv,r1bqk2r/pppn3p/4p1p1/4Pn2/3P2Q1/2NB4/PPP3P1/R1B1K2R w KQkq - 0 15,g4g6 h7g6 h1h8 d7f8,1738,76,94,858,advantage defensiveMove opening short
bhQwW,7k/6rp/2p5/1p1p4/pP1Pqn2/P1P1p3/4B2R/1KBQ4 w - - 2 36,b1b2 g7g2 d1h1 g2e2,1721,74,91,643,crushing middlegame short
QTh4o,8/5pk1/6p1/3QR2p/3P3q/3P1P2/Pr4PP/4R1K1 w - - 1 33,e5e7 h4f2 g1h1 f2g2,1437,77,94,17436,endgame mate mateIn2 short
pKBM0,1rb5/3p1kpp/p1pRr3/2P1pp2/8/1P4P1/P3BPKP/3R4 b - - 0 21,a6a5 e2c4 f7e7 c4e6,1531,74,97,12137,crushing endgame pin short
OD9g4,r2q1r1k/1bp3pn/pbnp3p/1p1B4/3Pp3/P2Q1N1P/1P3PP1/RNB1R1K1 w - - 0 17,d3e4 h7f6 d5c6 f6e4,1745,74,93,1402,crushing middlegame short
rBhSV,r4rk1/p4ppp/8/1qbp2B1/4R3/5N2/PPP2PPP/R2Q2K1 w - - 1 17,d1d5 c5f2 g1f2 b5d5,1038,77,100,735,advantage discoveredAttack kingsideAttack middlegame short
xQYVx,r1b1r3/p1k2R1p/1p2P3/2pQ4/2P5/6Pq/PP6/R5K1 b - - 3 27,c7b8 d5d6,1081,77,86,657,mate mateIn1 middlegame oneMove
TD574,r5k1/1b2n1p1/p2qN2p/1p1P4/2p3Pb/5Q1P/PP2B3/5RK1 b - - 9 31,b7d5 f3f7 g8h8 f7g7,1386,76,92,2246,kingsideAttack mate mateIn2 middlegame short
2jqiC,N4b2/Q3nk2/3p4/2p1p1p1/2Pn4/3q3B/PP3P1P/R1B1K2R w KQ - 0 21,h3g4 d4c2,1567,83,94,4038,cornerMate mate mateIn1 middlegame oneMove
RviiS,8/4bp1q/p1pp1k2/4pPp1/2Q3P1/1B1K1P2/PPP4r/4R3 w - - 9 36,e1e5 d6e5 c4c6 f6g7,1302,82,91,1712,advantage endgame short
fcjID,1r4k1/p7/3P2p1/2p5/8/8/K3p1P1/1rB1R3 b - - 0 39,b8b7 d6d7 b7d7 a2b1,1536,75,97,6573,advancedPawn advantage deflection endgame short
EQA55,8/P3p2p/6pk/4p3/4p3/4Pq2/8/R4RK1 b - - 5 36,f3e3 f1f2 e3g3 f2g2,1024,85,94,1417,advantage defensiveMove endgame master queenRookEndgame short
7ROac,r2k2nr/pp3ppp/1q2p1b1/1BbpP3/3N4/2P5/PP3PPP/R1BQ1RK1 w - - 5 12,c1e3 c5d4 c3d4 b6b5,1004,78,97,7097,advantage capturingDefender middlegame short
3C3P4,1r3rk1/p3ppbp/3p2p1/q1pQ4/N1P1P3/1P6/P4PPP/3R1RK1 b - - 1 17,g7d4 d1d4 e7e6 d5g5,1749,76,92,618,advantage middlegame short
ku4OD,r3b2k/1r2q1bP/4pp1B/3pN3/3P4/ppP3R1/5PP1/1Q2R1K1 b - - 3 31,g7h6 g3g8,1203,76,96,4015,mate mateIn1 middlegame oneMove
uz8LH,4k3/5pp1/2r5/2pRKPPp/2P2P1P/8/8/8 w - - 2 44,f5f6 c6e6 e5f5 g7g6,1322,76,93,680,endgame mate mateIn2 rookEndgame short
p8Qi4,1k1r4/1pp2p2/4q3/pP2P1p1/P2P1bNp/3Q3P/5PP1/3R2K1 w - - 1 33,d3e4 f7f5 e4f3 f5g4,1607,74,95,20475,crushing endgame fork short
pUGt0,3r2k1/pp3ppp/2n1P3/q5P1/5Q1P/PP6/1K3PB1/3RN3 b - - 0 26,d8d1 f4f7 g8h8 f7e8,1086,75,95,764,backRankMate endgame master mate mateIn2 short
30o3n,1r2b1k1/1pR3p1/p3pp1p/3rN1q1/1Q1P4/7P/PP3PPK/3R4 w - - 0 27,e5f3 g5f4 h2g1 f4c7,1443,76,92,9529,crushing fork middlegame short
I9XZ9,3r1r2/1k2n2p/1p1p2p1/pB4PP/3Pp3/1PP2p2/1P1K1P2/5R1R b - - 1 24,d6d5 h5g6 h7g6 h1h7,1252,78,93,4851,advantage clearance endgame pin short
6eU9k,4r1k1/p7/2pRb2p/1pPnQ1p1/4p3/4P2N/KP4PP/5r2 b - - 1 26,d5e3 d6e6 e8e6 e5e6,1150,77,94,731,crushing master middlegame short
z3lIH,r3k2r/pppq1pp1/5n1p/Q7/3bP3/2N3P1/PP3PKP/R1B2R2 w kq - 6 17,f1d1 d4c3 d1d7 c3a5,1536,76,95,15327,crushing middlegame short
6UrvQ,5b2/5Pp1/3k2K1/p1pBp3/PpP5/1P6/8/8 b - - 6 50,f8e7 g6g7 e5e4 d5e4,1369,77,97,5167,bishopEndgame crushing endgame short
LwXhW,6k1/4P1pp/8/1B2p1P1/5P2/1n6/1KP4P/3r4 b - - 0 30,g8f7 e7e8q,1577,85,90,1884,advancedPawn endgame mate mateIn1 oneMove promotion
6RYVy,8/5pPk/2n4p/3p4/2pP2P1/p1P1Q2P/7q/2B2K2 b - - 0 43,a3a2 e3h6 h7g8 h6h8,1401,77,85,990,endgame fork mate mateIn2 short
tvcli,r3kb1r/p4ppp/2pqp3/1n1N4/8/1P1Q3P/P1PB1PP1/R3K2R w KQkq - 1 16,d5f4 d6e5 d3e2 e5a1,1440,75,99,4148,advantage fork middlegame short
3jit3,4q1k1/1R6/2p2p1p/p2bnQp1/P6P/4p3/5PP1/6K1 b - - 1 32,e8g6 f5c8 g6e8 c8e8,1394,75,87,542,endgame mate mateIn2 short
dMSiw,1Q6/8/4k3/p1K1npP1/P7/7P/5p2/8 b - - 0 48,f2f1q b8e8,1934,78,96,3540,endgame mate mateIn1 oneMove
Ir4SK,2r2rk1/1pqbbppp/p2ppn2/n5B1/4P3/P1NB1N1P/1PPQ1PP1/R4RK1 b - - 6 14,a5c4 d3c4 c7c4 e4e5,1852,78,91,3669,advantage middlegame short
eb2RD,r1b2qk1/p2p1ppp/1ppQ4/8/1B1P4/8/PP3PPP/4R1K1 b - - 3 20,f8d6 e1e8 d6f8 e8f8,1141,76,97,4231,endgame kingsideAttack mate mateIn2 operaMate short
0mvOL,2k2r2/p1p4p/1p1pp2n/bP6/P1BPqrP1/1R2N2P/4Q1P1/5RK1 w - - 0 26,c4e6 e4e6 f1f4 f8f4,1197,82,92,831,advantage hangingPiece middlegame short
pS1R1,r1b2b1r/ppN1kppp/2n5/2P5/8/8/PqP2PPP/R2QKBNR w KQ - 2 10,c7a8 b2c3 d1d2 c3a1,1416,76,96,2491,advantage deflection middlegame short
dxfkb,4rr1k/p2R3p/1p4p1/2p5/2P3Q1/P5PP/1q3P2/5RK1 b - - 1 32,e8e2 g4h4 b2g7 d7g7,1596,75,93,526,crushing endgame short
ps5WE,r1bqkb1r/1p1n1p2/p1n1p1p1/4P1Np/1PNP3P/P1P5/2Q2PP1/R1B1K2R b KQkq - 2 14,b7b5 g5e6 b5c4 e6d8,1920,76,92,8195,advantage middlegame short
PStto,6k1/1pr2pp1/p3p2p/3pP3/3P3Q/1P1qPN1P/3N2PK/8 b - - 1 26,d3e3 h4d8 g8h7 d8c7,1017,78,92,828,crushing endgame fork short
kr2Kw,3q3k/5R2/4B1P1/7K/4N3/8/2p5/8 b - - 2 55,c2c1q f7h7,1120,77,97,942,endgame master mate mateIn1 oneMove pillsburysMate
GGyUx,r5k1/7R/4p1p1/4PbP1/8/2p2K2/pr6/7R b - - 5 51,c3c2 h7h8 g8f7 h1h7,1458,77,93,2728,endgame mate mateIn2 short
NjJ87,4r1k1/2N1ppbp/3p2p1/p1n3B1/P1q5/4P3/5PPP/3Q1RK1 b - - 1 23,c4a4 d1a4 c5a4 c7e8,1395,80,96,11080,advantage master middlegame short
WUMrF,1N6/1p2r1kp/p2p4/5pq1/7P/2P1bQP1/PP2R3/7K b - - 0 32,g5g4 e2e3 g4f3 e3f3,1440,74,90,1982,advantage endgame master short
RH1i1,5rk1/5pq1/2p1n1P1/8/2P3B1/8/5RQ1/6K1 b - - 0 48,g7d4 g6f7 f8f7 g4e6,1335,79,91,1880,advancedPawn crushing discoveredAttack discoveredCheck endgame master pin short
J4Nkg,1rq3k1/B4p1p/p3nPp1/1p6/8/b1P3P1/P4QBP/5RK1 w - - 2 24,a7b8 a3c5 b8e5 c5f2,1082,81,94,647,advantage master middlegame pin short
iUmC8,r1bqr2k/ppp2Qp1/2n5/6N1/3P4/B1n5/P4PPP/R4RK1 b - - 2 16,c8g4 f7g6 d8g5 g6g5,1946,75,91,961,crushing middlegame short
hGHmF,5k2/p1q1r2p/6p1/1Qp1b3/P7/3P2P1/2P2P2/1R2R1K1 w - - 1 27,b5b8 c7b8 b1b8 e5b8,1373,77,93,9328,crushing endgame short
5wzD6,r2q1b1r/pppk2Pp/2n4n/3p2NQ/2Bp2b1/8/PPP2PPP/RNB1K2R w KQ - 1 10,h5g4 h6g4 g7h8q f8b4,1545,77,100,1568,advantage opening short
Obkjt,r3kb1r/p1p2p2/2pp1n2/4P3/8/3B2pq/PPPNQ2B/R4RK1 b kq - 1 16,g3h2 g1h1 f6h5 e5d6,1786,77,93,4317,advantage defensiveMove discoveredAttack discoveredCheck middlegame short
fcBfT,r3r1k1/p4pqp/2p3p1/3b4/3Q1P2/1P6/P3B1PP/2RR2K1 w - - 2 20,e2c4 e8e1 d1e1 g7d4,1447,77,90,1070,advantage deflection kingsideAttack middlegame short
tZxzy,1nk2r1r/1R1pn3/1P2pp1q/1p6/3PP3/3B1pP1/2P2R1P/Q5K1 b - - 0 24,c8b7 a1a7 b7c8 a7c7,1076,86,98,2229,mate mateIn2 middlegame short
hTHPc,r3k2r/2q1bp1p/ppbp1np1/2pNp3/P3P3/1P1P1N2/1BP2PPP/R2QR1K1 b kq - 1 14,f6d5 e4d5 c6d5 f3e5,1909,75,91,1655,advantage master middlegame short
hU2wA,8/p2krQ2/b2p2p1/3P2Np/8/2P5/1rN3PP/3K4 w - - 1 32,f7g6 b2b1 d1d2 e7e2,1146,79,96,8816,endgame mate mateIn2 operaMate short
rDOcy,r1b2rk1/pp3pb1/2n1p3/4q3/2PpN2Q/3B4/PP3PPP/R2K3R b - - 3 18,c6b4 e4f6 e5f6 h4h7,1282,74,85,575,kingsideAttack mate mateIn2 middlegame sacrifice short
vYGGC,rn3rk1/pp2Bppp/2p1n3/3p3q/7N/1BPP2Q1/P1P2PPP/2K1R3 b - - 12 19,f8e8 e1e5 h5e5 g3e5,1971,75,94,5394,advantage middlegame short
ZxOHm,1r4k1/p1pq1pp1/2b2b1p/2p2B2/8/1PP2N2/P1Q3PP/5RK1 b - - 3 21,d7d5 f1d1 d5d1 c2d1,1810,76,93,2627,advantage middlegame short trappedPiece
LvDn1,3k4/5p1p/p3r3/1p2nb2/B7/P3BpP1/1P1K1P1P/7R w - - 0 28,a4b3 e6d6 d2c3 d6d3,1103,77,87,558,crushing endgame master short
7WEVB,6k1/1pp3b1/p2p2r1/3Ppq1p/4N2r/2P1QP1P/PP4PK/2R1R3 w - - 0 27,e1g1 g7h6 e3h6 g6h6,1955,82,90,1599,advantage middlegame short
zZtVH,r3kbnr/p1p1q1pp/3p1p2/1p6/2BnP3/2Q5/PP3PPP/RNB2RK1 w kq - 0 11,c4g8 d4e2 g1h1 e2c3,1015,75,100,1012,advantage fork opening short
oCpHI,1r3rk1/p1Q2ppp/8/4P3/3p4/5R2/PPP1q1PP/5R1K w - - 1 24,f3f7 e2f1 f7f1 f8f1,1137,80,92,1038,backRankMate endgame mate mateIn2 short xRayAttack
KgwMC,7r/ppBr1kp1/2n2b2/8/6b1/5NPp/PPP2P1P/R3R1KB w - - 1 17,c7e5 g4f3 h1f3 c6e5,1609,75,95,11201,advantage middlegame short
pcSm1,r1bq1b1r/ppNkn1pp/2n1p3/5p2/2BPpB2/5N2/PPP2PPP/R2QK2R b KQ - 2 8,e4f3 c4e6,1260,76,92,1461,mate mateIn1 oneMove opening
HaNLT,r1bqr1k1/3n1p2/4p1p1/3pP2p/p1nP4/Pp2NQP1/1P3PK1/RBB1R3 b - - 4 24,c8b7 e3c4 d5c4 f3b7,1486,80,92,1538,advantage master middlegame short
Djt3l,6k1/1R5p/p4B2/3bK2p/1P6/2Pr4/6P1/8 b - - 4 38,d5g2 b7g7 g8f8 g7g2,1324,76,86,1099,crushing endgame fork master short
wEu4O,2QK4/p2Qpk2/8/4q1p1/8/4P1P1/7P/8 w - - 8 49,c8c7 e5h8 d7e8 h8e8,1132,79,95,931,endgame master mate mateIn2 queenEndgame short
7NJGQ,4r1k1/1p3p2/p1p2q1r/2Pp2p1/1P1Nn1P1/3RP3/P1Q2PPp/5RK1 w - - 0 34,g1h1 e4g3 f2g3 f6f1,1415,76,93,920,kingsideAttack mate mateIn2 middlegame short
BLBuJ,4rk2/5p2/5p1p/1pRp4/3P2b1/1B1K4/PP2rPPP/2R5 w - - 13 30,f2f3 e8e3,1240,80,93,7340,blindSwineMate endgame mate mateIn1 oneMove
TF36q,3r3r/1pp1kppp/3b1n2/2q5/Q7/2N5/PPP2PPP/R1BR2K1 w - - 8 15,c1g5 c5g5 d1e1 e7f8,1720,75,93,2223,advantage defensiveMove hangingPiece middlegame short
fudUg,2r1k1r1/1p3p1p/p3p1pq/P2pPnN1/1Pb2QP1/2P5/3N1P2/R3R1K1 w - - 2 30,g5e6 f7e6 f4h6 f5h6,1553,75,90,1391,crushing hangingPiece master middlegame short
oUfM8,r4rk1/1bp1qppp/pbn2n2/1p2P1B1/8/1B3N1P/PP2QPP1/RN1R2K1 b - - 2 14,c6e5 e2e5 e7e5 f3e5,1874,77,91,645,crushing middlegame short
UIm6L,6rk/1R1Q2pp/p3P3/2rp2q1/8/P4p1P/5PP1/4R1K1 w - - 0 33,g2g3 c5c1 d7f7 c1e1,1077,77,89,1301,crushing endgame short
CWBMu,5n2/5kp1/p2P1q1r/1p2p3/2p1BpQ1/2P5/PP6/2K3R1 b - - 0 36,h6h4 e4d5 f8e6 d5e6,1634,74,89,1371,crushing endgame short
QwBnX,3k4/p5R1/1p1PP2p/2p2P2/P1P1K3/r2B3r/8/8 b - - 0 50,a3d3 g7g8,1455,79,92,2470,endgame mate mateIn1 oneMove rookEndgame
RhyTJ,k7/P2R4/7p/3pPK2/3P1p2/5P1p/P5r1/8 w - - 0 40,e5e6 h3h2 d7d8 a8a7,1903,78,88,886,advancedPawn crushing endgame master rookEndgame short
6Zyqf,1r4k1/ppN2ppp/2nB1n2/6q1/8/5B1b/PPP2P1P/R2QK2R w KQ - 4 16,c7e6 b8e8 d1d2 e8e6,1958,76,94,718,advantage middlegame pin short
zndJp,r4rk1/pp1qnp2/n1p3p1/3pQNP1/3P1P2/2P5/PP4b1/R1B1K2R b Q - 1 17,g2h1 e5g7,1180,76,100,664,mate mateIn1 middlegame oneMove
PoZsf,1k6/2R5/PK2p3/1P1p4/3p3p/3q4/8/6r1 b - - 6 55,g1b1 a6a7 b8a8 c7c8,1197,75,97,4152,advancedPawn endgame mate mateIn2 queenRookEndgame short
wWgnH,rnbr2k1/1q2bppp/3ppn2/1N4B1/4PP2/1B6/PPP1Q1PP/2KR3R b - - 2 14,b7e4 e2e4 f6e4 g5e7,1241,80,92,1697,crushing middlegame short
YLPN9,5r1k/p5pp/8/5b2/2QP1p2/2P2P1P/Pq2r1P1/R3R2K b - - 0 27,f5h3 c4e2 b2e2 e1e2,1461,75,94,5692,advantage middlegame short
wEOeN,2r3k1/5pbp/3Q2p1/5q2/8/1P2B2P/1PR1N3/1K6 w - - 2 29,e2d4 g7d4 d6d4 f5c2,1697,77,96,18638,crushing middlegame short
jm0pI,8/kP6/5p2/N2K1Pp1/6n1/8/8/8 b - - 0 62,g4h6 d5c6 h6f7 c6c7,1563,76,100,700,crushing defensiveMove endgame knightEndgame short
17K7m,8/4K1p1/8/3p4/4bQ2/4P1rk/8/8 w - - 6 60,e7f8 g3f3 f4f3 e4f3,1122,86,94,1200,crushing endgame pin short
rMDJo,3rkn1r/3q1p2/5Rbp/p1p1p3/PpP1P1P1/1B1P1N1P/2P5/R2Q2K1 w k - 3 23,f3e5 d7d4 f6f2 d4e5,1138,75,97,2961,crushing fork middlegame short
ibltt,8/2p5/1p1p4/p2Pp1k1/P1P2pPr/3P1KP1/1P6/6R1 b - - 0 36,h4g4 g3f4 g5f5 g1g4,1122,77,97,2424,crushing discoveredAttack endgame rookEndgame short
PpKxI,r3k2r/pp1qbpp1/2pp1n2/3Pp3/4P1b1/1BNQ1P1p/PPP3KN/R1B3R1 w kq - 0 19,g2g3 f6e4 f3e4 e7h4,2000,84,91,609,clearance mate mateIn2 middlegame sacrifice short
B3mqE,r1bqk2r/pppp1ppp/2n1p3/2b3B1/4n3/3P1N2/PPP1PPPP/R2QKB1R w KQkq - 0 6,g5d8 c5f2,1297,75,100,1719,attackingF2F7 mate mateIn1 oneMove opening
1QUsQ,2br3r/pp3kpp/1q1BBn2/2p5/1n6/8/PPP1QPPP/2KRR3 b - - 0 17,c8e6 e2e6 f7g6 e1e3,1915,76,93,1902,advantage defensiveMove master middlegame short
LauWx,8/p7/6qk/3Q3n/3P1r2/4p1B1/P3N1K1/7R w - - 0 44,e2f4 g6g3 g2f1 g3f2,1589,78,90,732,endgame fork mate mateIn2 short
CD9ma,7r/p2k3p/2p3p1/2Pp1p2/3b4/N2Br3/P5PP/1R1R2K1 w - - 2 27,b1b7 d7c8 g1f1 c8b7,1563,76,100,1102,advantage defensiveMove master middlegame short
bhdjn,6k1/1p3pp1/4p3/1q1pP3/1n1P1N2/4P3/2Q2KPP/8 w - - 4 37,c2b3 g7g5 b3d1 g5f4,1747,75,91,507,advantage endgame short
DVO0z,5rk1/1p3pp1/pq2pn1p/2r5/2R5/1P2QN1P/2P2PP1/4R1K1 b - - 1 22,f8c8 b3b4 c5c4 e3b6,1818,74,88,1322,advantage middlegame short
9HEBG,r4rk1/pp1npp1p/2pp1np1/7q/3PP3/1P1Q2P1/PBPNbPBP/R4RK1 w - - 1 14,d3e3 f6g4 h2h3 g4e3,1509,76,95,2951,crushing middlegame short
2Yn4N,4r1k1/2p2qb1/pp1pR2p/3P2p1/2P2p2/1Q1B4/PP3PPP/6K1 w - - 2 25,d3g6 f7g6 e6e8 g6e8,1841,77,95,7182,crushing endgame master short
RNjFt,r3kb1r/pp3ppp/1q2p3/3pn3/Q2N2PP/2P1B3/PP3P2/1R2K2R b Kkq - 1 13,e5c6 d4e6 b6e3 f2e3,1855,77,92,2105,advantage middlegame short
QEI2A,r1b1k2r/pp1n1p1p/3p1p2/q2Pp3/1pP5/1QN5/1P2PPPP/3RKBNR w Kkq - 0 11,c3a2 d7c5 b3b4 a5a2,1298,82,93,10606,advantage opening short
GqHFR,r7/1N1n3p/2p1kpp1/p1p1p3/P1P3P1/1P6/2PRKP1P/8 b - - 3 35,a8a7 b7d8 e6e7 d8c6,1785,75,93,2826,crushing endgame master short
sShHx,8/2k1n2p/p3Ppp1/PpK2P2/1P1NP3/8/5nBP/8 w - - 2 33,e4e5 f2d3,1598,85,88,1826,endgame mate mateIn1 oneMove
xtOTi,4b3/p4r2/p3p2k/P1B1P2P/3P1K2/8/8/7R w - - 3 49,f4e4 e8c6 e4e3 c6h1,1262,85,92,2124,crushing endgame short skewer
vLeHc,8/1p6/1p2k3/p7/rP3R2/5K2/6PP/8 w - - 0 38,b4b5 a4f4 f3f4 a5a4,1404,77,97,4546,crushing defensiveMove endgame rookEndgame short
w13Lv,8/1p3kp1/2p2n1p/p1bpBQ2/P4N2/2P4P/5qPK/8 b - - 1 29,c5e3 f5e6 f7f8 f4g6,1682,77,95,16785,endgame mate mateIn2 short
MEZ5w,r1b2rk1/pp1p1ppp/2n1p1q1/1Q6/7P/1P6/PBP2PP1/1R2KB1R b K - 0 13,g6c2 f1d3 c6d4 b2d4,1720,77,93,7098,advantage middlegame short
H8iS6,6k1/5pp1/4p2p/4Q1q1/8/4B1PP/5P1K/2r5 b - - 2 46,g5f5 e5f5 e6f5 e3c1,1700,74,87,811,advantage endgame short
vOztb,rnbqr1k1/ppp2ppp/3b4/6B1/4n3/2N2N2/PPP2PPP/R2QKB1R w KQ - 0 8,g5d8 e4c3 e1d2 c3d1,1134,75,94,9681,advantage discoveredAttack discoveredCheck opening short
o5nar,rn1qkbnr/p2b1ppp/4p3/4N3/2BP4/8/PPP2PPP/R1BQK2R b KQkq - 1 10,g8f6 d1f3 b8c6 e5c6,1864,74,93,2577,advantage opening short
I2Fvg,3rkb1r/2pn1ppp/2B1p3/p7/2Pq4/PQ4PP/1P1B1P1R/R3K3 w Qk - 3 22,d2a5 d4e5 e1f1 e5a5,1389,77,92,1254,advantage fork middlegame short
OWNVt,3r4/8/pp2k3/4p1p1/1PPnB3/P4Pp1/5K2/3R4 w - - 0 32,f2g3 d4e2 g3f2 d8d1,1018,76,97,1032,crushing discoveredAttack endgame short
ItRM2,1nk5/4b3/p2p4/2PQp1p1/1P3qP1/5N1p/1P3P1P/3R1RK1 w - - 1 28,c5d6 f4g4 g1h1 g4g2,1400,75,95,3750,mate mateIn2 middlegame short
NbzV6,B3r3/4ppkp/p5p1/1pN3q1/2pP1nb1/2P2P2/PP3Q2/3RR1K1 w - - 0 27,f3g4 f4h3 g1f1 h3f2,1345,76,93,1101,advantage fork middlegame short
BrNS4,2Nq1knr/1p3p1p/r5p1/p3b3/3n4/P3Q3/1PP1PPPP/2KR1BNR w - - 0 15,e3e5 d4b3 c2b3 a6c6,1752,76,93,1490,advantage opening sacrifice short
woGsw,4r3/1kp4p/1p4p1/1Rbq4/4p3/2P1B1QP/r4PP1/1R4K1 b - - 5 30,d5d3 e3c5 d3g3 f2g3,1708,76,94,1558,advantage master middlegame pin short
OBWjx,8/2r4r/5p2/1pP4p/5B1P/P1k2KP1/8/4R3 b - - 2 39,c7c5 e1c1 c3b3 c1c5,1144,76,100,2157,crushing endgame short skewer
2rkBZ,3k2Q1/pp6/3qpb2/8/3r3P/8/PPR2PP1/6K1 b - - 4 28,d8d7 g8c8 d7e7 c2c7,1585,75,88,510,crushing endgame short
5MpJl,1r6/8/4Bp1p/1P6/5P1P/6k1/6r1/3R1K2 b - - 2 42,b8b5 d1d3 g3f4 f1g2,1224,78,93,1417,advantage deflection endgame short
QXIzE,8/6p1/8/n1p4p/4kP2/PpK3P1/8/1R6 w - - 1 43,b1b3 a5b3 c3b3 e4d3,1733,75,94,6997,crushing defensiveMove endgame master short
WEc6g,r1b2r1k/ppp4p/5N1b/4N3/1nBP4/8/PPP1K2P/R5R1 b - - 0 20,f8f6 g1g8,1158,77,96,10203,mate mateIn1 middlegame oneMove operaMate
yH4td,2r2rk1/pQB2pp1/1p2q1np/2bRp3/8/P3PN1P/1P3PP1/5RK1 w - - 2 23,f3e5 c8c7 b7c7 e6d5,1625,77,94,17828,advantage deflection middlegame short
aw8Y7,4k3/1p3ppp/2P5/5b2/nKB5/5P2/P5PP/7r b - - 3 30,a4b2 c6b7 b2c4 b7b8q,1289,78,93,916,advancedPawn advantage endgame promotion short
4kZvB,8/pkprb1R1/2p5/6p1/5P2/2P1K3/PPP2P2/6B1 w - - 1 26,f4g5 e7c5 e3e4 d7g7,1084,76,100,555,advantage discoveredAttack endgame short
FYvRe,7k/pp4bp/2p3q1/5Rp1/1P1P4/P5P1/1BQ3KP/4r3 b - - 2 28,g6e6 f5f8 g7f8 d4d5,1816,75,100,636,advantage discoveredAttack endgame sacrifice short
ykpLj,6k1/1RQ3p1/4pr1p/p2p4/3P1PPK/7P/PP3q2/8 w - - 9 36,h4h5 g7g6 h5h6 f2h4,1097,75,100,1727,endgame mate mateIn2 short
jRPMa,8/8/8/7p/2n3k1/2P5/4N3/2K5 w - - 0 49,c1c2 h5h4 e2g1 g4g3,1976,79,91,1807,crushing defensiveMove endgame knightEndgame quietMove short
1Qem3,8/1q6/5pp1/4p2k/p7/4Q1KP/6R1/5r2 b - - 2 56,g6g5 e3e2 h5g6 e2f1,1181,77,96,6074,crushing endgame fork short
I4JeS,3nqr1k/1pp3pp/2bn1b2/p3Np2/1PQ5/P3PNP1/1BP2PBP/4R1K1 w - - 1 22,c4d3 c6f3 e5f3 f6b2,1678,77,93,7727,advantage middlegame short
C1xym,7R/p3q1p1/8/2QpP3/PP4K1/2P1k1p1/5r2/8 b - - 1 37,e3e4 c5d4,1511,79,97,11062,endgame mate mateIn1 oneMove
RYEmn,rnb5/pppk2p1/4p1Np/1B1p4/4N2Q/4K3/2q2PPP/7R b - - 3 22,b8c6 h4e7,1706,86,90,1815,mate mateIn1 middlegame oneMove pin
jjxWN,8/4bk2/Q3p1p1/4Bb1p/2BP4/4PPK1/2q5/5R2 w - - 1 30,e3e4 h5h4 g3f4 c2d2,1972,79,92,2892,mate mateIn2 middlegame short
diPVA,r6r/4kpp1/3pP2p/p7/1pBq2P1/8/PPP1Q2P/2K4R b - - 0 21,f7e6 e2e6 e7d8 h1d1,1572,77,93,5867,crushing endgame short
eWlhU,2k5/5bp1/1p5p/p3r3/2Kp2r1/1N1P4/2P5/1R3R2 w - - 2 35,f1f7 b6b5,1350,76,94,559,endgame mate mateIn1 oneMove
T5vPr,r2q2k1/1b3rpp/1p1b2n1/pB1p4/P2Pp3/2P1N1BP/1P4P1/R2QR1K1 w - - 4 23,d1g4 b7c8 g4h5 d6g3,1772,75,93,2267,crushing middlegame short
Te0qt,2kr3r/ppp5/2npq2p/5Rp1/2P5/P2BP3/1PKQ3P/5R2 b - - 3 24,d6d5 c4d5 e6d6 d5c6,1941,76,89,3336,advantage fork middlegame short
wFr4w,2kr2nQ/1pp2p2/p1p4p/4P3/2b5/2N2N2/PPq2PPP/R3K2R w KQ - 2 15,a1d1 d8d1 c3d1 c2e2,1288,74,97,16914,mate mateIn2 middlegame short
LCQO3,5R2/4p3/8/5k2/R6p/7P/6PK/1r3r2 b - - 3 42,f5g5 a4g4 g5h6 f8h8,1333,76,99,5395,endgame master mate mateIn2 rookEndgame short
Rbqll,r7/1pp1qB1k/pn1b1n1p/4N3/P2P2b1/2N1Q3/1P3PPP/R5K1 w - - 1 21,e5g4 f6g4 e3e7 d6e7,1509,76,94,2444,advantage master middlegame short
pASbS,b1r2rk1/p2qp2p/3pn1p1/2PN4/4B3/5P2/P2Q2PP/2R1R2K b - - 0 25,c8c5 c1c5 e6c5 d5e7,1947,75,92,5452,advantage middlegame short
r7wsS,bnr3k1/5pp1/1q1p1n1p/1p2p3/1P2P3/2P2N2/2QNBRPP/2B3K1 w - - 1 19,c1b2 f6g4 f3d4 g4f2,1751,76,93,2268,crushing middlegame short
NPfz0,2kr1B1Q/1pp4p/p1p3p1/5n2/6b1/1P2P3/P1Pq1PPP/R4KNR w - - 2 15,a1e1 d2e1 f1e1 d8d1,1601,78,95,15046,attraction mate mateIn2 middlegame operaMate sacrifice short
I63rl,5rk1/p1r3pp/1p2p3/3pN3/3P1q2/P2B1P2/4Q1PP/3R2K1 w - - 1 25,e2d2 f4d4 g1h1 d4e5,1640,76,94,1408,advantage fork middlegame short
UE18q,3rkr2/7Q/1p3qpP/p1p5/4PP2/5B2/bPP5/2KR3R w - - 1 29,f4f5 f6g5 d1d2 g5d2,1447,77,94,9691,mate mateIn2 middlegame queensideAttack short
ejlF7,r1b4Q/p2pkp2/2p1p2p/6p1/1b3P2/2P1q1B1/P1P3PP/2KR1B1R w - - 1 16,c1b1 b4c3 h8c3 e3c3,1523,78,91,1692,advantage middlegame short
hacW5,4k3/6Rp/3K4/8/b1B4P/1p2r1P1/8/8 b - - 0 46,b3b2 g7g8,1385,76,94,4931,endgame master mate mateIn1 oneMove pillsburysMate
3ugx3,1r3nk1/4q1pp/pp2p3/4Np2/2P2P2/1P4P1/P3Q1KP/3R4 b - - 0 27,b8d8 e5c6 e7b7 d1d8,1633,75,95,23662,crushing endgame fork short
2Venc,1k4r1/pp3p1p/2nb1p2/5Q2/3p2r1/5NPq/PPPN1P1P/4RRK1 w - - 3 22,f5f6 d6g3 e1e8 g8e8,1943,75,92,627,crushing master masterVsMaster middlegame short
8S7yV,8/8/RP6/8/P4k2/6p1/1r4P1/5K2 w - - 0 49,a4a5 f4e3 b6b7 b2b1,1644,73,93,5852,endgame mate mateIn2 rookEndgame short
Zi7RG,3r2k1/1PR2pp1/5n2/8/3K3p/5P2/1n4BP/1N6 w - - 1 25,d4e3 f6d5 e3d4 d5c7,1565,80,93,10949,crushing discoveredAttack discoveredCheck endgame fork short
Lnp4f,k5r1/2R3p1/1p1p1p2/3Pp3/4Pq2/7Q/2P2PPK/8 w - - 1 44,h3g3 g8h8 h2g1 f4c1,1219,77,88,1514,endgame mate mateIn2 pin short
S8XGx,3r4/1R1Pk3/3b4/1B3p2/R5pp/4P3/P4PK1/3r4 w - - 0 45,a4d4 h4h3,1055,80,100,517,endgame master mate mateIn1 oneMove
DoibC,r3k2r/6pp/2pbp1N1/3q4/pp1Pn3/4B2Q/PPP2P1P/1K1RR3 b kq - 0 20,d5f5 h3f5 e6f5 g6h8,1200,76,93,3646,crushing middlegame short
9i6le,8/p1r5/1k1Q3p/1qr4P/R3Ppb1/P5p1/1PP3P1/2K1R3 b - - 7 38,c7c6 d6b8,1241,76,94,5765,mate mateIn1 middlegame oneMove
xwux8,r1b2k2/pp1P2pp/5b2/5p2/2B1RB2/8/PP3PPP/6K1 b - - 0 22,f5e4 f4d6 f6e7 d7d8q,1433,76,86,510,advancedPawn endgame mate mateIn2 pin promotion short
axcEh,r1b1kN2/ppp1q2p/2n5/3p1p2/4r1n1/3B2Q1/PPPP1PPP/RNBK3R w q - 0 12,f2f3 f5f4 g3g4 c8g4,1773,75,97,1117,advantage master middlegame pin short
9zYy7,4rb2/p2q1pk1/2r2npp/Qp1pB3/2bP4/2N3P1/PPR2PBP/2R3K1 w - - 0 23,c3b5 c4b5 c2c6 b5c6,1356,75,100,1265,advantage middlegame short
RCwDy,8/8/5p2/p3k2p/1p2P2P/PP2K3/8/8 w - - 0 41,a3b4 a5b4 e3d3 e5f4,1337,76,100,818,crushing endgame pawnEndgame short zugzwang
1nPP5,8/8/pp5p/3n1r1k/P3pP1P/6K1/1R6/6R1 b - - 1 40,d5f4 b2f2 f4e2 f2e2,1852,75,92,8276,advantage endgame master short
ozkKn,1r1qr1k1/pQ3pbp/1n2p1p1/8/3P4/BBP4P/P4PP1/R3R1K1 w - - 1 17,b7a7 b8a8 a7b7 a8a3,1504,77,100,1305,advantage master middlegame short skewer
6kEaE,4k3/8/4P3/5PKp/8/1p6/1Bb5/8 b - - 2 64,c2d1 f5f6 d1g4 f6f7,1278,77,94,869,advancedPawn bishopEndgame crushing endgame short
2EZv2,r3kb1r/ppq1pppp/3p4/8/4b3/2P2N2/PP3PPP/R1BQ1RK1 b kq - 0 11,g7g6 d1d4 e4f3 d4h8,1802,74,94,10820,advantage fork middlegame short
Lejvj,5k2/p1p3RR/1pq1p1p1/6P1/2n1P3/2P2P2/PP6/2K5 b - - 8 32,c4e5 g7c7 c6c7 h7c7,1370,75,95,9872,crushing endgame short
U3o0B,r1b2rk1/ppq1bpp1/2p1p2p/2P1n3/4NB2/1Q6/PP3PPP/R2R2K1 b - - 3 18,e7f6 e4f6 g7f6 b3g3,1591,78,91,3518,advantage kingsideAttack master middlegame short
IpapF,4r1k1/Qp3pqp/3p2p1/8/2P3R1/1P6/P3r1PP/5R1K b - - 0 28,g7f6 f1f6 e2e1 a7g1,1182,84,92,1489,crushing endgame hangingPiece short
MRqdZ,r4r2/5pk1/p1pb1n1p/P2p1P2/1P3p2/2P2N1P/2B1RPPK/3R4 w - - 3 30,f3d4 f4f3 h2g1 f3e2,1042,86,92,939,advancedPawn advantage discoveredAttack discoveredCheck middlegame short
wokTk,2b4r/R4pbk/2B3p1/1P5p/2q1p3/2P2PP1/3Q3P/4K2R w K - 0 25,c6e4 g7c3 a7f7 h7g8,1388,77,93,3853,crushing middlegame pin short
m5aQU,r1b2rk1/ppp2p1p/3p2pn/4b3/3P3q/1PN1P2P/PBP1K1P1/R2Q1B1R b - - 0 11,e5d4 d1d4 h4d4 e3d4,1226,79,91,1217,advantage opening short
Jd6a8,Q7/1Q2bpk1/6p1/2p5/5P2/6P1/2K4p/6q1 b - - 2 45,h2h1q b7h1 g1h1 a8h1,1560,75,94,989,crushing endgame master short
JM0Bf,8/8/8/p1R5/Pn1K2kP/6P1/8/4r3 w - - 20 65,c5a5 b4c6 d4c3 c6a5,1117,77,98,1342,crushing endgame fork short
S2dnY,4r1k1/pR3ppp/8/3Q1P2/3p2Pb/P3q3/8/5R1K b - - 3 30,d4d3 d5f7 g8h8 f7g7,1009,85,94,2013,endgame mate mateIn2 short
P82B9,r1b2rn1/2p2pbk/2p2P2/p3B1p1/8/3B2R1/P1P3PP/4R2K b - - 0 31,h7h8 f6g7,1297,76,97,9440,advancedPawn kingsideAttack mate mateIn1 middlegame oneMove
siZu7,8/5p1k/6np/1P5q/4P3/3PQ1P1/1PrN1P2/R3K3 w - - 6 34,a1a7 c2c1,1105,76,91,534,endgame mate mateIn1 oneMove
VW9mB,2r1k3/p2b1pp1/1p1bp2r/8/PP6/2P1qBP1/1B4QP/R2R3K b - - 6 28,e3f3 g2f3 d7c6 f3c6,1926,80,92,2335,advantage hangingPiece middlegame short
7kbPs,8/7p/6p1/p4k2/r4P1P/P4RK1/8/8 b - - 0 50,f5e4 f4f5 e4d5 f5f6,1965,76,96,1602,crushing endgame rookEndgame short
xfkMp,1k1r4/p1p5/Bpn1bq2/6p1/8/P1Q1P3/1PP2PP1/2KR4 w - - 0 21,c3c6 d8d1 c1d1 e6g4,1332,75,86,509,attraction crushing endgame queensideAttack short
k8udL,1k3r2/ppb2q1p/1n6/2N5/3n4/Q2B2P1/PP3P1P/5RK1 b - - 9 27,c7d6 c5a6 b8a8 a3d6,1337,78,93,6497,crushing discoveredAttack middlegame queensideAttack short
hiQjh,6k1/2q3p1/2b1p2p/1pb1Q3/4P3/1P1r1NNP/6PK/5R2 b - - 0 30,c5d6 e5e6 g8h8 e4e5,1588,77,90,2040,crushing middlegame short
K7PYo,3r1k2/1Qp2Bb1/1p1q1nP1/p3p3/4P3/2P1B2R/PP3P2/2K5 w - - 3 31,c1c2 d6d1,1386,77,94,1645,master mate mateIn1 middlegame oneMove
bwRJV,8/3R4/6pk/2p1N1p1/5n2/2P4P/1P4r1/7K b - - 2 39,g2g3 e5g4 g3g4 h3g4,1486,75,100,1122,crushing endgame master short
DEROK,3qk1nr/1Q3ppp/1p6/b7/3n4/1PP5/P3NPbP/RN2K1R1 w Qk - 0 16,b7g2 d4c2 e1f1 d8d1,1512,76,94,7442,fork mate mateIn2 middlegame short
PD5Tt,8/p3R3/r4pp1/5k1p/7P/4PKP1/5P2/8 b - - 0 38,a6a1 e3e4,1021,83,100,548,endgame mate mateIn1 oneMove rookEndgame
emJWr,7k/2b4p/p7/3b1p2/2N5/5q2/5Qn1/2R2K2 b - - 1 49,f3h3 f2d4 h8g8 d4d5,1080,77,94,835,advantage fork master middlegame short
FjGXO,4n3/5k1p/p5p1/3Q4/6P1/qP5P/P1r5/KR6 b - - 0 40,f7f8 b1f1 e8f6 f1f6,1138,75,99,661,crushing endgame short
R1s8n,1nbqk2r/r3bppp/3p4/p1pQ4/R3P3/1N2BP2/1PP3PP/4KB1R w Kk - 0 13,a4a5 a7a5 b3a5 d8a5,1178,81,90,1204,advantage middlegame short
WhRPz,8/5R2/4p1Pp/4n2k/7N/5KP1/1r6/8 w - - 0 50,f3e3 e5f7 g6f7 b2b8,1869,74,91,954,advantage defensiveMove endgame short
bAEVt,3q1k2/pR3R1p/6p1/5b2/3b4/1Q6/P1rp2PP/7K b - - 3 26,f8e8 f7f8 e8f8 b3f7,1982,81,92,7756,attraction mate mateIn2 middlegame sacrifice short
RR7e0,5r2/2p1k2p/p2p3p/3QnN2/B3P3/2P3qb/PP3RP1/6K1 b - - 11 27,f8f5 e4f5 g3f2 g1f2,1532,77,90,8960,crushing middlegame short
LXqLw,6k1/2p2ppp/P1p5/1rNp4/6P1/1P1K3P/2P5/8 b - - 0 39,b5c5 b3b4 c5c4 a6a7,1640,75,100,1866,advancedPawn advantage endgame rookEndgame short
2RfWu,8/8/4k1pK/3rn3/4Q3/8/8/8 b - - 2 68,e6f6 e4d5 e5f7 h6h7,1356,76,93,2170,advantage endgame hangingPiece short
YNMWm,8/5kp1/1q5p/1p3P2/p7/P1Q4P/2P5/2K5 w - - 13 67,c1b2 b6f6 c3f6 f7f6,1544,76,100,511,crushing endgame queenEndgame short
9H1z1,5k2/1R6/5p2/4PP1p/5K1P/3n4/1p3P2/8 w - - 1 49,f4e4 d3c5 e4d5 c5b7,1185,83,94,621,crushing endgame fork short
yupno,8/8/Pk2p2p/2Np2p1/6P1/2b4P/5P2/6K1 b - - 2 35,e6e5 c5a4 b6a6 a4c3,1224,77,88,562,crushing endgame fork short
ZtgiP,r6r/pp1b1Q1p/3kp1p1/3pq3/3N4/4P3/PP4PP/2R1R1K1 b - - 9 23,a8f8 d4b5 d7b5 f7c7,1270,80,91,1491,mate mateIn2 middlegame sacrifice short
bMB52,4r2k/pp1b1r1p/1q2p2P/2pp2QB/3P1n2/2P3P1/PP2RP2/R5K1 w - - 0 28,h5f7 f4h3 g1h2 h3g5,1773,77,93,2565,crushing fork master middlegame short
sGsZu,r7/2p2p1k/1pb1rPpp/p2pP3/2P4Q/2qB2RP/P1P3P1/4R1K1 b - - 5 29,e6e5 d3g6 f7g6 g3c3,1662,75,96,9528,crushing discoveredAttack middlegame short
FRBlb,8/p4RBp/3q2p1/7k/5PP1/1P5P/7K/3r4 b - - 0 44,h5h4 g7f6 d6f6 f7h7,1881,79,91,4516,discoveredAttack endgame mate mateIn2 sacrifice short
wy6R0,6k1/p5rp/1p1B4/2nq1p2/8/P1P2b1P/2R4K/1Q3R2 w - - 2 29,d6c5 d5e5,1587,86,85,1289,master mate mateIn1 middlegame oneMove
vAGok,r3k2r/pp3ppp/2n2b2/3qp3/8/3B2N1/PPP2PPP/R2Q1RK1 b kq - 1 13,e8g8 d3h7 g8h7 d1d5,1119,84,94,2715,crushing discoveredAttack kingsideAttack middlegame short
T8Te7,2r1kbr1/1q3p2/pBb1pQpp/1p2P3/8/7B/PPP5/1K1R1R2 b - - 0 25,f8g7 d1d8 c8d8 f6d8,1267,76,90,4123,master mate mateIn2 middlegame short
8mPOD,2k5/2p2R1p/p2p3r/1p1P2r1/1P2P1p1/2N3RP/P1P4K/8 w - - 2 29,h2g2 g4h3 g2h2 g5g3,1201,81,93,639,crushing discoveredAttack endgame short
XsHIB,7k/pp2r1p1/3bPpQP/q1pB2p1/2Pp2R1/1P1P2P1/P6K/8 b - - 0 35,a5d2 h2h3 d2f2 h6g7,1623,76,91,2434,advancedPawn crushing defensiveMove endgame short
AuT1s,8/p2kbR2/2p4K/6r1/3PP3/8/PP6/8 b - - 4 42,d7e8 f7e7 e8e7 h6g5,1116,81,94,7908,crushing endgame short
1NHC5,1k1r1b1r/5ppp/2Q1pn2/8/2B5/5P1P/PP1q1P2/R4RK1 b - - 0 16,d2d7 c6b6 d7b7 b6d8,1159,77,87,501,crushing deflection middlegame queensideAttack short
b2ruu,8/6pk/8/6Qp/3Bq2P/6P1/6K1/8 w - - 9 61,g2h3 e4h1,1174,75,99,2014,endgame mate mateIn1 oneMove
siQDy,4r1k1/p3r2p/1p3p2/3p1bp1/2pPnq2/P1P2N1P/1P3PP1/2RQRNK1 w - - 0 28,f1e3 e4f2 g1f2 e7e3,1777,78,95,3627,advantage discoveredAttack middlegame short
stJgD,r2r1nk1/ppq1b3/4p1Bp/4P3/3p2Q1/5P2/PP3P1P/2R1R1K1 b - - 2 24,c7d7 g6e8 e7g5 e8d7,1296,80,92,2664,crushing discoveredAttack discoveredCheck master masterVsMaster middlegame pin short
6RZTQ,3q4/6k1/p3Q1p1/3BP2p/5r2/b2P3P/P3K1P1/8 b - - 0 33,d8g5 e6g8 g7h6 g8h8,1200,75,100,3835,endgame mate mateIn2 short
hUs7u,r4rk1/bbpq1pp1/p6p/1p2pn2/5nN1/P1PP2NP/BP3PP1/R1BQ1R1K w - - 3 17,g4e5 f5g3 h1h2 g3f1,1910,81,91,1975,advantage kingsideAttack middlegame short
dNKGg,2r2rk1/3b2b1/p3p2p/1pq3p1/6B1/3Q1PN1/PP4P1/1K1R3R w - - 0 25,d3d7 c5c2 b1a1 g7b2,1162,78,87,576,master masterVsMaster mate mateIn2 middlegame queensideAttack short
PnRmE,r4k2/p4r1N/qpn1p1pP/3p4/3Q4/P1P4R/2P2PP1/R3K3 b Q - 0 23,f7h7 d4f6 f8e8 f6g6,1929,78,94,11589,crushing middlegame short
M4b2E,r5k1/pp3rn1/2p1Qb2/4p3/3qP3/3PN1R1/PPP3PP/R5K1 w - - 2 20,a1f1 d4e3 g3e3 g7e6,1764,77,92,573,advantage middlegame short
xz3al,r2q1r2/p4pk1/2pb2bp/3p2pQ/3P4/1BP2NP1/PP3PP1/R4RK1 w - - 3 19,h5g4 f7f5 g4h3 g5g4,1634,75,87,636,advantage middlegame short
DJ2Nf,8/b1p2p1k/p2pb1p1/2p4p/P1P1N3/1q6/1P1Q1P1P/2B3K1 b - - 1 30,b3c4 d2h6 h7g8 e4f6,1572,74,100,1490,endgame mate mateIn2 short
flnHb,8/2R2ppk/1p5p/5N1P/1b6/3r1PP1/6K1/8 b - - 7 42,g7g6 c7f7 h7h8 h5g6,1604,75,88,833,crushing deflection endgame master short
twyzp,r2q1rk1/1bp1bpp1/np1p3B/p2P4/2P1B3/2N5/PP3PPP/R2QR1K1 b - - 0 15,g7h6 d1g4 e7g5 g4f5,1810,77,87,565,crushing opening short
RVVuT,8/3R1p1p/4Nkp1/8/5P2/6KP/r5P1/4n3 w - - 1 40,e6d8 a2g2 g3h4 e1f3,1150,76,98,3522,cornerMate endgame mate mateIn2 short
oi0RK,rn2k1r1/pppq3p/3pNbpB/4p3/8/2P4Q/PPP2PPP/2KR3R b q - 5 14,b8c6 e6c7 d7c7 h3e6,1978,76,91,948,advantage clearance middlegame sacrifice short
KPGIH,4r1k1/pp3pp1/7p/3p4/Q4b1q/2P1rN2/PP4P1/3R1RK1 b - - 3 28,e3f3 a4e8 g8h7 f1f3,1455,75,100,1423,advantage hangingPiece intermezzo middlegame short
hOAeO,r4r1k/pQ3Rpp/3p4/2p1p1q1/2Bn2b1/N7/PPP3PP/5RK1 b - - 2 15,f8g8 b7a8 d4e2 c4e2,1935,77,92,1138,crushing middlegame short
yipB7,5rk1/1p3p2/1q2n2Q/3pP1bP/5P2/pP3PR1/P7/3R2K1 w - - 1 39,g1g2 e6f4 g2h1 b6h6,1039,76,98,767,crushing discoveredAttack middlegame short
PuUCX,r4rk1/pbppn1pp/1pq5/5pN1/1bP1PP2/1P1B2PP/PBQ4K/R4R2 b - - 0 20,f5e4 d3e4 c6e4 g5e4,1424,78,94,5611,crushing middlegame short
tlcYM,r4r1k/4Nppp/b7/p2P3Q/2P1pR2/q7/6PP/1R4K1 b - - 5 29,a6c4 h5h7 h8h7 f4h4,1544,80,94,2671,anastasiaMate attraction mate mateIn2 middlegame sacrifice short
abGUl,8/3B1kn1/1P2p3/2PpP1b1/8/3K4/8/8 b - - 0 53,f7e7 b6b7 e7d7 b7b8q,1295,80,94,4622,advancedPawn crushing endgame master promotion short
a7nHy,r2q1rk1/1p3p1p/2pb1np1/5b2/1pPN4/3pP3/1B2NPPP/1QKR1BR1 w - - 0 17,e2g3 d3d2 d1d2 f5b1,1021,76,90,646,advancedPawn advantage discoveredAttack master middlegame queensideAttack short
TN2Vg,6k1/6pp/p3p3/1p1b2N1/5Q1K/3q3P/6P1/8 b - - 1 39,d3g6 f4b8 g6e8 b8e8,1306,76,87,1012,endgame mate mateIn2 short
DpZYo,8/q3bk1p/1R4pP/pR2Pp2/p4P2/3p2P1/PP2p3/1K2B3 b - - 1 38,a7d7 e5e6 d7e6 b6e6,1386,76,94,15082,crushing endgame fork short
xx4Pg,5k2/5p2/5r1p/R2PR1p1/2p2rP1/2Pb1B1P/P4PK1/8 w - - 1 34,e5e3 f4f3 e3f3 d3e4,1483,77,86,2690,advantage endgame pin sacrifice short
Ki5dv,6R1/8/5kP1/2P5/K7/1p6/8/1r6 w - - 0 57,g8b8 b1a1 a4b4 b3b2,1856,76,95,6040,advancedPawn crushing endgame rookEndgame short
ZcQQm,3r4/pp6/2k4p/8/1PP1RpP1/8/P1Kr1P2/4R3 w - - 1 32,c2b3 d8d3 b3a4 d2a2,1205,75,95,22950,deflection endgame mate mateIn2 rookEndgame short
f65F0,8/6p1/Q4k1p/3q3P/2p2KP1/8/P7/8 b - - 0 57,f6f7 a6g6 f7f8 g6f5,1401,75,100,1333,crushing endgame master queenEndgame short
EZlid,4rrk1/1bpp1pp1/p6p/1p1Nq3/4PPQ1/8/PP4PP/2RR2K1 b - - 0 23,e5e4 d5f6 g8h8 f6e4,1190,79,95,9260,crushing middlegame pin short
Ged3V,r1b2k1r/ppp3pp/3p4/3P3q/1Q1B4/8/P3nPPP/RN3R1K b - - 0 17,h5h4 d4g7 f8g7 b4h4,1020,80,93,778,crushing discoveredAttack middlegame short
CKfkW,8/pR3pk1/4p1p1/3pP3/P2P1b1p/1P3Q2/5qP1/5b1K b - - 3 44,f4e3 b7f7 g7h6 f3f2,1503,78,94,2274,advantage endgame master short
6mBKG,1r4k1/5pp1/p3p1bp/4P3/1qp3P1/2N2N1P/K1PQ1P2/3RR3 w - - 0 27,d1b1 b4a5 c3a4 a5a4,1185,79,93,740,mate mateIn2 middlegame short
3AMxl,8/4ppk1/p2p1npp/1p1P1N1n/4P2K/1B2QP1P/P5P1/5r1r b - - 1 35,g7h7 e3h6 h7g8 f5e7,1369,76,94,525,mate mateIn2 middlegame short
A8RnY,r4r2/1p1b1pkp/p2qp1p1/3p4/P6P/5NP1/1PPQ1P2/3RR1K1 b - - 0 23,d7a4 d2d4 f7f6 d4a4,1191,76,93,2341,advantage fork middlegame short
EOFp0,r4rk1/p2q1pp1/2p1p3/1p1nPb1p/2pN1P2/6P1/PP3PBP/2RQ1RK1 w - - 2 16,d1h5 d5f4 g3f4 d7d4,1989,76,87,904,advantage discoveredAttack middlegame short
Qvd4P,2krqbr1/1p1nn3/p1NR4/7p/4PB2/2N5/PPP1Q1PP/3R2K1 b - - 0 23,e7c6 d6c6 b7c6 e2a6,1164,82,95,24994,deflection mate mateIn2 middlegame queensideAttack short
UE0dr,r3k2r/4bppp/2p1pn2/p2N4/P2P4/1q1QBN2/5PPP/2KR3R b kq - 0 18,b3d3 d5f6 e7f6 d1d3,1937,74,88,2050,crushing intermezzo middlegame short
D8mhv,bk1r2nr/p2p1p1p/Bp1qp1p1/n7/8/2P2NP1/P1P1QP1P/R1B1R1K1 b - - 0 15,f7f6 c1f4 d6f4 g3f4,1061,84,93,2124,crushing opening pin short
XQgMi,r3k3/p7/2b5/1p1p1pn1/1P1PpPn1/P5P1/1B1N1PKr/2RQR3 w q - 1 25,g2g1 g5h3 g1f1 h2f2,1692,76,93,8811,kingsideAttack mate mateIn2 middlegame short
aXoxH,4r1k1/5ppp/1p6/p7/P7/2P1q3/1P2QRPP/6K1 w - - 5 31,g1f1 e3c1 e2d1 c1d1,1123,79,95,2364,endgame mate mateIn2 short
gmL1H,3r3k/Q1BnR1p1/1p5p/6q1/3P2n1/2P5/P4P1P/5RK1 w - - 5 29,c7d8 g4e3 g1h1 g5g2,1270,75,100,1977,discoveredAttack mate mateIn2 middlegame short
FIVYA,1nkr3r/1pPqn3/p2b1p2/P2p1bpp/3P4/2PB1N1P/5PP1/RNBQR1K1 b - - 0 15,d6c7 e1e7 d7e7 d3f5,1710,79,92,1870,capturingDefender crushing deflection master opening short
1RSYX,4r1k1/p4pp1/1p1R4/5q1p/4p1n1/2N1B1PK/PP3P2/3Q4 w - - 2 28,d6d5 g4f2 h3g2 f2d1,1756,80,93,986,crushing discoveredCheck doubleCheck fork middlegame short
BAyeI,2r1rbk1/1b1n1pp1/1qn1p3/1p1pP3/1p1P4/PB2BNNP/3Q1PP1/R3K2R w KQ - 0 22,a3b4 f8b4 d2b4 c6b4,1265,76,91,1018,advantage middlegame pin short
bcVSR,6k1/1pq3b1/p1bp4/2p1rR2/8/2PP3P/PP4P1/R2Q2K1 w - - 0 25,d1g4 c6d7 f5e5 d7g4,1608,74,94,11518,crushing middlegame short
HdvKM,1r1k1r2/p4p1p/1pQb2q1/2nP4/8/7P/PP2BPP1/2R1R2K b - - 2 23,f8g8 e2g4 f7f5 e1e6,1975,75,92,1848,advantage clearance middlegame quietMove short
NGjUH,1b1Br3/3R1ppp/p7/3p1p1k/2PP1P2/P3P2K/4n1PP/1r5R w - - 0 26,h1b1 e8e3 g2g3 e2f4,1607,75,95,19210,endgame mate mateIn2 pin short
1iDbn,3r1rk1/6p1/p1p4p/2Q1nb2/PPP3n1/2N1P1qP/4B1P1/R1B2RK1 w - - 3 20,e2g4 f5g4 c5f8 d8f8,1422,76,91,1070,crushing middlegame short
VOwrf,5rk1/ppp2ppp/1b6/4P2b/5p1n/2P3qP/PPQN1PP1/R3RBK1 w - - 3 21,d2e4 h4f3 g1h1 g3h2,1373,77,97,30751,kingsideAttack mate mateIn2 middlegame pin short
eYdt7,r3k1nr/1pq2ppp/4b3/p1b1P3/2P5/2Q2N2/PP3PPP/R1B1KB1R w KQkq - 0 12,f1e2 c5b4 e1g1 b4c3,1192,74,95,3289,advantage opening pin short
MfPWT,6k1/pR6/5Pp1/6N1/PP2Kr1p/6bP/8/8 w - - 0 39,e4e5 f4b4 e5e6 b4b7,1378,80,93,2847,crushing discoveredAttack discoveredCheck endgame master short
qaaMb,r4rk1/ppp2pp1/2p5/6Pp/3P1PqP/2P1Q1R1/P7/R5K1 b - - 4 21,g4h4 g1g2 a8e8 e3f3,1941,74,94,8939,advantage endgame short
iBQWQ,r3r1k1/pp1n1pp1/2p4p/2Pp3b/1P1Pnq2/7P/P1QNBPPN/R3R1K1 w - - 2 18,e2h5 f4f2 g1h1 e4g3,1238,76,99,3411,kingsideAttack mate mateIn2 middlegame short
QUI2a,r3r1k1/q4ppp/1bBn4/p2p4/3P4/P4PB1/1P3QPP/2R2K1R w - - 1 25,g3d6 b6d4 c6e8 d4f2,1277,78,91,681,advantage middlegame short
PwEjE,4r3/pp1r4/2pn1k1p/5p2/3N3P/2P2P2/PP6/3RRK2 w - - 1 30,d4c6 e8e1 f1e1 b7c6,1352,75,100,1148,advantage endgame intermezzo short
66VwS,4Q3/pb4pk/2p5/1pP5/4B3/PP2n1PP/7K/4q3 b - - 10 35,g7g6 e8g6 h7h8 g6h7,1134,76,97,6452,endgame mate mateIn2 short
36z8I,3q1k1r/1r6/1p2p1Q1/pR2Pn1N/1b1p1P2/3P3p/2P2P1K/6R1 b - - 2 37,d8e8 g6f6 b7f7 f6h8,1339,78,92,2628,advantage fork master middlegame short
RWL2u,r4rk1/p4pp1/2p1p2p/1p1nB1q1/3PP3/1QP2P1P/P4P1K/R4R2 b - - 2 18,d5f4 f1g1 f4g6 g1g5,1311,77,93,3810,crushing middlegame short
Ebmzv,4r1k1/1pb5/2pq3p/p2p1rp1/P4P1P/2P1P1Q1/1P1B1R2/5RK1 w - - 0 33,h4g5 f5g5 f4g5 d6g3,1415,79,93,608,advantage kingsideAttack master middlegame pin short
PGu3I,r2q1rk1/pp4b1/2np3p/2p5/4p3/2P1B2P/PP3PPN/R2QNK2 b - - 0 21,b7b6 d1d5 g8h8 d5c6,1117,90,94,1480,advantage fork middlegame short
XDWi1,2r1r1k1/pb4p1/1p1q3p/2p1np2/3pP3/PP1P2PP/3N1PB1/2Q1RRK1 b - - 3 27,e5d3 c1c4 b7d5 c4d3,1436,80,89,543,advantage fork master middlegame short
vfKwA,r1bq1rk1/pp3ppp/1bpp1n2/4p3/1PP5/P1N1PQP1/1B1P1PBP/R4RK1 w - - 0 12,a1d1 c8g4 f3g4 f6g4,1214,79,93,885,crushing middlegame short trappedPiece
GEtWk,r1b1q1kr/pp2p1b1/2npp3/1BP3P1/6n1/2NQ3P/PPP3P1/R1B2RK1 b - - 0 16,g7d4 d3d4 c6d4 b5e8,1745,74,87,1914,crushing master opening short
t9Dou,3q3r/1b4k1/4p1p1/pp1pNpP1/2pPnP2/P1P1P2B/1P1Q4/2K4R w - - 9 31,d2e2 e4g3 e2e1 g3h1,1291,75,94,895,crushing fork middlegame short
AaAlw,rnb2rk1/pp4p1/4p1N1/q2R2pQ/8/2P5/P4PPP/R5K1 b - - 0 18,e6d5 g6e7,1624,82,85,1000,mate mateIn1 middlegame oneMove
whRNQ,2kr3r/pp3pb1/2pp1qp1/4n3/4PP1p/PB4Q1/1PP1N1PP/R4RK1 w - - 0 17,f4e5 f6f1 a1f1 h4g3,1630,75,96,3156,crushing kingsideAttack middlegame short
tuDW2,r1bq1rk1/p2p1ppp/2p5/4B3/4n3/1P6/P1P2PPP/R2QKB1R w KQ - 1 11,d1g4 d8a5 c2c3 a5e5,1565,77,92,2209,crushing fork middlegame short
j9sg7,8/4Rpb1/1k5p/2pp2p1/2r5/1K4P1/P1P3P1/3R4 w - - 0 37,d1d5 c4b4 b3a3 g7b2,1165,77,93,1007,endgame mate mateIn2 short
SlcfM,8/8/ppp4p/5kpP/1PPP4/3K4/8/8 b - - 0 41,a6a5 c4c5 b6c5 b4a5,1931,74,95,3265,crushing deflection endgame master pawnEndgame short
YCTv8,8/4k1K1/2b1p3/1p1pP3/2pP4/1PP5/P1B5/8 w - - 1 51,a2a4 c4b3 c2b3 b5a4,1563,75,97,1053,bishopEndgame crushing endgame short
2fRUJ,r1b1rbk1/ppq2pp1/2p4p/P1n5/3NBP2/5Q1P/1PP3P1/R1B1R1K1 b - - 0 17,f7f5 e4d5 c6d5 e1e8,1595,78,93,2267,advantage discoveredAttack kingsideAttack opening short
XuIzW,3k3r/1p3Qn1/pq1P4/2r4P/B7/8/5P2/R5K1 b - - 0 38,g7h5 f7d7,1601,81,93,5801,mate mateIn1 middlegame oneMove
Z9v4R,8/p7/2p2k1p/P1N1rp2/1Pb1p3/2P3K1/5PP1/4R3 b - - 4 31,f6g5 f2f4 e4f3 e1e5,1332,77,90,5639,crushing endgame fork master short
X4gIb,r1b1k2r/pp2nppp/4pn2/q1Np4/3P4/PP6/2PN1PPP/R2QKB1R b KQkq - 2 13,b7b6 b3b4 b6c5 b4a5,1188,80,93,1543,advantage opening short trappedPiece
6oc0J,2kr1b1r/1pp2ppp/P4q2/1Q1n4/4p3/2P1B2P/5PP1/RN2K2R b KQ - 0 17,b7a6 a1a6 f6a6 b5a6,1602,77,92,2070,crushing middlegame queensideAttack short
39Rf3,r2r2k1/1pp2pbp/2qn2p1/p3p3/N1P1P3/1P3NP1/P4PP1/3RQRK1 b - - 0 21,c6e4 d1d6 e4e1 d6d8,1673,75,95,14294,advantage middlegame short
K177e,6k1/pp4p1/6pp/3p4/3q4/P6P/B5P1/5Q1K w - - 0 33,f1f3 d4a1 a2b1 a1b1,1140,89,95,617,advantage endgame fork short
EKS41,1Q3R2/p2r3k/4q1p1/1P5p/2pp3P/P3p3/1P6/K7 b - - 1 48,e3e2 f8h8 h7g7 b8f8,1163,80,94,4461,endgame mate mateIn2 short triangleMate
O1CqU,r2q1rk1/pp5p/2n1p2B/3p1p2/3b2P1/5B1P/PP6/RN1Q1RK1 w - - 0 16,g1h1 d8h4 f3g2 h4h6,1559,76,92,1269,advantage middlegame short
YypIV,r6n/pbp1k2p/1pn1pQp1/1q6/4P3/P5P1/1PP4P/2K2R2 b - - 1 24,e7d6 f1d1 c6d4 d1d4,1466,74,91,2004,crushing middlegame short
4wBJG,8/2r1kpp1/4p2p/r1Pn4/B1R5/5P2/P5PP/2R3K1 w - - 6 35,c5c6 d5b6 a4b3 b6c4,1682,73,95,11158,advantage endgame short
Cnecu,r4r2/1p1bppkp/p4qp1/3p1P2/8/2P3Q1/PPB3PP/4RR1K b - - 3 22,f6d6 f5f6 d6f6 f1f6,1292,84,94,15681,advantage middlegame short
AZYbT,5n1k/pp3r1p/2p2P1Q/3pq3/P4R2/1P1B3P/6PK/8 w - - 3 34,h2g1 e5e3 g1h2 e3d3,1849,76,94,2199,crushing endgame fork short
UXoOd,6qk/6p1/7p/Q4p2/8/4PP2/p4P1P/6K1 w - - 0 36,h2h4 g8b3 a5a8 h8h7,1578,76,100,1029,crushing defensiveMove endgame queenEndgame short
K4oPo,4kb2/3q2rp/4p1p1/pB1p1p2/3P4/4Q3/5P1P/2R3K1 b - - 0 33,d7b5 e3e6 g7e7 c1c8,1573,74,90,1291,endgame killBoxMate mate mateIn2 short
0QNIh,r4rk1/2Qb1ppp/4p3/1q1pPn2/8/5N2/3B1PPP/1RR3K1 b - - 4 21,a8c8 c7c8 d7c8 b1b5,1828,75,96,1773,advantage middlegame short
D4bYr,rnb2k1r/pp2pBbp/5np1/4N1B1/8/8/PPP2PPP/RN2K2R w KQ - 1 11,f7b3 f6e4 g5f4 g6g5,1814,75,90,2099,advantage opening short
v9oEl,8/8/p1b2p2/P4kp1/5n1p/5P1P/3K1N2/4R3 w - - 11 63,d2e3 f4g2 e3d2 g2e1,1089,76,89,520,crushing endgame fork master short
1cQEe,1r1Qr1k1/p5p1/5b1p/5p2/8/8/PPPP1PbP/RNB1K2R w KQ - 1 21,d8e8 b8e8 e1d1 g2f3,1423,79,96,28276,hangingPiece mate mateIn2 middlegame short
ffTqO,r3k1r1/2pqbp2/p1p2n1R/4pN2/Q3p3/2PP1P2/PP3P2/R1B1K3 w Qq - 0 17,f5e7 g8g1 e1e2 d7d3,1323,76,95,8855,mate mateIn2 middlegame short
XC62L,2r1kb1r/pp3p1p/3p1Pp1/4pb2/3nN3/2PB2Q1/Pq1B1PPP/R3K1NR w KQk - 0 15,a1b1 d4c2 d3c2 b2c2,1233,76,85,697,advantage middlegame short
Iv1ei,k1r5/p7/P6p/3q2p1/1P2p2P/3p2Q1/5PP1/4R1K1 w - - 0 36,h4g5 d3d2 e1d1 c8c1,1587,75,93,3722,advancedPawn crushing endgame master short
2AYwX,Q1b2r1k/p2q3p/3p2p1/2pP1pN1/2PbpP2/8/P3B1PP/1R5K b - - 7 27,d7c7 g5e6 c8e6 a8f8,1714,77,87,2202,advantage fork middlegame short
zfF01,r4rk1/pp1b2p1/2p4q/P3pp2/1PP1P3/6QP/3N4/R3KBR1 w Q - 0 22,g3e5 h6e3 e1d1 e3g1,1677,76,94,2077,advantage fork middlegame short
VGUJm,r5k1/2p2pp1/2p1r2p/p1P5/3P2Pq/P4QRN/1P3K1P/2R5 w - - 1 23,c1f1 e6f6 f2g2 f6f3,1304,77,94,6436,advantage middlegame pin short
BaBLG,r1bq1rk1/ppp2pp1/2n1p3/3pb2Q/5B1P/4PN2/PPP2PP1/R3K2R b KQ - 3 12,e5f4 f3g5 f8e8 h5f7,1952,75,93,3415,advantage kingsideAttack middlegame short
ZCe9B,2kr3r/ppp1q1pp/5p2/4N3/2Pn4/3N4/PP3PPP/2RQ1RK1 w - - 0 18,e5f3 d4e2 d1e2 e7e2,1438,77,93,4147,advantage fork middlegame short
7YzKn,7k/5p1p/p1bp3Q/4qP2/2P5/6rB/P6P/5RK1 w - - 0 31,h2g3 e5g3 h3g2 g3g2,1270,74,100,623,endgame mate mateIn2 short
olgQe,1q2r3/pp1n2kp/8/PN1BNpPQ/8/7P/1PP5/6K1 b - - 1 31,d7e5 h5h6 g7h8 h6f6,1410,75,99,2203,endgame mate mateIn2 short
Iucvk,6k1/4r1p1/p1p3Q1/5p2/3qp3/8/PP1BR3/5K2 w - - 2 32,g6f5 e7f7 f5f7 g8f7,1191,77,89,1119,crushing endgame pin short
FXVmU,r1b1k2r/1pq1bppp/p2ppn2/8/1P1NP3/2NB1Q2/P1P2PPP/R4RK1 b kq - 0 11,c7c3 d3b5 a6b5 f3c3,1078,77,93,1724,advantage discoveredAttack middlegame short
Zip2D,2r3kr/2q1R3/pn1p1Qp1/3Pnp2/1Pp5/P1N5/4BPP1/2R3K1 b - - 2 31,b6d7 f6g7,1098,76,94,848,master mate mateIn1 middlegame oneMove
9DVVb,6rk/7p/1Q5B/p1p2p2/P6n/2PP3P/2P2RP1/4q1K1 w - - 3 32,g1h2 g8g2 f2g2 h4f3,1977,75,95,13146,endgame mate mateIn2 sacrifice short
7AgN5,4rk2/pQ1Rb1p1/3Np2p/8/8/3p1P2/Pq3P1P/6K1 w - - 2 24,d7e7 b2c1 g1g2 c1g5,1945,76,95,10342,crushing endgame master short
ZXCQJ,5k2/2r2pRp/p2R3P/8/3K4/8/2r2PP1/8 w - - 6 34,g7h7 c2d2 d4e3 d2d6,1285,75,100,608,advantage endgame rookEndgame short skewer
vR76q,r4k2/3B3R/3pnPR1/4p3/4P3/1p3P2/1Pr5/2K5 w - - 0 33,c1b1 a8a1 b1a1 c2c1,1344,75,95,2007,attraction endgame mate mateIn2 sacrifice short
rDIKi,8/K4PR1/5rp1/6k1/8/8/8/8 w - - 1 62,a7b7 g5h6 g7g8 f6f7,1621,80,93,4766,crushing endgame rookEndgame short
Jey3I,1k4r1/1b1p1p2/1q1Ppn2/4n2p/1p6/6BP/4BPP1/1R1Q1RK1 w - - 0 23,g3e5 g8g2 g1h1 g2f2,1527,75,89,1586,advantage deflection discoveredAttack discoveredCheck kingsideAttack middlegame short
fYWTE,4N2k/p5pp/8/3Q4/4r1b1/4q1p1/PP4PP/6RK w - - 0 26,e8d6 e3g1 h1g1 e4e1,1257,83,91,7078,attraction endgame mate mateIn2 sacrifice short
lsW85,r2qkr2/1b3p2/p2bpn1p/1N1pn1p1/3P4/P2BPN2/1P3PPP/2RQK2R w Kq - 0 15,f3e5 a6b5 d3b5 e8e7,1927,77,91,1484,advantage defensiveMove middlegame short
FmnHN,4k1r1/4b3/6q1/1p1nQ3/7P/2P5/1P5K/1NB2R2 w - - 1 29,e5d5 g6g3 h2h1 g3h4,1438,78,93,7653,mate mateIn2 middlegame short
HI4zj,r2r4/p3ppbp/1pk1n1p1/6N1/8/3RB3/P1P2PPP/3R2K1 b - - 7 20,e6g5 d3d8 a8d8 d1d8,1583,74,94,4170,advantage middlegame short
Vd5px,2kr2r1/1pp1pp1p/p1nq4/P2n1p2/3p1P2/3P1B2/1PPBQ1PP/R4RK1 b - - 2 17,d5f4 d2f4 d6f4 f3c6,1253,77,93,1881,advantage middlegame short
cIXR2,1R6/5p1k/4pB2/4PbPp/2K5/3r4/8/8 b - - 0 54,h5h4 b8h8 h7g6 h8h6,1121,78,97,6429,endgame mate mateIn2 pillsburysMate short
NKg4v,r1b1kb1r/pp1p1p1p/3Pp1p1/4q3/2PpN3/3B4/PP1Q1PPP/R4RK1 b kq - 1 14,f8d6 f2f4 e5c5 e4c5,1776,76,92,896,crushing middlegame short
HEC9y,5r1k/R7/1p4p1/p2PPb1p/2Bb4/1P1N2PP/P5K1/8 w - - 1 41,e5e6 f5e4 g2h2 f8f1,1899,75,100,563,clearance crushing defensiveMove endgame short
ljUtv,r5k1/6R1/2n4p/pNPppN1q/3p3P/PP1P1n2/4r3/R5QK b - - 0 28,g8h8 g7h7 h8h7 g1g7,1389,73,95,26115,attraction kingsideAttack mate mateIn2 middlegame sacrifice short
rshQV,r1b2r2/pp5k/4p2P/3p3Q/1P6/P2p4/2q2b1P/3R2RK b - - 2 28,c2e2 h5g6 h7h8 g6g7,1501,80,95,23524,mate mateIn2 middlegame short
IppZM,3k4/7R/b1n1B3/p1n1P3/1p3P1B/1Pr5/P2K2P1/8 b - - 2 39,d8e8 h7h8,1300,84,90,992,master mate mateIn1 middlegame oneMove pillsburysMate
KcLI5,8/1p3r2/1R4pk/7p/1R3P1K/5r1P/8/8 w - - 10 47,b6b7 f7f4 b4f4 g6g5,1875,82,91,802,endgame mate mateIn2 rookEndgame sacrifice short
8ynMx,r2qk2r/pp3ppp/2n1p3/3pP3/1b1N1PP1/2Nb4/PP5P/R1BQ1RK1 w kq - 0 13,d4c6 d8b6 g1h1 d3f1,1958,78,93,1186,advantage fork middlegame short
rCWnp,4k3/R3n3/5K1p/4B3/6P1/8/p6r/8 b - - 2 56,e7c6 a7a8 e8d7 e5h2,1297,75,96,8759,crushing endgame master short
unMwc,3N4/2pR1pk1/p5p1/8/r4r2/4K3/8/6R1 b - - 15 57,c7c5 d8e6 g7f6 e6f4,1473,74,94,31764,advantage endgame pin short
NIeI8,2r1r1k1/1p2qp1p/p1n3pB/8/3PB1Q1/2P5/P1P2PPP/4R1K1 b - - 1 19,f7f5 e4d5 g8h8 e1e7,1550,74,88,926,advantage discoveredAttack kingsideAttack middlegame short
CWGlB,r2qrbk1/p4ppp/1p3n2/2p1Nn2/1PPp1P2/PQ1P4/1B1NR1PP/4R1K1 b - - 1 17,f6g4 e5g4 e8e2 e1e2,1133,81,88,1663,advantage hangingPiece middlegame short
eU7ZW,r4rk1/pp3pp1/1pp5/4p2p/4Pqb1/2NP1N2/PPP1QPK1/R6R w - - 2 16,h1h4 g4f3 e2f3 f4h4,1166,76,94,7534,crushing discoveredAttack fork middlegame short
6vpnR,Q6k/5n1r/p2r1p2/2p1pq2/2P3R1/P4PP1/6K1/3R4 b - - 1 46,f7d8 a8d8 d6d8 d1d8,1636,77,94,945,mate mateIn2 middlegame short xRayAttack
qaVUe,3R1k2/pbq2p2/4p3/2p2p2/2P4Q/8/P5rP/5K2 b - - 2 32,f8g7 h4h8 g7g6 d8g8,1103,76,100,551,endgame mate mateIn2 short
X4Gh0,r2q1rk1/pp2b1p1/2p1Q2p/4B3/3Pbp2/5N2/PPP2PPP/4R1K1 b - - 0 19,g8h8 e6h6 h8g8 h6g7,1539,77,96,24796,kingsideAttack mate mateIn2 middlegame pin short
SvCZV,1r5r/pb3pp1/1q2p1kR/3pP1P1/2p2PQ1/P1P2PK1/6P1/R7 b - - 8 26,g7h6 g5h6 g6h7 g4g7,1426,75,98,3175,discoveredAttack discoveredCheck endgame epauletteMate mate mateIn2 short
EoI7M,5rk1/p2PQR1p/1np3p1/4p3/4P3/P2qb3/6PP/2RN2K1 w - - 0 31,g1h1 d3f1 f7f1 f8f1,1458,82,94,6305,backRankMate mate mateIn2 middlegame sacrifice short xRayAttack
FHjmi,2rq1rk1/p5p1/1pn1b2p/2p1ppb1/Q1N4P/2PP1PP1/PP2BN2/R3K2R b KQ - 0 18,e6c4 a4c4 g8h8 h4g5,1310,75,94,1341,advantage middlegame pin short
I18Gu,r2q1rk1/5ppp/p3pn2/1pb5/4b3/P1N2N1P/2Q1BPP1/R2R2K1 w - - 0 17,d1d8 e4c2 d8a8 f8a8,1284,76,89,1819,advantage hangingPiece middlegame short
CBGG2,5r2/q5k1/2b1p2p/1ppn1pP1/4N3/1BPP2P1/1P1Q1RPK/8 b - - 0 26,f5e4 g5h6 g7h7 f2f8,1417,78,94,4836,crushing middlegame short
HxA8C,8/p7/2rB2R1/1P4p1/8/P3k2p/K7/8 b - - 0 52,c6d6 g6d6 h3h2 d6h6,1366,78,91,1248,crushing endgame hangingPiece master rookEndgame short
eP1Ro,6k1/pp4p1/3qP1Np/8/3pQ1PK/2r4P/5P2/7R w - - 4 35,e6e7 d6f6 g4g5 f6g5,1463,77,91,1431,endgame mate mateIn2 short
90NQQ,4r3/5k1p/R1pb2n1/1P3p2/3B1p1r/1P1P1K1P/1P2NP2/7R b - - 1 37,e8e2 f3e2 f4f3 e2e3,1985,78,89,1000,crushing hangingPiece middlegame short
HoU0Z,7k/1p1P2b1/pq4pp/4p3/2r5/1P3NQ1/P1r2RPP/6K1 w - - 0 28,b3c4 c2c1 f3e1 c1e1,1319,76,100,2117,endgame mate mateIn2 short
sHQPp,r1bq1knr/ppp1bBpp/2n5/8/4P3/1Q3N2/PPp2PPP/RNB1K2R w KQ - 1 9,f7g8 d8d1,1286,82,90,1270,mate mateIn1 oneMove opening
pQwAp,3R4/6pp/1p4r1/p1p5/8/kP3PB1/P6P/5K2 w - - 11 38,d8d6 g6d6 g3d6 a3a2,1162,77,96,1384,advantage endgame short
Y8NsW,r5k1/1p3pp1/p6B/3Pr2b/2B5/2N4q/PP5P/R3Q2K w - - 0 26,e1e5 h5f3 h1g1 h3g2,1281,75,96,1258,mate mateIn2 middlegame short
ZgKQW,3r1rk1/pp3ppp/3bnn2/q2p4/8/PQN2B1P/1P1B1PP1/R4RK1 w - - 1 18,c3d5 a5d2 d5f6 g7f6,1353,78,95,15450,advantage hangingPiece master middlegame short
lckcI,r2qk2r/ppp1bp1p/2npp3/3n2pb/3P4/4PN1P/PPPNBPPB/R2Q1RK1 w kq - 0 10,f3g5 h5e2 d1e2 e7g5,1444,75,94,31550,advantage intermezzo opening short
xFf70,6k1/6p1/Qpq1p1rp/2p1R3/p6r/2N1R1PP/PPP2P2/6K1 w - - 5 33,g1h2 h4h3 h2g1 h3h1,1298,75,94,593,mate mateIn2 middlegame short
EKDS6,r4r1k/pp2Npbp/2p2np1/2n2bN1/q1B5/8/PPPBQPPP/1K1R3R w - - 3 15,b2b3 f5c2 b1c2 a4a2,1898,76,92,1239,advantage attraction deflection master middlegame queensideAttack short
qn26p,8/p7/1p6/n2kPp2/3P1P2/1P1K4/P1P5/8 b - - 3 46,a5c6 c2c4 d5e6 d4d5,1031,90,91,2684,crushing endgame knightEndgame short
NbnaE,7r/R1p1rpk1/7p/1B1QP1p1/8/4q2P/P5P1/6NK w - - 3 28,a7a8 e7e5 d5e5 e3e5,1441,76,94,3634,crushing middlegame short
KcnS0,1r4k1/3R2P1/8/2p1PNK1/8/p7/1p5P/8 b - - 1 48,b2b1q f5h6 g8h7 g7g8q,1360,78,100,1093,advancedPawn doubleCheck endgame mate mateIn2 promotion short
Ishkf,2r2q1k/pp2R2p/2p3p1/6Bn/2P5/2P5/P5PP/5QK1 w - - 1 20,e7b7 f8c5 f1f2 c5g5,1388,74,96,1480,advantage endgame fork short
7bZHZ,8/pk6/2p3R1/8/PpPPK1p1/1P3rP1/3R4/5n2 w - - 7 37,d2d3 f1g3 e4e5 f3d3,1281,75,90,663,advantage deflection endgame master short
62Ptd,r3r3/ppp3kp/3p4/5bb1/2BR4/2N5/PP3PPP/2K4R w - - 1 16,f2f4 c7c5 d4d5 g5f4,1797,76,93,3262,crushing middlegame short
0KfBQ,4r2r/p1k2qp1/2pb1p1p/P4Q1P/2pP2P1/5P1N/5K2/1R6 b - - 1 31,f7d7 b1b7 c7b7 f5d7,1209,75,97,3552,advantage attraction deflection middlegame short
IQOZD,r3k1r1/pp1q1p2/3p1pn1/3PpN1p/4Pb2/5N2/PP3PPP/R2Q1RK1 w q - 0 16,f3h4 g6h4 f5h4 d7h3,1679,75,96,6717,crushing middlegame pin short
2c9Xj,1Q4k1/3N1pbp/4b1p1/1p6/1Pq1p1PP/2P4K/1B3P2/8 b - - 10 44,g7f8 b8f8,1147,84,94,602,endgame mate mateIn1 oneMove
3dOSI,r1k1Rbnr/1p4pp/pBbp1p2/8/2B5/2R5/PPP2PPP/2K5 b - - 4 19,c6e8 c4e6 c8b8 c3c8,1302,78,88,527,discoveredCheck doubleCheck mate mateIn2 middlegame operaMate pillsburysMate queensideAttack short
7CIVA,2brr2k/3q2p1/p4n1p/1p1p1N2/3P4/4N2Q/PP3PPP/2R1R1K1 w - - 6 28,c1c2 d7f5 h3f5 c8f5,1809,75,92,2006,advantage middlegame short
f1QPo,r1bq1rk1/1pp1b1p1/p1np3p/6n1/3PPp2/P1N2N1P/1PB2PP1/R1BQR1K1 w - - 1 14,f3h4 g5h3 g2h3 e7h4,1630,76,87,1280,advantage discoveredAttack kingsideAttack opening short
eA8Rt,8/8/1p4bq/2p1B2k/2Pr2Qp/1P3P2/P4P1K/6R1 b - - 2 40,d4g4 f3g4 h5g5 f2f4,1343,75,95,11486,endgame mate mateIn2 short
cOSYv,br6/1q3p2/p4Qp1/Pp6/1kp3P1/4RP1P/6K1/8 b - - 11 49,b4a5 e3a3 a5b4 f6d6,1598,75,100,2606,endgame mate mateIn2 short
mmo9r,r4rk1/1b3ppp/1qNQpb2/8/8/1B6/P4PPP/2R1N1K1 b - - 0 23,a8d8 c6e7 f6e7 d6b6,1352,74,90,1817,advantage discoveredAttack middlegame short
IKozF,3rrk2/ppR2p1Q/3Nq1n1/6P1/8/5pP1/PPK5/4q2R b - - 1 32,e1h1 c7f7 e6f7 h7f7,1186,76,94,737,mate mateIn2 middlegame short
3o0zy,7r/pk3N2/1p1b4/2pp2p1/6P1/8/PPR4P/5K2 b - - 2 34,h8h2 f7d6 b7c6 c2h2,1195,76,97,4120,crushing endgame hangingPiece intermezzo short
NEm77,3r2k1/1p1r1pp1/4bq1p/1Q1pR3/7P/2P1RBP1/5PK1/8 b - - 0 31,d8c8 e5e6 f7e6 b5d7,1280,81,92,1407,advantage capturingDefender master middlegame short
TLE1G,8/8/8/P5p1/6k1/R4p2/4rK1P/8 w - - 3 56,f2f1 e2h2 a5a6 g4g3,1679,75,95,14986,crushing defensiveMove endgame master rookEndgame short
p3Fs2,3r2k1/p3pp1p/6r1/8/2Pb4/5qN1/PP1Q1P1P/R1B3KR w - - 6 26,d2f4 d4f2 g1f1 d8d1,1666,74,96,19887,kingsideAttack mate mateIn2 middlegame short
cHxhY,4r3/ppp3kp/1bq1B3/n5Q1/P7/1P4P1/K6P/4R3 b - - 5 36,g7h8 g5f6,1162,87,94,1981,master mate mateIn1 middlegame oneMove
Sj8sU,4r1k1/p4ppp/5n2/7q/2QR4/6P1/Pr3PBP/5RK1 b - - 1 22,h5b5 c4b5 b2b5 g2c6,1430,78,94,2772,advantage master middlegame short
8rIId,6k1/ppp3pp/5p2/3N1n2/3Pq3/2P5/PP1Q1PPP/6K1 w - - 1 23,d5f4 e4b1 d2c1 b1c1,1068,88,94,1573,backRankMate endgame mate mateIn2 short
GfiJA,6k1/5pp1/3p1Rp1/1p1Pp3/2q1P2Q/2PpB1PP/1P4P1/r5K1 w - - 1 29,f6f1 a1f1 g1f1 d3d2,1189,76,97,2112,advancedPawn crushing discoveredAttack discoveredCheck endgame kingsideAttack short
1utxP,r4rk1/4ppbp/p1pp2p1/2n1PbP1/2P2P2/2N1B3/qP3QB1/2KR3R w - - 0 22,c3a2 c5b3,1303,75,100,1720,master mate mateIn1 middlegame oneMove
5KPFi,rnb1k2r/pp2ppbp/3q2p1/3n4/2B1P3/8/PPP2PPP/R1BQK1NR w KQkq - 0 8,e4d5 d6b4 c2c3 b4c4,1300,75,95,3500,advantage fork opening short
WUFcn,8/1p6/2p3p1/P1P2p1p/3PkP1P/2K5/8/8 w - - 3 39,d4d5 e4d5 a5a6 b7a6,1796,79,91,734,crushing endgame pawnEndgame short
mjomI,2q1k1r1/1p1bbp2/3p1n1p/1N1Pp3/4P3/3B1pNP/2PQ1PPK/R7 b - - 1 22,f3g2 a1a8 c8a8 b5c7,1784,74,94,16611,advantage middlegame pin sacrifice short
2DZE2,b5k1/5ppp/p1qbp3/1p6/2p2P2/8/PPP2QPP/2R1R1K1 w - - 0 27,e1e2 d6c5 f2c5 c6c5,1382,75,92,1769,advantage endgame pin short
lgZsl,5Rk1/5p1p/p3pQp1/n1q5/5P2/5B1P/P5P1/2rR3K b - - 0 32,g8f8 f6h8 f8e7 h8d8,1632,78,94,8849,endgame mate mateIn2 short
WK3nk,5k2/6r1/2p1Pp2/p2n1P2/1p4KP/P2Rp3/8/4R3 w - - 3 38,g4h5 d5f4 h5h6 f4d3,1173,83,93,791,crushing endgame fork short
kwqRo,2r1q3/4kr1R/p2p1pQ1/1p2p3/8/P7/1PP5/2K4R b - - 3 31,e8g8 h7f7 g8f7 h1h7,1363,74,100,1765,advantage endgame pin short
x2bjl,8/ppk1r1pB/8/6R1/3n2P1/P7/1PP5/2K5 w - - 1 30,c2c3 e7e1 c1d2 d4f3,1339,74,100,1482,crushing endgame short
213uY,r4r1k/pp3ppp/4p3/3nP2q/6R1/PP4n1/1B2QPPP/5RK1 w - - 0 22,f2g3 d5e3 e2e3 h5g4,1808,76,89,1028,crushing deflection middlegame short
fnXfG,6k1/pp5p/5n2/2p2N2/4pp2/1P2b2K/P1P1B3/8 b - - 1 40,f4f3 e2c4 g8f8 f5e3,1521,76,91,2729,advantage endgame short
pHGCf,r1bq1b1r/ppp1k1p1/4pn2/4P1Q1/8/8/PPP2PPP/RN2K2R b KQ - 0 14,h8h5 e5f6 g7f6 g5h5,1063,82,94,3706,advantage middlegame short
TsrDv,3r1rk1/1pbnq1pp/p3p3/8/2P5/1P3NP1/PB2QP1P/R3R1K1 w - - 2 19,e2e6 e7e6 e1e6 f8f3,1201,77,98,1284,advantage middlegame short
nxxDc,8/8/3kp1p1/7p/5P1K/6P1/7P/8 b - - 1 45,e6e5 f4e5 d6e5 h4g5,1245,77,96,6785,crushing endgame pawnEndgame short
tivdb,8/1pb5/p1r1pR2/3pP1kp/6pN/P5P1/1P5P/1K6 b - - 3 45,c7e5 f6g6,1062,82,88,828,endgame hookMate mate mateIn1 oneMove
EnJyr,r1q1k2r/1R3pp1/n1p1pn1p/p2p4/P1pP4/B1P1PN2/2Q2PPP/5K1R w kq - 4 16,b7f7 e8f7 f3e5 f7g8,1788,77,92,1597,crushing hangingPiece middlegame short
2t0nU,8/8/3R4/3B1k2/2Pb4/7K/p7/r7 w - - 0 51,c4c5 a1h1 d5h1 a2a1q,1651,76,98,2131,advancedPawn clearance crushing endgame master promotion short
emXfq,4r1k1/2b2pp1/p1p4p/2pnP3/3p1Pr1/PP4PR/1BP1NPK1/7R w - - 1 27,e2c1 d5f4 g2f3 f4h3,1342,76,91,1611,advantage middlegame pin short
1qD0Q,8/8/R7/1p1pppk1/1Pr3p1/P3K3/1P2N2P/8 w - - 1 40,e2c3 d5d4 e3d2 d4c3,1192,78,89,535,crushing endgame fork short
cHQ0U,r3r1k1/5pp1/p1n2n1p/1p1p1b2/P2Pq3/2P2NBP/4BPP1/R2QR1K1 w - - 4 19,e2d3 e4d3 d1d3 f5d3,1381,77,92,1078,crushing middlegame short
x80Zu,6k1/3Q2pp/r4p2/2q5/p4P2/8/6PP/3R3K b - - 2 34,a6a7 d7e6 a7f7 d1d8,1785,76,95,6771,advantage clearance endgame short
j5Vlw,2k1r3/pq2b3/3p1p2/PPp1pP1p/2P1n1pP/1Q2B1P1/5PK1/R2R4 w - - 1 33,b5b6 e4d2 g2g1 d2b3,1112,80,94,1559,crushing discoveredAttack discoveredCheck middlegame short
k2c7b,6k1/r5p1/1q2p2p/3bQ3/2pP4/Rp3P1P/1P4P1/5RK1 w - - 0 45,f1a1 a7a3 a1a3 c4c3,1714,77,94,11233,advantage endgame short
aFn4k,5R2/pppk1p2/3p1q2/4p3/2B1P3/2PPQb1r/PP1K1P2/8 b - - 3 28,d7e7 f8f7 f6f7 c4f7,1062,79,89,1259,advantage endgame fork short
O58US,rn2k1nr/1pp1bppp/pq2b3/4N3/3P1B2/2N4P/PPP1Q1P1/R3KB1R w KQkq - 3 11,f4e3 b6b2 a1b1 b2c3,1582,77,95,34746,crushing fork opening short
Pn8RI,3rr1k1/5ppp/B1Rb4/3p2q1/1P2P1b1/P5P1/1B3P1P/3QR1K1 w - - 1 21,d1d5 g5d5 e4d5 e8e1,1601,83,93,11562,advantage kingsideAttack middlegame short
JqTev,r4r1k/p3RP1p/1pp3R1/8/1q6/7P/6QK/8 b - - 0 33,b4e7 g2b2 e7e5 b2e5,1719,75,94,1381,endgame mate mateIn2 short
DD4it,2r2rk1/p3bpp1/2Q3n1/1p5p/4pP1P/2Pq2B1/PP1N1P2/2KR3R w - - 1 20,c6e4 c8c3 b2c3 e7a3,1763,80,89,1313,balestraMate master masterVsMaster mate mateIn2 middlegame queensideAttack sacrifice short
19zLJ,3rr2k/5Npp/p1Rn1q2/P5b1/2B2p2/2PP1Q2/5PP1/4R1K1 b - - 8 43,d6f7 e1e8 d8e8 c6f6,1683,75,95,8744,crushing kingsideAttack master middlegame short
5QWNp,8/5K2/p7/3N1nP1/8/PPb3k1/8/8 b - - 10 47,c3e5 f7e6 g3g4 e6e5,1845,75,88,1144,crushing endgame short
o190n,2r2rk1/p2q1ppp/4p3/2Q2n2/5P2/P1N2N2/1P3PPP/R4RK1 w - - 1 20,f1d1 d7d1 a1d1 c8c5,1187,79,94,16084,advantage middlegame short
6vAvP,b1r1r1k1/2q2pb1/4pnNp/ppNp4/2nP3B/P1PB3P/1P2QPP1/R3R1K1 w - - 1 21,g6f4 c7f4 h4g3 f4g5,1710,77,91,2228,advantage hangingPiece middlegame short
GrROz,4r1k1/2R2r2/2pB3p/4pPpn/4K3/2P2P2/PP3P1P/6R1 b - - 3 26,f7c7 d6c7 h5f6 e4d3,1808,75,92,1943,crushing endgame short
2afEz,8/2Q1nk2/8/3q1p1r/1p1P2r1/4B1P1/1P3R1P/5RK1 w - - 2 33,c7c5 g4g3 h2g3 d5h1,1092,89,93,578,mate mateIn2 middlegame sacrifice short
jXEZB,r3r1k1/1pp2p1p/pq1p1bp1/3P1B2/8/5Q2/PP3PPP/R3R1K1 w - - 0 23,e1e8 a8e8 f5d7 b6b2,1597,74,96,1617,advantage middlegame short
Qe1RG,8/4p3/4K1p1/5n1k/6Rp/7P/8/8 w - - 4 57,e6f7 f5h6 f7f8 h6g4,1031,78,99,2061,crushing endgame fork master short
JP8Wx,r2qkb1r/8/n1p1p1pp/3pPn2/p2P2P1/2PBB3/P2N1Q1P/R4RK1 b kq - 0 18,f5e3 f2f7,1470,75,94,1483,mate mateIn1 middlegame oneMove
l1xQE,5rk1/1Q3ppp/4bq2/7r/8/5PB1/6PP/3RR1K1 b - - 2 26,f8c8 b7c8 e6c8 e1e8,1616,78,96,16844,backRankMate mate mateIn2 middlegame sacrifice short
u7t3c,5rk1/1Qp2pp1/p7/4P1n1/P4R2/2P3q1/1P4P1/R5K1 w - - 0 26,a1f1 g5h3 g1h1 h3f4,1255,75,99,6351,advantage endgame pin short
cC0Vm,bq1r2k1/2r2ppp/Bp1b1n2/4n3/1P2P3/PNN4P/2R1Q1PB/1R5K w - - 3 26,c3b5 c7c2 e2c2 a8e4,1403,76,92,500,advantage master middlegame short
7axpX,3r4/1p2q1k1/p1n4p/6p1/8/2Q5/PP3BPP/5RK1 b - - 2 29,e7f6 c3f6 g7f6 f2b6,1976,79,91,1593,crushing discoveredAttack discoveredCheck endgame short
TYo34,8/5R1p/pq4p1/1p2p3/6kP/1BR3P1/Pr6/7K b - - 2 35,b6d4 b3e6 g4h5 f7h7,1410,76,95,13615,endgame mate mateIn2 pillsburysMate short
hYd1o,r1bq1b1r/pp2p1pB/2nnk3/3p4/3P2Q1/1P6/P4PPP/RNB1K2R b KQ - 1 13,e6f7 g4g6,1142,76,97,2278,mate mateIn1 oneMove opening
1IODc,2rq1r1k/4b3/p2npnQ1/1p1pR3/3P1B2/PPP4P/5PP1/R5K1 b - - 2 23,f8g8 e5h5 f6h5 g6h6,1876,76,100,552,kingsideAttack mate mateIn2 middlegame sacrifice short
4TcXo,1r3q1k/pbp1b1p1/1p2Br1p/6N1/1nP5/P1Q5/1B3PPP/R4RK1 b - - 0 20,h6g5 c3h3 f6h6 h3h6,1425,77,94,2309,kingsideAttack mate mateIn2 middlegame pin short
UiMEm,5b1r/4kppb/1qB5/4NnPp/1p5P/7n/P2N1P2/R2QR1K1 w - - 4 23,g1g2 b6f2 g2h3 f2g3,1375,75,96,14966,mate mateIn2 middlegame sacrifice short
gyjN9,8/pp1k4/5Rp1/6P1/2pPN3/2P1KP2/1r6/4n3 w - - 4 41,f6g6 e1g2,1186,76,89,618,endgame mate mateIn1 oneMove
9HUXE,3r1k2/5p2/5n2/7p/1p1q4/1B3Q2/1PP5/1K5R b - - 1 31,d4g4 f3f6 g4d1 h1d1,1163,75,95,1066,crushing endgame hangingPiece short
pFpDA,8/B4p1p/4b3/8/1b2kP2/1P4P1/5K1P/3B4 w - - 3 37,f2e2 e6g4 e2f1 g4d1,1145,74,97,9271,advantage bishopEndgame deflection endgame short skewer
sgqCT,rn2k3/pp4p1/2pb3r/3K1p2/3P1Pp1/6q1/PPP1B3/RNBQ1R2 w q - 0 18,d5c4 b7b5,1056,78,100,852,mate mateIn1 middlegame oneMove
WN7Oa,2R5/1p6/2b5/5r2/PBk5/4K3/8/8 w - - 0 57,b4e7 f5e5 e3d2 e5e7,1111,77,95,962,crushing endgame fork master short
VBJk8,8/3k4/7p/1b1BP3/p2b1KP1/B7/8/8 b - - 0 48,b5e2 e5e6 d7c7 e6e7,1133,75,100,649,advancedPawn bishopEndgame crushing endgame short
hlOzw,r2qr1k1/ppp2ppp/2nb4/3b4/8/5N2/PPP1BPPP/R1BQ1RK1 w - - 0 11,d1d5 d6h2 f3h2 d8d5,1085,80,86,1101,advantage discoveredAttack kingsideAttack opening short
JMXTC,r2q1rk1/1b2bpp1/p6p/1p1pN3/2nP2Q1/P2BB2P/1P3PP1/2R2RK1 b - - 6 17,e7g5 g4f5 g7g6 e5g6,1939,76,92,2393,crushing middlegame short
UeY1B,2k5/pp3p2/2P1p1r1/5p2/P1P2q2/4n3/1P2QKB1/R3R3 w - - 5 30,e2f3 g6g2,1433,76,95,6377,mate mateIn1 middlegame oneMove
UTh8E,4r2k/4q1bp/pp3n2/6p1/PPr1Pp2/2N2P2/1Q2KBPP/1R5R w - - 2 28,b2b3 c4c3 b3c3 f6e4,1914,76,92,936,crushing middlegame short
wCUlb,1R6/4r1pk/B3p2p/2b1Pp2/3pbP2/8/2PB2PP/7K b - - 0 34,e4c2 b8c8 c2e4 c8c5,1377,76,94,3608,advantage endgame short
ahUOc,8/5p2/1p2pknp/1Pp3P1/2P1KP1P/8/4B3/8 b - - 0 39,h6g5 f4g5 f6e7 h4h5,1699,78,94,13706,crushing endgame short
p31If,rnb1k1r1/p7/2p2pp1/q2p1p1p/1b1P1N1P/2NBPP2/1PPQ2P1/1K2R2R b q - 2 16,b4c3 d2c3 a5c3 b2c3,1112,81,92,2488,advantage master middlegame short
yl1Yj,4r3/1pp3pk/pq4Np/3Q4/3PP3/2P1b3/PP4PP/R6K w - - 13 29,d5f5 b6g6 f5g6 h7g6,1458,75,91,5083,crushing endgame short
uhZ5U,5rk1/pp1n1ppp/2p2n2/q7/2P2B2/2PB1Q1P/P4PP1/4R1K1 b - - 0 17,a5c3 d3h7 f6h7 f3c3,1002,79,96,1211,crushing discoveredAttack middlegame short
D6hwA,2R5/p3rqk1/8/2Qp3p/3P1p2/1P3P1P/P7/5K2 w - - 0 41,c8d8 f7e6 c5e7 e6e7,1930,77,88,608,crushing endgame short
OA6n2,6k1/5pp1/5q1p/1Q6/2p5/2P4P/2Pr1PP1/4R1K1 w - - 1 30,b5c4 f6f2 g1h2 f2g2,1120,75,100,719,endgame fork mate mateIn2 short
KzH3I,6k1/3b1pp1/3Pq3/r3Pp2/5P1Q/8/6PP/5RK1 b - - 4 34,d7c6 h4d8 g8h7 d8a5,1098,76,99,692,advantage endgame fork short
KFrks,8/4k3/6p1/3P3p/3K1P2/8/8/8 w - - 1 50,f4f5 g6f5 d4e5 h5h4,1163,83,92,586,crushing defensiveMove endgame pawnEndgame short
4V4sU,r1b1Rbk1/pp1n1Np1/2p4p/3p1B2/6q1/6P1/PPQ2P1P/6K1 b - - 2 28,g4c4 f5h7 g8f7 c2g6,1694,76,94,2902,killBoxMate kingsideAttack mate mateIn2 middlegame sacrifice short
Os5JU,r3r2k/1p3p2/3p1p2/pP1q1P2/P2b1NQ1/6P1/7P/2R1R1K1 w - - 0 33,g1f1 d5h1,1458,80,91,9831,mate mateIn1 middlegame oneMove
Ty7by,r3kb1r/1p1n2p1/p2P3p/2B1Np2/4N3/8/Pq2bPPP/R2Q1RK1 w kq - 0 19,d1d5 b2e5 d5e5 d7e5,1765,75,93,732,advantage middlegame short
cela2,r6k/pp4pp/3bBn2/3P3q/5Pb1/2N5/PP3P1P/R1BQ1RK1 w - - 3 19,e6g4 f6g4 d1g4 h5g4,1268,75,90,1596,advantage kingsideAttack middlegame short
k5Vmn,2r2rk1/2q2ppp/4pbn1/p7/3PB1QP/Pp2BP2/1P3P2/1K1R2R1 b - - 0 25,f6h4 e4g6 f7g6 g4h4,1425,76,96,23431,advantage capturingDefender intermezzo middlegame short
SD4Fu,r4rk1/p5p1/3p2qp/PPpP1b2/2P2p2/1R3B1P/6P1/3Q1RK1 w - - 4 24,g1h1 f5c2 b3b2 c2d1,1499,75,88,1929,crushing fork middlegame short
TcD2x,r1b1qrk1/1p3ppp/p1np1n2/b2Np3/2P1P3/1P1B1N1P/PB2QPP1/R3K2R w KQ - 4 15,b2c3 f6d5 c3a5 d5f4,1855,77,93,2104,crushing middlegame short
KkV4Y,2krr3/ppp2pp1/7p/6q1/1b1P2P1/4PB2/PP2QPP1/R2K3R w - - 3 19,e2c4 d8d4 c4d4 e8d8,1409,76,93,6562,advantage clearance middlegame pin sacrifice short
u0KGx,r1bq3r/1ppp1kpp/pbn5/4p1N1/1P2P1n1/2P5/P4PPP/RNBQ1RK1 b - - 1 11,f7g8 d1d5 g8f8 d5f7,1562,76,85,1648,kingsideAttack mate mateIn2 middlegame short
NwJ29,r4rk1/1pp2pp1/p1b4p/8/1QB1q3/4pP2/PPP3PP/4RRK1 b - - 0 18,e4d4 c4f7 f8f7 b4d4,1004,77,95,858,crushing discoveredAttack kingsideAttack middlegame short
E5CHu,k4b1r/pp1r2p1/2p2q2/3p1P1P/N3n3/1Q6/PPP4B/1K1R3R b - - 0 24,f6h6 a4b6 a7b6 b3a4,1171,77,95,9875,clearance mate mateIn2 middlegame queensideAttack sacrifice short
ZqKNm,3q2k1/p3r3/P1p5/1rNp4/2nPp1p1/4PbP1/6BP/R1Q1R1K1 w - - 1 36,g2f1 b5b2 c1b2 c4b2,1710,77,90,731,advantage middlegame short
UMwb4,2r4k/5Qpn/q7/6P1/3P1R1P/8/1pP5/1K1R4 w - - 1 36,f7a2 a6e2 a2a4 e2d1,1851,74,94,2096,crushing endgame master short
14Zav,3r4/5R1n/1b2r1kN/p3P1P1/1p1pR1KP/3p4/PP6/8 b - - 1 40,d3d2 h4h5,1222,77,90,715,mate mateIn1 middlegame oneMove
3qrQw,r1bqk2r/p3npbp/2p1P1p1/8/3pP3/1BN5/PPP3PP/R1BQK2R b KQkq - 0 11,d4c3 e6f7 e8f8 d1d8,1269,75,98,3518,advancedPawn attackingF2F7 mate mateIn2 middlegame short
ty9rO,r1b1r1k1/5pbp/ppp3p1/2p2nB1/4N3/3P1N2/PPP3PP/4RRK1 b - - 3 16,h7h6 e4f6 g7f6 e1e8,1641,76,100,2021,advantage discoveredAttack fork middlegame short
SWfvn,6k1/pp2qpp1/2n1r1p1/8/8/1P3QNP/P1R2PP1/6K1 w - - 2 26,c2e2 c6d4 e2e4 d4f3,1630,78,92,5279,crushing endgame fork short
juPGs,6k1/1p1q1ppp/p3b3/2p1QP2/3p2P1/3P3P/PPPB4/6K1 b - - 0 24,e6d5 e5b8 d7c8 b8c8,1055,75,98,1153,backRankMate endgame mate mateIn2 short
5Jbir,5r2/1p4pp/1p1kp3/1Bnp4/1R2r3/P4N2/5KPP/4R3 w - - 1 30,f2g3 f8f3 g2f3 e4e1,1965,76,88,1852,crushing middlegame short
oWpTR,r4k1r/pp6/2p5/6B1/3p3p/1B1P1q2/PPP1R3/3K2R1 b - - 2 36,a8e8 g5h6 h8h6 g1g8,1571,80,94,16784,clearance mate mateIn2 middlegame operaMate sacrifice short
jQ1RL,7r/p7/1p2kP1p/3pPn2/3q4/3P1Q2/P1rB4/1R2K2R b K - 2 28,d4e5 e1d1 c2d2 d1d2,1514,75,88,1049,advantage defensiveMove master middlegame short
WDCbD,r1b1k2r/ppp2N1p/5p2/n1b1p2Q/2B1q3/8/PPPP1PPP/R1B1K2R w KQkq - 0 10,e1d1 c8g4 h5g4 e4g4,1328,76,90,809,crushing fork middlegame short
njKf0,r5nk/p5pp/1p1n4/3p3P/3Pp3/1P2P1bN/PB1N1r2/R2K3R b - - 1 27,f2h2 h1h2 g3h2 d2f1,1885,75,93,11407,advantage middlegame short
jxEgf,r7/2q2kp1/p3p2r/1pp1ppQ1/8/3P1P1P/PPP1RP2/4R1K1 w - - 3 23,e2e5 h6g6 g5g6 f7g6,1206,76,92,8926,advantage endgame master pin short
RhZPH,5r2/p2q2k1/1p1p2pp/2p1bb2/2P5/1P2Q1P1/P5PP/3R1R1K b - - 1 29,f5c2 e3e5 d6e5 d1d7,1470,76,94,11424,crushing middlegame short
daLYt,4r1k1/5pbp/3B2p1/3P4/1p2r3/1q5P/1P1Q1RK1/3N1R2 w - - 0 29,f2f7 e4e2 f7f2 e2d2,1188,83,93,2092,crushing fork master middlegame short
16qtr,r4rk1/1p3ppp/pb6/4pbB1/3pPnP1/PB1P3P/1PP2P2/R4RK1 w - - 0 19,e4f5 f4h3 g1g2 h3g5,1281,77,90,2532,advantage fork middlegame short
KhaJu,2n1k1r1/r7/p2bp3/4Bp2/1P3P2/P4B2/3R3K/4R3 w - - 3 33,e5d6 a7h7 f3h5 h7h5,1160,75,100,737,mate mateIn2 middlegame short
4s35X,r2q1rk1/p3nppp/2pp1n2/1p4N1/2BPP1b1/2NQ4/PPP3PP/R4RK1 w - - 0 13,g5f7 b5c4 f7d8 c4d3,1784,74,96,2331,advantage middlegame short
8cT80,r4rk1/3bbppp/p2p1n2/1p1Pp3/2q1P3/2P2N1P/P1BB1PP1/R2QR1K1 w - - 2 18,c2d3 c4d3 e1e3 d3c4,1329,77,92,517,crushing hangingPiece master masterVsMaster middlegame short
tWvxZ,r1b1kb1r/ppp2ppp/6n1/n3N3/3q1p2/3B4/PPP3PP/RNBQ1R1K b kq - 1 10,g6e5 d3b5 d4d7 b5d7,1125,80,94,1394,advantage opening short
Lnccp,1r1q1rk1/5ppp/1p2p3/pQnpP3/8/P3PN1P/1P2RPP1/2R3K1 b - - 2 22,d8d7 c1c5 d7b5 c5b5,1371,75,94,2366,crushing middlegame short
Zs6e0,1r3rk1/p1q2pb1/6p1/1p5p/3pPR1P/1Q1P2PB/PP3R1K/8 b - - 1 29,a7a5 f4f7 f8f7 f2f7,1766,76,94,6242,advantage middlegame short
2hq3p,rn2kb1r/pp3ppp/2p1bn2/4p3/3P4/2P2NP1/PP1KQ1BP/RNB4q b kq - 5 10,e6c4 e2e5 c4e6 g2h1,1682,76,96,7780,advantage middlegame short
7TEBa,8/3R4/1p5k/3R4/1P3Pp1/6r1/2r5/3K4 b - - 2 42,c2f2 d5d6 h6h5 d7h7,1630,75,98,4097,endgame mate mateIn2 rookEndgame short
E47gc,3r2k1/1p3pp1/p1n3b1/P2pq2p/8/1NP2P2/1P3QPP/3R1BK1 w - - 2 24,f2c5 g6c2 d1a1 c2b3,1576,78,94,3317,crushing fork master middlegame short
pAHco,8/R4R2/1p4p1/8/4P1kP/6P1/p1r2PK1/1r6 b - - 2 43,a2a1q f7f4 g4h5 a7h7,1337,78,93,1013,endgame mate mateIn2 queenRookEndgame short
Yh6Xr,6k1/2p2p1p/4r3/p3q3/3Bp2Q/1PP4P/P2r2P1/4R2K b - - 6 29,e5f5 h4d8 e6e8 d8e8,1165,76,97,2032,endgame mate mateIn2 short
YMURZ,r1bq1rk1/p4ppp/2Nbpn2/8/3P4/8/PP3PPP/RNBQ1RK1 b - - 0 11,d6h2 g1h2 d8c7 c6e5,1585,76,90,692,advantage hangingPiece master opening short
i861v,r2q1rk1/5p1p/3p1bp1/p2Pp3/1PP5/1B3Q1P/1P3PP1/R4RK1 b - - 0 19,a5b4 a1a8 d8a8 f3f6,1099,90,93,892,crushing middlegame short
O8mgM,8/8/1R3pk1/7p/4ppbP/6P1/5K2/8 w - - 0 62,b6b4 e4e3 f2g1 f4f3,1580,80,94,4714,crushing endgame short
Un7PC,2rq1rk1/5pp1/p2bp2p/1p1n4/1P1Q4/P4N2/1B3PPP/2R1R1K1 b - - 1 20,d5f6 c1c8 d8c8 d4d6,1222,83,91,1213,crushing middlegame short
CXMlG,2k4r/ppp2ppp/7q/3r4/2Q4R/8/PPP3P1/R6K b - - 0 20,d5h5 c4g4 f7f5 g4h5,1606,74,98,2259,advantage endgame short
sLDKs,8/8/2b2kpN/5p2/5P2/8/5K1P/8 w - - 2 53,f2g3 f6g7 h6f5 g6f5,1639,76,94,17298,crushing endgame short trappedPiece
5idCc,r2k3r/p4p2/1p1b1P2/2p1n1B1/2PpP1b1/3B2N1/PP6/2KR3R b - - 2 23,g4d1 h1h8 d8d7 h8a8,1160,77,92,1106,crushing hangingPiece middlegame short skewer
GrJKF,6rk/p7/3QR2p/5p2/7n/2P3PK/5P1P/5q2 w - - 6 38,h3h4 g8g4 h4h5 f1h3,1135,76,98,899,endgame master mate mateIn2 short
KHsva,6k1/1q3p2/3R2pb/1pP5/3P1N2/2PQ2P1/2P2PKP/4r3 w - - 5 31,d3f3 e1g1 g2g1 b7f3,1171,77,94,8570,advantage deflection endgame short
7zmNO,8/8/1R6/8/8/3bk3/5p2/3K4 w - - 0 47,b6f6 d3e2 d1c2 e2f3,1438,75,94,17772,crushing defensiveMove endgame short
kWfpM,8/1R4p1/r3pk2/6pn/3PP1KP/5P2/6P1/8 b - - 4 42,h5f4 h4g5 f6g6 g4f4,1596,75,96,6167,crushing endgame master short
ZA6vW,r3r3/5pk1/p7/4P1Q1/3P4/p1q5/7P/6RK b - - 0 33,g7f8 g5h6 f8e7 h6d6,1985,76,94,13549,endgame mate mateIn2 short
L88tp,8/p4pk1/5p2/2PQ4/3P3r/6qP/PP2r1P1/R5RK w - - 3 32,d5f3 h4h3 g2h3 e2h2,1404,75,97,11457,endgame mate mateIn2 sacrifice short
d0XCd,r3k2r/pp2npbp/2np2p1/q5B1/2P3b1/2N1PN2/PP1Q1PPP/R3KB1R w KQkq - 3 10,f1e2 g4f3 e2f3 a5g5,1623,76,93,706,advantage capturingDefender middlegame short
Gs1Qx,r4k2/pp4np/3qNpp1/3P4/2B3b1/8/P4P1P/Q3R1K1 b - - 1 21,g7e6 a1f6 f8g8 d5e6,1776,74,85,815,crushing intermezzo middlegame short
ClDr4,1r1r2k1/1b2ppb1/6p1/1p1qP3/2pPN1Q1/1nP1B3/2B3PP/1R3RK1 w - - 0 23,c2b3 d5e4 g4e4 b7e4,1499,80,95,20757,advantage middlegame short
CGFMe,1R2n2k/3b4/p2p1b1p/P1pPp2q/2P2p2/5NrP/3BB1PK/3Q2R1 w - - 0 30,f3d4 g3h3 g2h3 h5h3,1454,78,93,1877,mate mateIn2 middlegame sacrifice short
kmGEP,3r2k1/1Q3ppp/3q4/p7/4r3/P3N3/1P2nPPP/R4RK1 w - - 1 21,g1h1 d6h2 h1h2 e4h4,1505,79,89,713,anastasiaMate attraction mate mateIn2 middlegame sacrifice short
IoMi2,3qr2k/p3r1pp/1pbpQp2/5P2/3B4/3P4/PP2R1PP/4R1K1 w - - 0 23,d4f6 e7e6 f6d8 e6e2,1254,83,92,1369,crushing middlegame short
keDbc,8/5p1k/2p1bBrp/p3P3/P6Q/2P3R1/3q2PK/8 b - - 7 41,g6g3 h4g3 d2g5 f6g5,1338,80,92,4177,crushing endgame short
rFS8n,6R1/2r4p/8/5k2/Kp2R3/2p4P/PrP5/8 w - - 0 44,e4b4 c7a7 a4b5 a7b7,1573,78,98,10909,advantage endgame rookEndgame short
KycMv,r2nr3/1q1b2kp/p2p1Qp1/1ppNp1P1/4P3/2PP3P/PP4B1/5RK1 b - - 1 25,g7g8 d5e7 e8e7 f6f8,1580,77,97,9868,kingsideAttack mate mateIn2 middlegame sacrifice short
0uyAG,4r1k1/p1p1rp1p/2p3p1/3n1q2/3P4/2PQ1N1P/PP3PP1/R4RK1 w - - 1 21,f3e5 e7e5 d3f5 e5f5,1395,79,94,6287,advantage middlegame short
BXa1j,3qkr2/p7/1pr1pbQ1/5pB1/3P4/2P3P1/P4PK1/7R b - - 3 28,f8f7 h1h8 f6h8 g5d8,1714,77,92,585,advantage master middlegame short
lLuKK,2r3k1/pp3p2/6p1/4R1Q1/3P4/1P5q/P1r2P2/3R2K1 w - - 0 28,d4d5 c2f2 g1f2 c8c2,1877,76,95,795,attraction crushing endgame master sacrifice short
DxuFw,r4rk1/pp3ppp/5P2/3pPn2/2pPq3/2P5/PP4R1/R1B3QK w - - 1 26,f6g7 f5g3 h1h2 e4h4,1835,74,96,2907,kingsideAttack mate mateIn2 middlegame pin short
nqlIq,r1b4R/p1p2pk1/2p5/5qb1/2P5/P7/1P1Q1PP1/R1B3K1 w - - 2 26,d2d4 g5f6 d4e3 g7h8,1335,75,94,760,advantage defensiveMove middlegame short
aHdJH,2r1r1k1/5pp1/1pN2q1p/pPnp4/5P2/2P1Q3/1P4PP/R4RK1 w - - 1 26,e3d2 c5b3 d2d5 b3a1,1605,75,97,22692,advantage fork middlegame short
T4veZ,r4k2/ppp4R/5pp1/3P4/2P2Q2/P1N5/1Pqp1PPP/1R4K1 w - - 0 22,f4c7 c2b1 c3b1 d2d1q,1499,80,97,3883,advancedPawn backRankMate endgame mate mateIn2 promotion short
QattQ,8/1R6/4k1p1/4r2p/5nK1/5PB1/6PP/4b3 w - - 0 43,g4f4 e1d2,1299,78,93,1231,endgame mate mateIn1 morphysMate oneMove
TN0XE,4rk1r/pp1nbpNp/2p2n2/8/q2p4/3P3P/PPPBQP1P/R3K2R b KQ - 0 14,f8g7 h1g1 f6g4 e2g4,1414,79,95,18682,advantage middlegame short
2y4nw,r3r1k1/p1R2p2/3p1B2/7p/1n6/3P4/PP3PPP/R5K1 w - - 3 23,d3d4 b4d5 c7d7 d5f6,1600,75,100,546,advantage endgame fork short
9ZyJj,7r/p1Q5/2npk3/3Npq2/2P3p1/3P2Br/P1P2PK1/1R2R3 w - - 1 34,c7c6 f5f3 g2f1 h3h1,1250,78,93,1146,mate mateIn2 middlegame short
g6CCB,6k1/pp4pp/2r2r2/4p3/4P3/1P5P/P2KR1P1/R7 w - - 5 31,a1c1 f6d6 d2e1 c6c1,1376,75,96,30235,crushing deflection endgame rookEndgame short
UBdZM,4r3/pp4k1/2nq1p2/7r/3Pp1PQ/2P1B2P/PP6/R6K w - - 0 27,h4h5 e8h8 h5h8 g7h8,1275,83,94,8178,crushing endgame short
PXKnJ,r5k1/2p2Ppp/1bp5/p1r2Pq1/P3Q3/8/1P4P1/2R1R1K1 b - - 0 28,g8f8 e4e8 a8e8 f7e8q,1674,76,97,7576,advancedPawn mate mateIn2 middlegame promotion short
Y8ewu,6k1/3p1pp1/2RP3p/8/6P1/1p5P/1B1K3r/8 w - - 1 39,d2c3 h2c2 c3b3 c2c6,1552,77,98,2435,crushing endgame short skewer
3raL0,5rk1/8/4Q1p1/6r1/3p2P1/6K1/2p1PP2/8 b - - 1 38,g8g7 e6e7 f8f7 e7g5,1109,76,97,1938,crushing endgame fork master queenRookEndgame short
3KEW7,r4qk1/1b3rp1/1p2R1Q1/p5B1/2pb4/1P3B1P/P5P1/5R1K w - - 0 28,f3b7 f7f1 h1h2 f8b8,1667,77,90,1810,crushing hangingPiece middlegame short
y1JCo,4r1k1/2p4p/p1R3p1/Bp1n4/3P4/P7/5PPP/6K1 w - - 1 28,c6a6 b5b4 h2h3 b4b3,1836,74,93,1184,crushing endgame short
7jEZg,6k1/1br2rb1/ppp4B/3pPq2/3P1P2/4Q1R1/PP5P/6RK b - - 4 33,c6c5 e5e6 f5e4 e3e4,1901,76,89,2193,crushing middlegame pin short
YkCXU,1r3rk1/5p1p/pnpqp1pP/3p2P1/3P4/2N2Q2/PPP2P2/2KR3R b - - 0 19,b6c4 f3f6 d6f4 f6f4,1270,79,93,1197,crushing middlegame short
U0Kwp,8/8/8/2Rk1p2/pK6/r7/2P5/8 b - - 1 44,d5d4 c2c3 a3c3 c5c3,1765,77,96,2883,crushing endgame rookEndgame short
hNuEY,1br1r1k1/1p5p/p1p3pB/2P2pQ1/P2P4/2q3P1/5PKP/R3R3 b - - 1 26,e8e1 g5f6 c3d4 f6d4,1489,77,97,8209,crushing middlegame short
bftnj,8/4kp2/pp1np2p/3pN3/PP1PrP1P/8/7K/2R5 b - - 2 37,e4d4 e5c6 e7f6 c6d4,1135,88,91,3565,advantage endgame fork short
FhJjz,r1b1r1k1/ppQ1pp1p/1np2N2/8/4q1P1/1BP1b2P/PP3P2/3R1RK1 b - - 0 20,e7f6 c7f7 g8h8 f7f6,1339,77,100,668,kingsideAttack mate mateIn2 middlegame short
2XPzw,1R3rk1/5ppp/3Qp3/p2p4/3P4/2q1P2P/5PP1/6K1 b - - 1 29,f8c8 d6d8 c8d8 b8d8,1150,76,95,5940,backRankMate endgame mate mateIn2 sacrifice short xRayAttack
zUbLs,b1Q5/P5kp/4p1p1/4P1q1/3p1r2/R4P1K/4BP1P/4R3 w - - 3 42,c8a8 f4h4,1638,83,87,2126,endgame master mate mateIn1 oneMove
piFpY,1Q6/3B4/4p3/4r3/P1K4k/5P2/2P1q3/8 w - - 1 48,c4b4 e2d2 b4a3 e5e3,1834,77,92,2772,crushing endgame fork master short
aSYJL,5rk1/7p/R2Bp1p1/1p2p3/3pP1q1/1B1Pb2r/1PP3R1/4Q1K1 w - - 4 35,e1e3 g4d1 e3e1 d1e1,1199,76,89,950,kingsideAttack mate mateIn2 middlegame short
znoKw,5rk1/5p2/5Rp1/p2Q4/P2Np2P/4P1b1/1P1B2Pq/2r2K2 w - - 1 32,d2c1 h2h1 f1e2 h1e1,1442,76,94,1010,mate mateIn2 middlegame short
Xy3sR,3r2k1/pbr2p2/1p1qp1p1/3pP1Pp/3P4/PP1B1n2/1BP4Q/2R1R2K b - - 2 26,f3h2 e5d6 d8d6 h1h2,1607,76,87,635,advantage intermezzo master middlegame short
vSzHD,5r2/p4p2/2p5/3pkR2/Pb4B1/1P4KP/2P5/8 b - - 10 39,e5e4 f5f4 e4e3 f4b4,1232,74,97,14528,crushing endgame short skewer
X3MMB,r4r1k/ppp3p1/2nb1q1p/4p2P/1PB2Nb1/P3P3/1BQP2P1/2R1K2R b K - 11 20,c6d4 f4g6 f6g6 c2g6,1906,75,88,1550,crushing fork middlegame short
D1aZW,r1b4k/p1p2Qpp/2pb4/5p2/3P3q/2P5/PP3KPP/R1B1R3 w - - 2 17,f2g1 h4e1,1419,76,98,4898,hangingPiece kingsideAttack mate mateIn1 middlegame oneMove
XAwzh,2r1r1k1/1b2ppbp/p2p1np1/1p6/2qBPP2/P1N2B2/1PPQ2PP/2R2RK1 w - - 10 17,f3e2 f6e4 d4g7 e4d2,1218,79,92,4392,crushing middlegame short
tWTD6,r4r1k/pp3p1p/3q3p/3p1N2/6P1/2P5/PP3Q2/RN4nK b - - 1 22,g1h3 f2d4 f7f6 f5d6,1279,76,99,1448,crushing middlegame short
nL5gh,8/1p2k1pp/p1b2p2/3r4/P1Q2B2/4K1P1/8/8 w - - 5 46,c4e4 d5e5 f4e5 c6e4,1308,78,92,994,advantage defensiveMove discoveredAttack endgame pin short
AAxyl,7r/2p2pn1/1BN1k1pb/1P2P3/5P1p/2P2K2/5P2/3R4 b - - 0 34,c7b6 d1d6 e6f5 c6e7,1217,76,96,3151,endgame mate mateIn2 short
96Yal,r4rk1/2q1bpp1/2p1b2p/1p2p3/p3P2P/N1PR2Q1/PPB2PP1/3R2K1 b - - 1 21,e6a2 d3d7 c7b8 d7e7,1333,79,91,698,advantage interference middlegame short
QGqCc,3r4/2p4p/5kp1/2pr1p2/2P2P1P/1PK3P1/3R4/8 w - - 0 41,d2d5 d8d5 c4d5 f6e7,1219,76,90,964,crushing defensiveMove endgame rookEndgame short
wqcqa,r1b1k2r/pp1nbpp1/1q2pn1p/2pp4/2PP3B/P1N1PN1P/1P3PP1/R2QKB1R b KQkq - 2 9,b6b2 c3a4 b2a1 d1a1,1679,75,94,3580,crushing middlegame short trappedPiece
3S01t,r2r4/pb1n1k2/4p1p1/3p2PB/1qpP1P1P/4P3/PPQ5/2KR2R1 b - - 0 23,g6h5 c2h7 f7e8 g5g6,1857,75,93,523,advantage middlegame short
j9Gju,r4Q1k/pp1bn1pp/2pNp3/4P1q1/P2P2P1/2PB3P/8/5RK1 b - - 4 29,a8f8 f1f8 e7g8 d6f7,1099,80,94,3285,kingsideAttack mate mateIn2 middlegame short smotheredMate
iPQpO,8/1p1r4/p4R2/P1Pk4/3P4/8/3BKP2/r7 b - - 4 47,d5d4 f6d6 d4c5 d6d7,1615,78,94,4107,advantage endgame master short
aofnv,r4r1k/pp5p/1qp1bR2/4P1p1/3p4/6P1/PP1Q2BP/2R4K b - - 1 24,e6d5 g2d5 f8f6 e5f6,1699,75,85,756,crushing master middlegame short
JkSFJ,r1b1kb1r/ppp2ppp/2n5/3pp3/2B1P2q/2P5/PP1P2PP/RNBQ1KNR w kq - 0 7,e4d5 h4c4 d2d3 c4d5,1381,74,94,10530,crushing hangingPiece master opening short
B5QAI,2r3k1/1p2qpp1/p4b1p/2N1p3/1P1nP3/P6P/1B2QPP1/2R3K1 w - - 5 25,e2e3 f6g5 f2f4 g5f4,1378,74,94,26877,crushing middlegame short
x4syE,r4rk1/1bq2pb1/ppnNp1p1/3pP2p/3p1P1B/5N2/PPP3PP/R2Q1RK1 w - - 0 17,f3d4 c6d4 d1d4 c7d6,1714,75,93,1600,crushing middlegame short
5bC2g,8/p1N2pk1/1p6/3PP2n/3P4/1P2n1p1/PB6/1K6 w - - 1 39,d5d6 g3g2 b2c1 g2g1q,1190,75,88,577,advancedPawn crushing endgame master promotion short
uFY7x,2k5/1p6/pr2qp2/3r3p/Q3p1P1/1PPp4/P2R1PP1/3R2K1 b - - 0 31,e6g4 a4c4 c8b8 c4d5,1847,76,94,12223,crushing endgame fork short
DNt8Y,r1b1rb1k/p1q2pQp/5P2/1nnp1N2/1p5P/1P3P1B/PBP5/R4RK1 b - - 4 25,f8g7 f6g7 h8g8 f5h6,1163,77,94,510,advancedPawn kingsideAttack mate mateIn2 middlegame short
uI1IN,8/8/1R4pk/5Np1/1pP5/5P2/rr4PP/5K2 b - - 0 47,h6h5 g2g4,1418,75,95,19975,endgame mate mateIn1 oneMove
CjIkF,3b4/ppp1k1p1/3pB3/2PPp3/PP2Pp1B/2NK1Q2/6qr/8 b - - 2 33,e7e8 f3h5 g7g6 h5h8,1224,76,93,1443,mate mateIn2 middlegame short
XGGkk,8/kp6/p1p2r2/3n4/3P1q1P/RQ6/1P6/1K1R4 w - - 1 47,d1h1 f4e4 b1a2 e4h1,1212,77,92,519,crushing endgame fork master short
GB8e7,r1bq1rk1/2p1b1pp/pp1p4/3n4/PPP2Q2/2NB1N2/2R2PPP/4R1K1 w - - 0 20,d3h7 g8h7 f4e4 c8f5,1907,78,89,596,advantage hangingPiece middlegame short
iYgRa,r4r2/1pp3pk/p2p3p/3P4/4P3/5p1B/PPP1R3/6RK w - - 0 28,h3f5 f8f5 e4f5 f3e2,1544,75,90,952,advancedPawn crushing endgame short
CPUqv,r2qkbnr/pp2pppp/2n5/3p4/3P2b1/1P3N2/P1PN1PPP/R1BQKB1R b KQkq - 4 6,c6d4 f3d4 g4d1 f1b5,1719,76,91,1298,crushing opening sacrifice short
nMKYF,8/p5R1/1p1kbN2/2ppnp2/8/4P3/P1P1BP1r/2K5 b - - 17 37,h2f2 f6e8 d6c6 g7c7,1262,76,100,1428,endgame mate mateIn2 pillsburysMate short
t32zj,8/8/8/6P1/1Q2pP2/6KP/1k6/1r1q4 b - - 2 48,b2a1 b4a3,1161,83,88,2269,endgame master mate mateIn1 oneMove
LU3Si,8/2rnk2r/6R1/3PP3/8/2p3P1/2P5/2K2R2 b - - 0 36,c7a7 d5d6 e7e8 g6g8,1263,79,93,7205,advantage endgame master short
JsRDM,8/p6p/6p1/PP3p2/2r2P2/1kp3P1/7P/R1K5 b - - 0 37,b3b4 b5b6 a7b6 a5b6,1950,80,92,1304,crushing endgame rookEndgame short
JpMV3,3Q4/5p1k/6p1/1p2P2p/1Pb5/6PP/2q3BK/8 w - - 1 39,d8e7 c4d5 e7f7 d5f7,1746,75,95,1742,crushing endgame master pin short
srkrA,2r1k2r/3p1p1p/p3p1n1/1p1PP3/2q1Q3/P1R5/1P1RNP2/5K2 b k - 2 25,c4e4 c3c8 e8e7 d5d6,1435,76,100,982,hangingPiece mate mateIn2 middlegame short
CtjwK,3QQ3/pp4p1/k1p2pP1/3p4/4n3/1Bq5/PKP5/8 w - - 0 39,b2c1 c3a1,1478,85,87,3131,endgame master mate mateIn1 oneMove
vCFLK,rnb1kb1r/pp3ppp/4p3/2ppP3/3PnP2/2NK4/PPP2qPP/R1BQ1BNR w kq - 0 8,d4c5 e4c5,1151,75,100,596,mate mateIn1 middlegame oneMove
ZKC4R,3r4/Q2bk1rp/4p3/1B1p4/3P4/P3q3/1PP4P/1K3R2 b - - 0 23,g7g1 a7c5 e7e8 c5f8,1427,76,93,1794,mate mateIn2 middlegame short
BcMJN,8/4Qp1k/3P2p1/p6p/7P/4bqP1/5P2/6K1 w - - 0 44,e7e3 f3d1 g1g2 d1d6,1659,79,96,20701,crushing endgame master queenEndgame short
pZNl4,5rk1/pR3p2/3B2p1/3Q1n1q/3b3p/8/P4P1P/6RK w - - 2 27,d6f8 f5g3 h2g3 h5d5,1654,74,97,3824,crushing discoveredAttack middlegame short
4G4y1,r4r2/3R1p1p/4p3/p1p1Rkp1/P4nNP/1P3P2/2P2K2/8 b - - 1 27,f5g6 e5g5,1128,75,97,2797,endgame master mate mateIn1 oneMove
rXBD5,2r2rk1/2p1Rp2/1pp4p/p2b2pN/3P4/1P6/P4PPP/4RK2 b - - 1 23,d5e6 h5f6 g8g7 e1e6,1593,78,95,2507,advantage endgame kingsideAttack pin short
fmvgN,2k3r1/pp1b4/3PpQ2/2p1n3/2Pp4/P7/4qPRP/R6K b - - 0 26,d7c6 f6e6 e5d7 e6g8,1118,78,96,7955,crushing fork middlegame short
xJMVq,r2q1r1k/pbppn1pB/1p1bp2p/8/2PP4/2P2N2/P1QB1PPP/R3R1K1 w - - 6 17,f3h4 e7f5 h4f5 e6f5,1955,81,89,522,crushing master middlegame short
sO8aI,1n2rbk1/r2nqp2/1p2p1p1/pQ1pP1Pp/N2P3P/P3B3/1PR2P2/1KR3N1 w - - 9 28,a4b6 a7b7 b6d5 b7b5,1785,78,92,1747,advantage middlegame short
EFLvd,r2q1rk1/p3Rn1p/3p1Bp1/3P1p2/Ppp2P1Q/7P/6P1/4R1K1 w - - 0 25,e7f7 d8b6 g1h2 f8f7,1291,78,100,687,advantage intermezzo middlegame short
FhFY2,5nk1/2Q2ppp/1p1p4/5P2/2P4q/2B4P/PP2r1P1/R5K1 w - - 1 23,c7d6 h4f2 g1h2 f2g2,1135,76,95,2351,endgame mate mateIn2 short
mmVT5,r1b2rk1/3n1ppp/p1pbp3/8/3BPPN1/1P1P2Q1/P1Pq2PP/R4RK1 b - - 0 17,d6c5 g4h6 g8h8 g3g7,1773,74,85,569,discoveredAttack kingsideAttack mate mateIn2 middlegame pin short
5HfXd,r1bnk2r/ppp1bpp1/3p2qp/3Pp1n1/4P3/2PB1N2/PP1N1PPP/R1BQR1K1 w kq - 5 12,d2f1 g5h3 g1h1 h3f2,1869,77,91,1211,crushing deflection kingsideAttack opening pin short
osrWr,1r6/1p3p2/p7/P1B1P3/5k1P/6r1/7K/1R6 b - - 2 39,b8h8 b1b4 f4f3 b4b3,1849,74,86,629,advantage endgame short
m5uxx,Q7/4B1bk/5p2/7p/Q3P3/5p2/3r1qPP/R4B1K w - - 0 43,a4a2 f3g2 f1g2 f2g2,1514,74,96,34497,advancedPawn fork mate mateIn2 middlegame short
ww3RV,r1bq1rk1/pp2bppp/3p1n2/4p1B1/2BpP3/2NP1Q2/PPP2PPP/R4RK1 w - - 0 11,c3d5 f6d5 c4d5 e7g5,1130,78,89,1084,crushing discoveredAttack middlegame short
5ODet,3r3k/1p1P2b1/pN5p/P1pQp1q1/4P2n/5pP1/5K2/R4R2 w - - 3 33,g3h4 g5g2 f2e1 g2e2,1253,77,96,10247,mate mateIn2 middlegame short
bFEX3,8/8/8/3Bp1k1/3nP3/3P4/3K3r/5R2 w - - 9 65,d2e3 h2e2,1122,78,93,1804,endgame hookMate master mate mateIn1 oneMove
OCREP,4r2r/1p1k4/4pQ2/p2p1p2/P1P5/3P2q1/1P5P/4RR1K w - - 0 26,f6e5 h8h2,1323,74,100,1951,endgame mate mateIn1 oneMove
tUmw6,rnbqkb1r/p1p2ppp/4pn2/3pN1B1/2pP4/2N5/PP2PPPP/R2QKB1R b KQkq - 1 7,f8b4 d1a4 b8d7 a4b4,1232,76,92,1108,advantage fork middlegame short
ifeEF,3Q4/5pp1/2q1p1k1/1pP4p/1P4nP/2B3P1/5P2/6K1 b - - 5 37,c6f3 d8g5 g6h7 g5g7,1155,83,94,1308,endgame master mate mateIn2 short
Q2i1l,r7/1p3pkp/2p3p1/1p1n2Q1/1P1q2N1/P4P1P/6P1/4R2K b - - 5 28,a8a3 g5h6 g7h8 h6f8,1122,77,93,704,endgame mate mateIn2 short
fWOK9,r3r1k1/pp1bqp1p/3p2pB/4nP2/2PQP1n1/6N1/PP4PP/R3RBK1 w - - 1 21,h6d2 e7h4 f1e2 h4h2,1658,75,89,2795,crushing kingsideAttack middlegame short
0JRnD,5rk1/1q6/6p1/8/2pP4/Q1P5/5RK1/8 w - - 1 51,g2g1 b7b1 g1g2 b1e4,1243,77,91,3394,crushing endgame short
hGpKW,r1bq1rk1/1pp1ppbp/p1np2pB/4n3/4P3/P2P3P/BPPQ1PP1/RN2K1NR b KQ - 4 10,e5d3 c2d3 g7h6 d2h6,1518,75,89,1004,crushing hangingPiece opening short
FB9sN,r1b1k2r/pp1pppbp/2n2np1/2q5/2BNP3/2N1BP2/PPP3PP/R2QK2R w KQkq - 1 9,d1d3 c6e5 d4f5 e5d3,1960,75,93,1348,advantage middlegame short
w7BBb,8/4r2R/8/8/6p1/8/6k1/3K4 b - - 9 61,g4g3 h7e7 g2f2 e7f7,1820,78,93,501,crushing endgame hangingPiece master masterVsMaster rookEndgame short
UNLb4,8/5kpp/p1N2n2/1p1r4/2p3P1/3P1P2/PP3K1P/4R3 b - - 0 29,d5d3 c6e5 f7f8 e5d3,1515,77,96,2570,advantage endgame fork master short
n5pWg,rnb3k1/pp3ppp/1qP5/4P3/2B3n1/2N5/PPP3PP/R1BQ2KR w - - 1 12,g1f1 b6f2,1102,77,97,1005,mate mateIn1 oneMove opening
ls3OM,r1b1qrk1/1pp1b3/p1n1p1NQ/3pP1P1/3P1P2/2P5/PP1K4/RNB5 b - - 0 20,f8f5 h6h8 g8f7 h8h7,1273,76,95,22381,kingsideAttack mate mateIn2 middlegame short
xl4fQ,r1b1r3/2p2ppk/pp1p3p/2bPp2n/P1P1P3/4Bq1P/1PBQNP1K/R5R1 w - - 0 20,e3c5 f3h3,1340,79,93,5001,mate mateIn1 middlegame oneMove
uQGdZ,r1b2rk1/ppp2ppp/1bnp2q1/3B2B1/8/2P2N2/PP2Q1PP/RN3R1K w - - 0 15,f3h4 g6g5 d5f7 g8h8,1978,74,93,3002,advantage fork opening short
tidW8,2kr1b1r/ppp2p1p/2nq2p1/7b/1P2P3/P4N1P/2PBBPP1/R2QK2R w KQ - 0 13,e1g1 h5f3 e2f3 d6d2,1381,82,90,2004,advantage opening short
KvWE1,2r1r1k1/5ppp/8/1q1N4/p1p3Q1/Pn6/5PPP/3R1RK1 b - - 1 25,e8e6 d5e7 g8h8 e7c8,1698,79,95,14888,crushing middlegame short
GD5HN,3r2k1/1b3pb1/pp2p1pp/2p1q3/P3P3/2P1BQ1P/BP3PP1/5RK1 w - - 0 22,f1d1 d8d1 f3d1 e5e4,1707,76,93,709,crushing kingsideAttack middlegame short
OOyrl,r2qk1nr/p1pp3p/bp2p1p1/n3p2B/2PP4/P1P5/2QN1PPP/R1B1K2R w KQkq - 0 13,h5g6 h7g6 c2g6 e8f8,1656,77,92,4212,advantage opening short
wEVbq,3qr1k1/1p3ppp/2p2n2/2P5/1PNPp3/6P1/2Q2PP1/R5K1 b - - 0 21,d8d4 a1d1 d4d1 c2d1,1534,76,93,1971,advantage endgame short trappedPiece
NoIAs,7k/pb1q2bp/2p3p1/4pp2/2B5/2P1BP2/PPQ3PP/6K1 w - - 0 23,e3a7 b7a6 a7f2 a6c4,1475,75,93,2301,advantage endgame short
DdFJ3,r4rk1/ppqnb1pp/2p5/4p1pP/P1N1PnB1/2P2Q2/1P3P2/R1B2RK1 b - - 0 20,f4h5 g4e6 g8h8 f3h5,1371,77,85,1266,advantage discoveredAttack kingsideAttack middlegame short
stz9G,8/5pk1/p1q3rp/p3p3/2Pp4/P2P1R2/2P3PP/5RK1 b - - 9 34,g6f6 f3f6 c6f6 f1f6,1632,77,86,544,advantage endgame queenRookEndgame short
hBUSQ,5r2/pp2q1k1/1b5p/3pPBp1/2pPpn2/2P1B3/PP2Q1PP/5RK1 w - - 3 27,e2g4 h6h5 g4d1 f8f5,1665,75,95,12786,advantage middlegame short
oDtHL,2b1rk2/2Q2pp1/p6p/3R4/1Pp1nPq1/2P1R1P1/6K1/8 w - - 3 39,e3e4 g4h3 g2f2 h3h2,1755,77,85,2922,crushing endgame short
EpgeM,2r3k1/5pb1/7p/3RpBp1/2p5/pPp2N1P/P4PP1/5K2 w - - 0 35,f5c8 c3c2 f3e1 c2c1q,1055,77,88,805,advancedPawn crushing endgame promotion short
M1Psh,2k5/B1p1q2p/p4p2/1p2p3/4Qb2/1P3P2/P2r1P2/4RK2 b - - 3 28,f6f5 e4f4 e5f4 e1e7,1925,73,94,10208,advantage discoveredAttack endgame short
ecfW8,5rk1/7p/p5p1/1ppr4/8/3Bqn2/PPP3QP/1K1R3R b - - 1 22,c5c4 d3c4 b5c4 d1d5,1912,80,91,1019,advantage discoveredAttack middlegame pin short
yV3Qd,3r1bk1/5p1p/p3p3/1p6/3q4/P1B5/1P4PP/R1Q4K b - - 3 24,d4d3 c1g5 d3g6 g5d8,1042,77,86,596,crushing deflection endgame short
T9Crz,6k1/1pq2rp1/pb3PQ1/8/4p3/6R1/2P1p1PP/R6K w - - 1 35,f6g7 f7f1 a1f1 e2f1q,1674,76,94,605,advancedPawn endgame mate mateIn2 promotion short
xVnDW,2r1r3/p3p2k/1q1pNpp1/3P3p/2b5/7R/P1Q2PPP/2R3K1 b - - 1 31,c4d5 h3h5 h7g8 c2g6,1179,75,95,11667,deflection mate mateIn2 middlegame pin short
eK59c,6k1/p7/4Np2/6p1/2PP2Q1/2n4P/5qPK/8 w - - 0 43,d4d5 c3e2 g4e2 f2e2,1471,77,93,4054,crushing endgame quietMove short
quyLj,1R6/P3k2p/6p1/1PP2p2/8/7P/4p1PK/r7 w - - 2 51,a7a8q a1a8 b8a8 e2e1q,1245,75,100,716,advancedPawn advantage endgame promotion short
rmnz3,k2r4/pp1q4/2p2Q1P/3pBp2/3P4/2nP4/1r3PP1/3R1RK1 w - - 1 28,h6h7 c3e2 g1h1 d7h7,1535,76,92,871,crushing master middlegame short
kOwQM,1q5k/p5p1/6Qp/7P/3N4/2p3P1/P2p1P1K/8 w - - 0 40,d4e6 b8g8 g6f5 d2d1q,1812,77,91,3504,advancedPawn crushing endgame master promotion short
ujFU3,r1b1r1kb/p2q1n1p/1p2p1pB/3p2N1/3p1QP1/5R2/PPPN1P2/R3K3 b Q - 3 20,f7g5 f4f8 e8f8 f3f8,1149,75,98,7392,kingsideAttack mate mateIn2 middlegame operaMate sacrifice short
acbRV,8/7k/3p2R1/8/2P2N2/3K3p/r7/8 w - - 0 39,g6g3 a2a3 d3e2 a3g3,1075,82,89,1368,crushing endgame master short skewer
gi6WQ,2r1k2r/1p3ppp/1p6/3p1b2/8/1P2b3/PK2P1PP/RN1Q1B1R w k - 0 16,d1d5 e3c1,1896,76,95,2974,mate mateIn1 middlegame oneMove
yx37V,r5k1/1pp2ppp/1b1q3r/pP1pN3/P2P2P1/2P5/3BnPP1/R2Q1R1K w - - 3 22,d2h6 d6h6,1067,86,95,657,mate mateIn1 middlegame oneMove
hV8Bo,4r1k1/5pp1/pp6/8/P3nP2/3pBBP1/1P5q/R1Q2KR1 w - - 0 31,f3e4 h2e2,1325,79,91,601,mate mateIn1 middlegame oneMove
2dcMU,r3kbnr/1b3ppp/p3p3/2p5/4NB2/8/PPP1BPPP/R2R2K1 w kq - 0 12,f4d6 b7e4 d6f8 e8f8,1106,77,86,542,advantage hangingPiece middlegame short
sPPIO,r7/2pk1ppp/2Rbp3/p7/3P4/Pr2B1P1/1PR2P1P/6K1 b - - 0 20,b3b2 c6d6 c7d6 c2b2,1506,75,94,22107,advantage endgame intermezzo short
rnwEy,8/bq3kpp/3B4/3p1p2/Qp6/7P/1P3PP1/6K1 b - - 3 33,b7b6 a4d7 f7f6 d7e7,1108,75,97,1461,crushing endgame short
uJ1a3,6k1/1p3p2/1p3B1p/1B6/P4pp1/5r1b/1P4rP/2R4K b - - 9 31,f3f2 c1c8 g8h7 b5d3,1280,76,87,1133,endgame mate mateIn2 short
EGiMv,8/6p1/1p2n3/pP2kpp1/P1P5/3BKPPP/8/8 w - - 0 41,h3h4 f5f4 g3f4 g5f4,1021,82,95,3714,crushing endgame short
PjZIR,2q5/Q3nk2/8/3np1pp/2p1N3/5P1P/P5P1/7K b - - 1 42,c4c3 e4d6 f7e6 d6c8,1003,76,97,2858,crushing endgame fork master short
OFU5Z,3r2k1/6p1/8/1pp1R3/p5Q1/2Pq3P/P4P1K/8 w - - 1 35,e5e7 d3d6 h2g2 d6e7,1036,78,97,3585,crushing endgame fork short
Y4Wsr,6k1/1p1Q2pp/p3p1p1/3p4/1P2qr2/P1r5/6PP/2R2R1K b - - 2 27,c3c1 d7e8 f4f8 e8f8,1521,76,92,1080,endgame mate mateIn2 short
Y8wJM,r3kb1r/1p3p2/p3p1p1/2ppPn2/3n1P1q/1PNB3P/P1PP2PK/R1BQ1R2 w kq - 3 16,d1e1 d4f3 f1f3 h4e1,1709,75,91,921,advantage deflection middlegame short
j8GCg,3Q4/kp1r2p1/p1p4p/3n3P/6q1/8/PP6/K2R1R2 w - - 8 39,d8c8 d5b6 c8d7 b6d7,1857,75,100,804,advantage endgame short
vTt2h,6k1/3b1p1p/2Np2pB/1p1PP1P1/2p1q3/2P1n2P/5Q1K/8 b - - 0 36,d6e5 c6e7 g8h8 f2f6,1210,75,99,4722,endgame mate mateIn2 short
7WK5r,3rr1k1/p1q2pp1/1pb4p/2p2N2/2p5/4P1PP/PQ4P1/3R1R1K b - - 1 24,c7e5 b2e5 e8e5 d1d8,1514,77,94,6770,advantage kingsideAttack middlegame short
CbhXm,6B1/4R3/2q2p2/p4kpP/P7/6P1/5P1K/8 b - - 2 36,c6f3 g8e6 f5e5 e6g4,1900,77,95,1949,crushing discoveredAttack discoveredCheck endgame master short
RDXJa,1r6/R4k2/8/5p2/3Pp3/1Pr5/6RK/8 b - - 3 44,f7e6 g2g6 e6d5 a7d7,1427,77,100,2244,endgame mate mateIn2 rookEndgame short
DYf5I,rnbq2k1/2p3p1/pb1P3p/1p5Q/4n3/2P5/PP3PPP/RNB2RK1 b - - 0 14,d8d6 h5e8 d6f8 e8e4,1019,79,97,4579,crushing fork opening short
tQq6Q,rn3r2/1p2ppkp/p2p2p1/6Q1/3NP1n1/2NB3q/PPP2P2/R4RK1 w - - 2 15,f1e1 h3h2 g1f1 h2f2,1111,78,94,2398,kingsideAttack mate mateIn2 middlegame short
mMLwV,r4bk1/pp3ppp/5n2/1P2N3/2Pn4/P1r5/3N1PPP/R1B2RK1 w - - 3 18,c1b2 d4e2 g1h1 c3c2,1393,75,94,27658,advantage middlegame short
RjK9x,5rk1/2b3pp/p6q/8/2p1prB1/P2p2QP/1B1P1PK1/R4R2 w - - 0 30,b2d4 f4f2 f1f2 c7g3,1474,76,88,1337,crushing discoveredAttack master middlegame short
2JBw0,r4k1r/ppN1bppp/4p2n/3pP3/5qP1/P1Q5/1P2B2P/R2K3R b - - 4 19,a8d8 c7e6 f7e6 h1f1 f4f1 e2f1,1517,77,94,11972,advantage long middlegame pin sacrifice
MPMpx,2k1r3/pp3pp1/2pqp3/4Nr2/3P4/2P1KP2/PP2Q3/6RR w - - 13 29,g1g7 f5e5 d4e5 d6e5 e3f2 e5g7,1430,75,92,636,advantage fork long middlegame
ToIhi,3r3k/1p4p1/7p/4P2q/2BpQ1b1/P5P1/1P3r1P/R3R1K1 w - - 0 28,g1f2 h5h2 e4g2 d8f8 c4f7 f8f7,1547,77,97,6898,long mate mateIn3 middlegame pillsburysMate pin
nQo1K,2r2bk1/1p2q2p/p3b3/3pPp2/P1nP1Q2/2PB1N1P/5Pr1/R3R2K b - - 1 23,g2f2 f4g3 g8h8 g3f2,1327,76,94,2942,advantage fork middlegame short
R872a,r3r3/p6p/3k1R2/2pN2p1/8/2Nb4/PP3PPP/6K1 b - - 2 22,e8e6 f6e6 d6e6 d5c7 e6d7 c7a8,1382,75,99,6114,advantage attraction endgame fork long
sGnw8,rr4k1/4pp1p/n2p2p1/3PP3/1qp5/1P3N1P/PQ3PP1/R4RK1 w - - 0 21,f3d4 c4c3 b2c2 b4d4,1372,84,92,2327,crushing discoveredAttack interference middlegame short
qqVDC,8/5pk1/R7/5PP1/4P3/8/p4K2/r7 w - - 0 47,a6a7 a1h1 a7a2 h1h2 f2e3 h2a2,1600,74,96,6374,crushing endgame exposedKing long quietMove rookEndgame skewer
Yi35J,2b1r2k/p6r/1pp1p3/8/3P4/5Q2/PPP2PPP/6K1 b - - 1 27,h7g7 f3h5 g7h7 h5e8,1102,83,95,1699,crushing endgame fork short
hPhgH,8/prp2pkp/R7/2b1p3/3pP1P1/1PN4P/P1P5/6K1 w - - 5 27,c3a4 d4d3 a4c5 d3d2 g1f2 d2d1q,1671,79,94,6044,advancedPawn advantage discoveredAttack discoveredCheck endgame long promotion sacrifice
Xe9U0,3rr1k1/pb2pp1p/5npQ/q1p3P1/4p3/5PN1/PPP5/1K1R1B1R w - - 0 21,d1d8 a5e1 d8d1 e1d1,1202,75,96,1645,fork mate mateIn2 middlegame short
DmJ4B,1r1q1r2/3bnkp1/2n1p3/p2p2N1/Pb1P2Q1/4B3/5PPP/RN3RK1 b - - 3 21,f7g6 g5e6 g6f7 e6d8,1205,75,86,807,advantage discoveredAttack discoveredCheck fork middlegame short
Q8wp7,3r2k1/p2q1p1p/6p1/2p1b3/8/2P1P3/Pr1B1RB1/3RQ1K1 b - - 3 25,e5c3 d2c3 d7d1 f2b2,1917,76,100,987,advantage capturingDefender discoveredAttack hangingPiece master middlegame short
j4cKn,8/5p1k/6pp/pp2Q2n/2q5/P1PN1P1P/1P3PK1/8 w - - 1 36,e5d4 c4d3 d4d3 h5f4 g2h2 f4d3,1456,77,93,2655,attraction crushing endgame fork long sacrifice
ECzT5,5K1k/8/5pRp/4p2P/4r1P1/8/8/8 w - - 0 52,g6f6 e4f4 g4g5 h6g5 f8e7 f4f6,1835,76,95,11266,crushing endgame long master pin rookEndgame
QfE18,3rr2k/p5pp/1pp2q2/3n4/2Q5/1P1R1N1P/P4PP1/3R2K1 b - - 0 24,e8e2 d3d5 c6d5 c4e2,1584,78,94,18482,crushing discoveredAttack middlegame short
ZgtLk,6k1/1p3pp1/2q1p3/3r4/6P1/2r2N2/P3QP2/R3R1K1 w - - 1 32,e2e4 c3c4 e4e3 c4g4,1923,75,99,1047,advantage middlegame short skewer
5aqKP,r5kr/pp4qp/6p1/3Nnb2/8/1Q6/PPP3PP/R4R1K b - - 9 19,a8d8 d5e7 g8f8 e7f5 g6f5 f1f5,1943,80,91,1752,crushing discoveredCheck doubleCheck kingsideAttack long middlegame
eFc2B,r4r2/pp5p/2p3pk/3P2q1/2BQp3/2P2p1b/PP3RPB/R5K1 w - - 2 23,d4d2 e4e3 d2e3 g5e3,1787,76,92,1276,advantage fork middlegame pin short
tvOnc,r1bq1rk1/pppp1p1n/1bnP3p/4P3/2B1Q3/5N2/PP3PPP/RN3RK1 b - - 1 13,h7g5 e4g6 g8h8 g6h6,1799,75,93,743,crushing kingsideAttack opening pin short
YAMep,r3r3/ppp2k1p/6p1/2nP1p2/2P2B2/PP6/5PPP/R3R1K1 w - - 3 24,b3b4 e8e1 a1e1 c5d3 e1d1 d3f4,1430,78,88,1165,advantage endgame fork long
H7z8e,2kr4/ppp2Npp/1q6/4p3/2Bnn1b1/8/PPPP2PP/RNB2QKR w - - 7 14,h2h3 d4f3,1612,84,89,2714,discoveredCheck doubleCheck mate mateIn1 middlegame oneMove
LfTta,4B3/5p2/1k2p1b1/2p1P3/5P2/2P2K2/8/8 w - - 17 60,f3g4 f7f5 g4g5 g6e8,1799,74,89,734,bishopEndgame crushing discoveredAttack endgame master short
9UoIf,2rq1r2/pp3p1k/4pPn1/3p2Q1/3P4/P2R4/1P3PPP/R5K1 b - - 4 25,f8h8 d3h3 h7g8 h3h8 g8h8 g5h6 h8g8 h6g7,1254,77,93,1279,attraction exposedKing master mate mateIn4 middlegame pin veryLong
BLDsJ,7r/pRp2kbp/2p1pp2/8/4N2B/3n4/P5PP/7K b - - 5 23,h8c8 e4d6 f7e7 d6c8,1110,75,98,917,advantage endgame pin short
b1HMl,rn2b1kr/2p5/1p2PQN1/pq6/6pp/P7/1PP3PP/R6K b - - 2 30,b5h5 f6f8 g8h7 f8h8 h7g6 h8e8,1910,80,91,7386,crushing exposedKing fork long middlegame skewer
WXq94,2kr3r/ppp1qppp/2nb1n2/8/8/2N1PB2/PPP2PPP/R1BQ1RK1 w - - 3 10,f3c6 d6h2 g1h2 d8d1,1196,77,89,2512,advantage discoveredAttack kingsideAttack middlegame short
Vmq3d,r7/1pp2kpp/6b1/p2P4/1bPQrBB1/6P1/PP5P/2KR2NR w - - 3 21,d4f2 e4c4 f2c2 c4c2 c1b1 c2h2 b1a1 h2h1,1680,76,93,2055,advantage discoveredAttack discoveredCheck middlegame queensideAttack veryLong
Tf5R3,6r1/3kbp2/N2p1p2/1p2p2p/2r1P3/R5P1/PPP2P1P/2KR4 b - - 0 22,c4e4 a6c5 d7c6 c5e4,1149,76,89,533,crushing endgame pin short
7cTKF,1r2k2r/5p2/pqp1bQpp/4R3/3p4/1P6/P1P2PP1/2KR4 b k - 1 26,h8f8 e5e6 f7e6 f6e6 e8d8 e6d6 d8c8 d6f8,1457,75,95,5503,advantage fork middlegame veryLong
quPGX,r4rkq/pb3p2/1pn1p2p/2b3pN/2Pp4/3BPN2/PPQ2PPP/3RR1K1 b - - 5 18,c6b4 d3h7 h8h7 h5f6 g8g7 c2h7,1800,74,95,3130,attraction crushing fork long middlegame sacrifice
d8RwZ,2kr3r/1ppq1ppp/2np1n2/p1bNp3/4PP2/P2P1BP1/1PP1Q2P/R1B1K2R b KQ - 4 11,f6d5 f3g4 f7f5 g4f5 d7f5 e4f5,1825,76,91,502,advantage long middlegame pin
LNT4W,2k2r2/ppb1R2q/2pn4/3p1p2/3P1Pp1/P1P3N1/1P2Q2P/2B3K1 b - - 6 32,h7g6 e7c7 c8c7 e2e7 c7b6 e7f8,1475,77,94,18576,advantage attraction fork long middlegame sacrifice
qoi6g,r3k2r/pp2qpb1/2N1p1pp/1Q1n4/3P3P/6B1/PPP2PP1/2KR3R b kq - 0 16,b7c6 b5c6 e7d7 c6a8 e8e7 g3b8,1945,74,94,3853,advantage fork long middlegame
wWmYw,8/6Rp/1rb5/R3p3/1p1kP3/5K2/1P5P/8 w - - 12 46,g7h7 c6e4 f3g3 e4h7,1183,78,93,1489,crushing endgame fork master short
dE8IP,6k1/1p4p1/4q3/2PnB1Pp/5P2/5Q2/6K1/8 w - - 0 44,f3h5 e6e5 f4e5 d5f4 g2f3 f4h5,1573,75,96,16580,crushing endgame exposedKing fork long master masterVsMaster sacrifice
hfpLi,6k1/p7/3bp2p/8/6nq/2N2Q2/PP4P1/R5K1 w - - 0 29,a1d1 d6c5 g1f1 g4h2 f1e2 h2f3,1877,74,95,2406,crushing endgame fork long
0hwqe,8/5kb1/1p3r2/p7/2P3Q1/P7/1P3P1K/8 w - - 3 40,f2f4 f6h6 h2g3 h6g6 g4g6 f7g6,1247,75,98,1382,crushing endgame long pin
DtK2V,r3k2r/ppp2pp1/6p1/1Nb1P1q1/8/3Rn1B1/PP2Q1PP/3R3K b kq - 3 20,g5g3 b5c7 e8f8 d3d8 a8d8 d1d8 f8e7 d8h8,1791,74,98,1116,advantage fork middlegame skewer veryLong
PSCPk,5rk1/pp5p/6p1/3Nbb2/3nQ3/2P3qP/PP4P1/R2K1B1R w - - 3 21,e4e3 f5c2 d1c1 e5f4,1680,75,96,7136,crushing master middlegame pin short
zGiOp,7B/6R1/3kp1p1/2pb4/6PP/8/5P2/4n1K1 w - - 3 30,g7g6 e1f3 g1f1 d5c4 f1g2 f3h4 g2g3 h4g6,1430,78,93,1951,crushing endgame fork veryLong
ZDfj6,1r6/8/7p/1p1Pkp2/2n3P1/1R1K3P/5B2/8 b - - 0 43,f5g4 f2g3 e5d5 g3b8,1494,75,100,4404,crushing endgame short skewer
QZPfe,1k1r4/pp1q2r1/2nnbQ2/2p3N1/3pPR2/P2P4/1PP3B1/R5K1 b - - 8 30,d7e7 g5e6 d8g8 e6g7,1747,76,93,1598,advantage fork middlegame short
es8Gq,1r3rk1/5pp1/p3b2p/4Pp2/q2R4/bp3N2/P1P1Q1PP/1K5R w - - 0 26,d4a4 b3a2 b1a1 a3b2,1534,82,94,3996,advancedPawn discoveredCheck doubleCheck mate mateIn2 middlegame queensideAttack short
2TvpD,2r3k1/1pq2pp1/p3p1p1/3p2N1/3P3Q/7P/P1P2PP1/6K1 b - - 3 28,f7f6 h4h7 g8f8 g5e6 f8f7 e6c7,1445,81,94,11589,crushing endgame fork long master masterVsMaster
igkpn,8/1pp2p1k/6pp/8/3PQn1q/2P5/PN3KPP/8 w - - 2 33,f2g1 f4h3 g2h3 h4e4,1356,76,93,9937,crushing discoveredAttack endgame short
Vlbrh,2r3k1/5p1p/p1q3p1/P7/1p2Q3/1N4P1/1bP2P1P/4R1K1 w - - 0 30,e4b4 b2c3 b4e4 c3e1,1426,75,85,738,crushing endgame fork master short
WU0UG,2r4k/5Qp1/p1r4p/2pp4/P1q4N/6PP/5P2/4R1K1 b - - 4 33,c4c3 e1e8 c8e8 f7e8 h8h7 e8c6,1818,80,92,624,advantage endgame fork long
B174T,7r/2qnbpkr/1p3p2/3p1Pp1/3B2Q1/3B2RP/PP4P1/3R2K1 b - - 1 26,h7h4 g4g5 g7f8 g5g7,1489,77,90,1474,advantage middlegame pin short
sYlmE,3r2k1/1b2qpp1/pN5p/8/1p3pP1/1Pn4P/PBP1Q3/K4B2 w - - 2 27,e2e7 d8d1 b2c1 d1c1 a1b2 c1b1,1172,82,94,1368,epauletteMate fork hookMate long mate mateIn3 middlegame
2aYkA,6k1/p4p2/1pp5/3p3p/P4p2/1P1P2q1/1BP3P1/4RK2 b - - 3 27,f4f3 e1e8 g8h7 e8h8 h7g6 h8g8 g6f5 g8g3,1147,76,98,2872,crushing endgame skewer veryLong
nadYq,r3k1nr/1p3ppp/p3p3/3pq3/1b6/4B3/P1Q2PPP/2RN1RK1 b kq - 1 16,g8f6 c2a4 f6d7 a4b4,1415,75,86,548,advantage fork middlegame short
z71g7,8/2p5/4p3/p1k1P2R/5n2/PP3p2/5K1P/8 w - - 9 56,h5g5 f4h3 f2f3 h3g5,1039,79,93,620,advantage endgame fork short
d3IyH,r7/3qkp2/2np3b/p1p1p3/1p2P1np/P1PB3P/1P1PNP2/R1B1Q2K w - - 5 23,f2f3 g4f2 e1f2 d7h3 f2h2 h3f3 h2g2 f3d3,1991,76,93,4804,crushing deflection discoveredAttack exposedKing fork middlegame sacrifice veryLong
r1Xra,6kr/p2b1p2/2p1pP2/4qRpN/2PpP1P1/8/3Q1KB1/1r6 b - - 3 37,e6f5 d2g5 g8f8 g5g7 f8e8 g7h8,1072,80,94,3304,fork long mate mateIn3 middlegame
WZQ01,r5k1/pp3pp1/7p/4r1q1/2P5/P2B1P1b/2P2RP1/2RQ2K1 b - - 1 21,a8e8 f3f4 e5e1 d1e1 e8e1 c1e1,1339,80,91,4129,advantage fork long middlegame
y1vLp,rb2r1k1/1pq2pp1/p4p1p/3Pn3/4Q3/P1N1N3/1PP2PPP/2R2RK1 w - - 9 21,c1d1 e5f3 g2f3 c7h2,1350,78,92,5331,discoveredAttack kingsideAttack mate mateIn2 middlegame sacrifice short
DvrFE,5r1k/p1q3pp/1p3r2/nP1Qp3/2Pp4/P4B1P/3R1PP1/4R1K1 w - - 1 29,e1e5 a5c4 d2c2 c7e5,1827,75,96,1704,advantage fork intermezzo middlegame short
Gwpj8,3k4/p1p3pp/2B5/5p2/1P1q4/QP3P1P/5nP1/6K1 w - - 6 35,b4b5 f2g4 g1f1 d4d1,1837,74,96,5807,discoveredAttack discoveredCheck endgame exposedKing mate mateIn2 short
B4li7,5rk1/2R2pp1/7p/p7/2B1b1P1/KPq4P/1R3P2/8 b - - 4 29,a5a4 c4f7 f8f7 c7c3,1158,79,96,12554,advantage discoveredAttack endgame short
rSofv,r4rk1/pp1bq1p1/2p1p3/5pPQ/3Pp3/4P3/PPP2PP1/R3K2R b KQ - 2 17,g7g6 h5h8 g8f7 h1h7 f7e8 h7e7,1414,75,100,2779,advantage exposedKing kingsideAttack long middlegame skewer
VnAj5,r4rk1/pq2bppp/4p3/8/6n1/1P1B1PP1/PB1N3P/2RQR1Kb w - - 1 18,d3e4 b7b6 g1h1 g4f2 h1g2 f2d1,1529,77,99,2750,advantage fork long middlegame sacrifice
K2EWU,r4rk1/ppp2pbp/6p1/8/2B1P2q/2N2p1P/PPP2P1P/RQ3R1K w - - 2 16,b1d1 h4h3 f1g1 g7e5 g1g3 e5g3,1498,75,94,1043,advantage long middlegame pin
HGysw,4r1k1/ppp5/3p1Q1P/8/8/2K5/PPP1r1P1/8 b - - 6 48,e2g2 h6h7 g8h7 f6f7 h7h6 f7e8,1184,81,89,1051,advancedPawn attraction crushing endgame exposedKing fork long master queenRookEndgame
MjSJF,3r2k1/6pp/3Pp2q/p1P2p1n/NpQ2P2/1P2PPb1/P2N2RK/6R1 w - - 1 32,g2g3 h5f4 g3h3 h6h3,1568,76,90,1569,discoveredAttack discoveredCheck mate mateIn2 middlegame short
VgCqt,5r1k/2Q3p1/8/1p3B2/3b4/4q1P1/7P/5R1K b - - 0 28,f8f5 c7c8 h8h7 c8f5,1611,74,87,2574,advantage endgame fork short
YqciL,3r2k1/p2R1ppp/2P5/8/1b2PP2/4n2P/6r1/1R5K b - - 1 26,b4a5 d7d8 a5d8 b1b8,1163,79,95,524,advantage endgame pin short
TgwBB,6k1/8/2pB2p1/p2p1P1q/P3r3/2P5/5Q2/5R1K w - - 3 43,f2h2 e4h4 h2h4 h5h4,1468,75,100,2316,advantage endgame master pin short
lHcI0,r3r1k1/5ppp/2Q5/2P2R2/p7/P3P2P/q4PP1/3R2K1 w - - 4 27,d1d7 a2b1 g1h2 b1f5,1265,75,97,28840,crushing endgame fork short
Qs9dW,8/p7/3p3R/3Pb2p/2Pp3k/3P1K1P/1q4R1/8 b - - 1 37,b2b1 g2g4 h4h3 h6h5,1199,79,94,2245,deflection endgame mate mateIn2 pin short
DOb42,3r2k1/pp3p1p/3Nr1p1/n3P3/5bP1/7P/1P3P2/R3RBK1 w - - 0 27,d6f7 g8f7 a1a5 f4d2 e1a1 d2a5,1645,76,94,12564,advantage fork long master middlegame
aRo8O,5rk1/1p4p1/p4n1p/2P5/1q1pr3/3R3Q/1PP2BPP/3R2K1 w - - 0 29,f2d4 e4e1 g1f2 f6e4,1617,77,91,2449,discoveredCheck doubleCheck mate mateIn2 middlegame short
8UPaE,r2q1b1k/2r2Qp1/4P2p/1p6/8/P2P1RBP/4p1P1/R5K1 w - - 2 29,g3c7 d8d4 g1h2 d4a1 f7f8 a8f8,1689,74,96,6236,advantage fork long middlegame
rPXni,2r3k1/7r/p3P3/3p3Q/5P2/4q2P/2p4K/6R1 b - - 1 44,h7g7 h5f7 g8h8 f7g7,1567,75,97,7267,endgame mate mateIn2 pin short
eKmqd,5r1k/p1pR2pp/2B1rb2/1Pq5/2P5/P4Q2/5PPP/5RK1 w - - 5 26,f3h3 c5f2 f1f2 e6e1 f2f1 f6d4 g1h1 e1f1,1558,82,93,1200,backRankMate deflection mate mateIn4 middlegame pin sacrifice veryLong
mDGzx,6r1/8/3Nk3/p3p2P/8/8/PP1R3n/4K1N1 w - - 5 37,g1e2 h2f3 e1d1 f3d2,1099,77,96,2886,advantage endgame fork short
KdshH,r1b2r2/ppp2pk1/5np1/6Qp/1qP1p2P/2N5/PP1RPPP1/4KB1R b K - 2 15,f8e8 g5f6 g7f6 c3d5 f6g7 d5b4,1686,79,94,690,advantage attraction fork long middlegame sacrifice
RD5en,8/8/2q2p1Q/4p3/5kp1/8/5P2/6K1 b - - 13 52,f4e4 h6h1 e4d4 h1c6,1670,82,92,1534,crushing endgame master masterVsMaster queenEndgame short skewer
J49Pd,2kr2r1/pppb1p1p/2n5/1B6/3pNb1q/1P2P3/PBPPQ2P/R3K1NR w KQ - 2 15,e4g3 f4g3 h2g3 h4h1,1257,75,93,2290,advantage middlegame pin short
PjHxs,6n1/1R3N1k/4P1p1/2r2p2/2b2P1p/2bpK3/6PP/8 b - - 1 43,c4e6 f7g5 h7h6 b7h7,1551,75,100,1601,doubleCheck endgame fork hookMate mate mateIn2 short
D0uuR,2r4r/1b4q1/pp2pk2/3p1p1p/Pb1NP2P/3R1QN1/5P2/1K2R3 b - - 0 33,d5e4 g3e4 b7e4 e1e4,1588,75,90,964,crushing middlegame pin short
v2H1i,1k1r2r1/1qp2R2/3p4/5Q1p/P1P3p1/4p3/6PP/4R1K1 b - - 0 31,b7b6 e1b1 e3e2 b1b6,1792,76,95,6137,crushing endgame master pin short
DHZkp,r4r1k/1pp3p1/6Qp/2qPp1p1/4P2P/1P1P4/2P2R2/5RK1 w - - 0 28,h4g5 f8f2 f1f2 a8f8 g6f5 f8f5,1877,80,94,16456,crushing endgame long pin
fr7tH,6k1/5p1p/6p1/3B1p2/3P3P/p3PPn1/Pr4P1/2R3K1 w - - 1 31,c1c3 g3e2 g1f1 e2c3,1310,90,91,2195,crushing endgame fork short
HSsvI,r3r1k1/ppb2ppp/2p5/7q/1PNN2b1/2P2P2/P4Q1P/R1BR2K1 w - - 0 22,f3g4 h5g4 g1f1 g4d1,1388,76,97,5292,advantage fork middlegame short
ltxcg,2r3k1/6p1/4p2p/1Q1pP3/3N4/8/rPq3PP/R6K w - - 0 25,d4c2 a2a1 c2a1 c8c1 b5f1 c1f1,1397,84,93,15506,backRankMate endgame fork long mate mateIn3
zSa8z,r4r2/1q1nNpbk/pp4pp/2p5/1PQ1PP2/4B2P/P1P4P/3R1RK1 w - - 1 19,f4f5 d7e5 c4e2 b7e7,1542,76,93,2240,advantage discoveredAttack middlegame short
k1FCf,1k4r1/ppp5/4p3/2b1p2p/q1PpP3/3P1P2/PP2QBnR/1KR5 w - - 0 31,h2h5 g2f4 e2c2 a4c2 b1c2 f4h5,1413,76,94,4473,advantage fork long middlegame
pwxm4,4rr2/p6p/1p2p1k1/n1p2pP1/2Pp3P/P2P1KP1/1P2R3/4R3 b - - 2 34,a5c6 e2e6 g6f7 e6f6 f7g8 e1e8 f8e8 f6c6,1790,76,93,5454,advantage deflection discoveredAttack endgame fork veryLong
jGEMZ,6k1/5p2/4p1p1/3pP1Q1/p2P1PNK/3q4/1P5P/2r5 b - - 6 43,d3f5 g4h6 g8h7 h6f5,1565,77,94,6591,crushing endgame fork short
c1E5J,2kr3r/Qp2qp2/2pp1p2/1b5p/P3P3/1P6/5PPP/2R1R1K1 b - - 0 23,b5a6 c1c6 c8d7 c6a6,1489,77,92,4888,advantage middlegame pin queensideAttack short
lgzIc,6k1/4Rbpp/2p5/p1Pp1PP1/2rP3P/2NR1K2/Pr6/8 w - - 1 35,e7e2 f7h5 f3e3 h5e2,1279,76,96,14993,advantage endgame master short skewer
JnOMN,1kr5/1p3QR1/4p3/2p1Pp2/1KPNq3/p7/P4P2/6R1 w - - 0 39,b4b3 e4d3 b3a4 d3c4 a4a3 c4b4,1431,75,98,2234,deflection endgame fork long mate mateIn3
BoHmj,r2qk1nr/ppp2p2/2bp2p1/2b4p/1P2P3/6N1/P1P2PPP/RNBQ1RK1 b kq - 0 10,c5b4 d1d4 h8h7 d4b4,1665,75,94,3296,crushing fork middlegame short
fZxvj,r4r1k/p6R/2p2pp1/7P/2Q1B3/2N3n1/PPP2q2/2K4R b - - 0 22,h8h7 h5g6 h7g7 h1h7,1243,77,88,813,discoveredCheck doubleCheck mate mateIn2 middlegame short
dl1TW,3r2k1/7p/2p1p1p1/p3p3/P2PQ3/2P3qP/6P1/3R2K1 b - - 0 31,e5d4 e4e6 g8g7 e6e7 g7h6 e7d8,1160,89,93,904,crushing endgame fork long
pDtPB,3r2k1/1p3pp1/p6p/2qP4/r6P/5PP1/3RQ2K/5R2 b - - 0 29,d8d5 d2d5 c5d5 e2e8 g8h7 e8a4,1942,75,95,805,advantage endgame fork long
PG6O7,2r2rk1/6p1/4p1N1/ppNp2qp/1Pnn4/P7/5PPP/R1R1Q1K1 w - - 2 26,g6f8 d4f3 g1h1 f3e1,1040,79,89,3228,advantage kingsideAttack master middlegame pin short
67hPT,r3r1k1/1R3p1p/p5n1/3B4/7b/8/1B6/6RK b - - 0 33,e8e7 b7e7 h4e7 d5a8,1390,81,94,1752,crushing discoveredAttack master middlegame pin short
sRroL,r1b2r1k/1ppn2pp/p2b2q1/3P2P1/2B1Rn2/2N1B2P/PPPQ4/2K3NR w - - 1 17,e3f4 g6e4 c3e4 d6f4 g1e2 f4d2,1800,76,93,2837,advantage intermezzo long middlegame pin
2Decq,8/pp1r1kb1/2p5/2N1p3/4P3/1P6/P3K1R1/8 b - - 8 36,d7c7 g2g7 f7g7 c5e6 g7f6 e6c7,1379,75,89,528,attraction crushing endgame exposedKing fork long sacrifice
Q7jQl,r5k1/2q2pp1/7p/1R6/1P1p4/2bB3P/2Q2PP1/6K1 w - - 1 28,b5d5 a8a1 d3f1 a1f1 g1f1 c7c4 c2e2 c4d5,1819,78,92,2187,advantage attraction endgame fork sacrifice veryLong
AmqZC,8/5k1p/2p5/1p2b2r/8/2P1BPK1/1P2R2P/8 w - - 10 43,e3f4 h5g5 g3h4 e5f4,1410,78,92,515,advantage deflection endgame master pin short
vAC4W,r1bq1r1k/1p4p1/p1p3Qp/4Bn2/2BP4/8/P4PPP/R4RK1 b - - 5 23,d8e8 e5g7 f5g7 g6h6,1668,77,96,10080,deflection fork mate mateIn2 middlegame short
NSixm,6k1/pQ3pp1/3b3p/8/8/8/PP3q2/K6R b - - 0 39,d6e5 b7a8 g8h7 a8e4 g7g6 e4e5,1685,73,95,17051,advantage endgame fork long
70nHH,rnb2knr/ppp3pp/3q4/8/8/2Q5/PB3PPP/RN3KNR b - - 1 12,g8f6 b2a3 f8f7 a3d6,1162,75,98,7948,advantage opening pin short
yG35F,5rk1/R4p2/p2NpQp1/8/1p1P3K/5P2/5q2/8 w - - 17 52,h4g4 f2g2 g4f4 g2h2 f4e3 h2d6,1688,75,98,3223,advantage endgame long skewer
4zr0P,r1b1k1B1/3n1p2/p1p1p3/2pp2q1/5p1b/1P2P3/PBPPK2P/RN1Q3R w q - 3 16,h1g1 g5h5 e2f1 h5d1,1309,78,92,5236,crushing deflection interference middlegame short skewer
v2Oz5,rn1q1rk1/pbp1bppp/1p3n2/4p3/2P1P3/1PNB1N2/P4PPP/R1BQ1RK1 w - - 0 10,f3e5 d8d4 c1b2 d4e5,1744,74,96,13672,advantage fork opening short
NAAZb,6k1/1pr2p2/p2P2pp/2p5/P2bNPP1/8/1P2r1P1/3R1R1K b - - 0 28,c7d7 d1d4 c5d4 e4f6 g8g7 f6d7,1409,74,89,803,advantage endgame fork long sacrifice
LlZcO,4rr1k/1pp3p1/p7/3Qn1q1/8/2P4P/PP4P1/4RB1K b - - 0 28,e5c6 d5g5 e8e1 g5h4 h8g8 h4e1,1561,75,96,4166,crushing fork long middlegame
H84bo,4r1k1/1pp2ppp/p7/2b5/P4P2/2Nb3P/1P4PK/2BR4 b - - 1 21,d3f5 d1d5 c5d6 d5f5,1783,77,94,16550,advantage endgame fork master short
be9Nw,4B3/6pp/5p2/8/Pk1p1P2/6P1/3K3P/5b2 b - - 15 41,b4c4 e8b5 c4b4 b5f1,1192,80,94,1871,bishopEndgame crushing endgame short skewer
vI6p5,2r2rk1/pp1bbppp/1qnppn2/8/3p1B1P/2PBPN2/PPQN1PP1/1K1R3R w - - 0 12,e3d4 c6b4 c3b4 c8c2,1753,76,93,1300,crushing discoveredAttack master middlegame short
11Y5c,r1bqkb1r/p5pp/p1p2n2/4pp2/R7/2NP1Q2/1PP3PP/2B1K1NR b Kkq - 0 10,f8d6 f3c6 c8d7 c6d6,1131,77,94,6965,advantage fork interference master middlegame short
ldeoy,3R4/q4k2/3p1p2/1p2p3/3pP1Q1/PP1Rb1P1/4K1r1/8 w - - 0 37,e2f1 g2f2 f1e1 a7a5 b3b4 a5d8,1799,77,94,6308,crushing endgame exposedKing fork long
ebUCN,1r3rk1/1p3ppN/p7/1bb1P1Q1/8/2n3PP/P4qBK/4R3 b - - 1 28,f2e1 h7f6 g8h8 g5h4,1050,86,93,845,mate mateIn2 middlegame pin short
nUwXp,3r2k1/p4pp1/1pn5/1RbP2Q1/8/8/q4PPP/5RK1 w - - 1 24,d5c6 a2f2 f1f2 d8d1,1554,78,93,2069,endgame mate mateIn2 pin sacrifice short
lecwb,1r6/1P3r2/1R6/5k2/1R2p1p1/6K1/8/8 b - - 1 56,e4e3 b4f4 f5e5 f4f7,1506,79,95,36970,crushing endgame rookEndgame short skewer
7Xzxk,r2kn3/1q1n1pp1/pp5p/8/2B5/5PP1/PPPQ1P2/R5K1 b - - 1 24,b7f3 c4d5 f3g4 d5a8,1560,76,95,17446,advantage fork interference middlegame short
KFnMD,8/4Rpkp/6p1/6Pn/2KNP2r/8/8/8 b - - 1 38,h5g3 d4e6 g7h8 e7e8,1065,83,86,534,endgame mate mateIn2 pin short
ttmsB,1k6/2p5/Pp1p4/P3p3/8/1QP5/2r1q3/KR6 b - - 2 40,e2a6 b3c2 a6a5 a1b2,1991,75,92,2814,advantage defensiveMove endgame master pin short
ZstZq,8/3Q1kpp/p3p3/3pPn2/P5p1/3q4/4NKPP/8 b - - 3 42,f7g6 e2f4 g6g5 f4d3,1366,75,89,1104,crushing endgame fork short
4vSME,2b1kbnr/p6p/np2qpp1/1N2B3/Q2Pp3/8/PP3PPP/4K1NR b Kk - 1 15,f6e5 b5c7 e8f7 c7e6,1030,79,95,2259,advantage discoveredCheck doubleCheck middlegame short
2htrK,r3kb1r/ppp2pp1/3p3p/8/3P4/1P1NB2b/1PP1QPqP/R3KR2 b Qkq - 3 13,g2h2 e3f4 f8e7 f4h2,1150,76,95,4635,crushing discoveredAttack discoveredCheck middlegame short
3KFDg,4r1k1/ppp1qppp/8/3p4/6n1/2P1rNB1/PPB3KP/R2QR3 w - - 5 18,e1e3 g4e3 g2h1 e3d1,1003,86,94,515,advantage fork middlegame short
IuROI,r7/1R1b1kpr/p2p1q1p/Q3p3/2Pb4/3P4/P4PPP/2B2RK1 b - - 1 21,f6e6 b7d7 e6d7 a5d5 f7e7 d5a8,1914,76,91,1676,advantage fork long middlegame sacrifice
mUibx,r5k1/5p1p/p7/8/1p2R3/5P2/PP1r1BPP/6K1 b - - 4 29,d2b2 e4g4 g8f8 f2c5 f8e8 g4g8 e8d7 g8a8,1284,75,96,15887,crushing endgame skewer veryLong
v5muh,2r2rk1/1p4bp/p7/P2P4/1q2Pp2/2Np1P2/1P3Q1P/1R2K2R w K - 0 25,e1g1 g7d4 g1h1 d4f2,1409,75,91,1796,crushing master middlegame pin short
YvUfx,nn3r2/1br1qpkp/p2p2p1/QppPp2B/4P3/PP4NP/2P2PPN/3RR1K1 b - - 7 22,g6h5 g3f5 g7g8 f5e7,1170,90,95,1569,crushing fork middlegame short
FDpDy,r2q1rk1/1bpn1pp1/p2b1n1B/1p6/3P3P/1BNQ1N2/PP3PP1/R4RK1 b - - 0 13,g7h6 d3g6 g8h8 g6h6,1696,75,87,857,advantage kingsideAttack middlegame pin short
BTRE1,r5k1/pbBR2bp/1p4p1/4p1N1/2Pnp3/2K5/PP3PPP/3B4 b - - 3 19,b7c6 d7g7 g8g7 c7e5 g7g8 e5d4,1694,80,90,3288,attraction crushing fork long middlegame
RAzUg,r1bqk2r/pp2p1bp/2n3p1/1B1p4/3PQ3/5N2/PP3PPP/R1B1K2R w KQkq - 2 11,e4c2 d8a5 c2c3 a5b5,1291,78,85,908,advantage fork opening short
pr9Sj,r4rk1/pp3ppp/8/2pn1PP1/4R3/1P1B3P/N1P2q2/2QK3R w - - 2 24,c1d2 f2f3 d1c1 f3h1 e4e1 h1h3,1678,76,88,4264,advantage fork long middlegame
zRViS,7k/7p/3p2p1/8/1P1b1P2/2p3P1/2Q1B2P/q4K2 w - - 4 36,c2d1 c3c2 d1a1 d4a1,1557,76,88,1546,advancedPawn crushing endgame pin short
t3M62,8/1k6/7p/2pNp3/1p2P1B1/3rN2P/KP3rP1/1R6 w - - 0 33,g4f3 d3a3,1287,79,93,10626,endgame mate mateIn1 oneMove pin
bO4YK,2r3k1/5p1p/3P2p1/8/4R3/3Q1P2/1q2KP2/2R5 w - - 0 38,e2e3 b2c1 d3d2 c8c3 e3e2 c3c2,1514,75,95,17682,crushing endgame hangingPiece long pin
MN0NL,r7/2p1k1rp/6b1/1p1pP3/p2P4/P4R1P/7K/2R5 b - - 0 41,g6e4 c1c7 e7d8 c7g7 e4f3 g7g8 d8c7 g8a8,1196,78,95,1757,advantage endgame exposedKing skewer veryLong
vZPYo,2kr4/p4pp1/1n2p3/2p1P3/2PNq3/Q7/PP6/K2R4 b - - 3 27,d8d4 a3c5 c8b7 c5d4 e4d4 d1d4,1708,74,96,7911,crushing endgame exposedKing fork long
jqFKu,8/2k3p1/2Prp2p/p3K2P/1n3PP1/5B2/8/2R5 w - - 0 39,c1c5 b4d3 e5e4 d3c5,1269,76,100,1415,crushing endgame fork short
p4Ywb,r4rk1/2pp2pp/1pb1pb2/p1qP1p2/2P2P2/1P1B1NP1/P3Q1KP/2R1R3 b - - 2 22,e6d5 c4d5 c5d5 d3c4,1496,77,93,7521,clearance crushing middlegame pin short
Q27i3,rn3rk1/1pp2ppp/p2b1n2/4q3/4p3/1PN3N1/PBPPQPPP/R3K2R w KQ - 1 12,g3e4 f6e4 e2e4 e5e4 c3e4 f8e8 f2f3 f7f5,1477,75,89,1137,advantage middlegame pin veryLong
Fwm1F,r2q1k1r/pp2bBp1/3p4/2pPp1Np/2P4P/6P1/PP1QPP2/2Kn3R b - - 0 16,d1f2 g5e6 f8f7 e6d8 a8d8 h1f1 e7f6 f1f2,1209,78,94,2991,advantage fork middlegame pin veryLong
a3wXA,r4rk1/1b1pnppp/p2q4/3Pp3/1p2N3/3P1QPP/1PP2PB1/R4RK1 b - - 1 20,d6d5 e4f6 g7f6 f3g4 g8h8 g2d5,1590,78,94,7450,crushing discoveredAttack kingsideAttack long middlegame sacrifice
fZ26d,6r1/1q6/kb2R3/1p5p/5P2/2Q3P1/1PP5/1K6 b - - 4 44,b7d7 c3a3 a6b7 e6e7,1413,80,93,2257,crushing endgame pin short
QYVJs,5rk1/1pp3q1/1p1p4/4p2Q/2P5/2KP2PR/PP3r2/R7 w - - 7 33,a1h1 e5e4 d3d4 f8f3,1664,75,90,1176,crushing discoveredAttack discoveredCheck endgame short
FdRPl,r1b4r/pp2kp2/2p1pn1p/4N1p1/3P4/P1PBPQ2/5P1q/1R2KR2 b - - 3 15,g5g4 f3f6 e7f6 e5g4 f6e7 g4h2,1774,76,95,14216,attraction crushing fork long middlegame sacrifice
J9xq2,k2r3r/pp6/1q1N4/3pPp2/8/2Q3pp/1PP1R1P1/3R3K w - - 0 29,g2h3 h8h3 h1g2 h3h2 g2g3 h2e2,1391,79,94,4197,crushing exposedKing long middlegame skewer
6KNud,4r3/4kqp1/2pp1pnp/8/3NP3/Q4N1P/PPP3P1/2K5 b - - 1 27,c6c5 d4f5 e7f8 f5d6 f7c7 d6e8,1956,83,92,2495,advantage deflection endgame fork long
bxxqq,r3k2r/2ppnpp1/1p2p2p/1P1bP3/3R1P2/2N3P1/2P4P/2KQ4 w kq - 1 21,c3d5 a8a1 c1b2 a1d1 d5c7 e8d8,1209,75,95,8463,advantage endgame long skewer
nc1lH,2kR4/1p3p1p/p1n1pnp1/8/8/2N1B3/PPP2PPP/6K1 b - - 0 19,c8d8 e3g5 d8d7 g5f6,1596,74,88,1055,advantage endgame pin short
boNDR,r4r1k/ppp3pp/3b4/P7/2QpN3/3R1P1q/1P6/1K1R4 b - - 0 32,f8f3 e4g5 h3f5 g5f3,1708,79,95,20910,advantage fork middlegame short
00cy1,2rknb2/3q1pp1/p1pP3r/1pQ1P2p/5P2/1P4P1/PB4K1/3R4 b - - 0 27,h5h4 c5b6 e8c7 d6c7,1229,76,96,1086,advancedPawn advantage master middlegame pin short
6h1lh,2k5/1p1n1p2/2p5/p1q1pN1p/2n1P1pP/2P3P1/1P2QPBK/8 b - - 5 28,a5a4 e2c4 c5c4 f5d6 c8d8 d6c4,1457,79,94,19448,advantage attraction endgame fork long sacrifice
kzALe,5r1k/1ppB1qr1/7p/pP2Q3/Pb2Nn2/6P1/7P/4RRK1 w - - 1 32,f1f4 f7f4 e5g7 h8g7 g3f4 b4e1,1783,76,95,3585,advantage long middlegame pin
QE6WQ,r7/4kp1R/1p2pbp1/2qp4/5Q2/1b3P2/PPP3P1/1K5R w - - 0 29,a2b3 a8a1 b1a1 c5a3 a1b1 a3b2,1846,75,87,506,attraction endgame long master mate mateIn3 pin queensideAttack sacrifice
MtHZG,3k1n1R/1p6/pq1p1r2/3P3B/2p5/5pQ1/PP6/5K2 b - - 0 41,b6d4 h8f8 f6f8 g3d6 d8c8 d6f8,1477,78,92,12859,attraction crushing deflection endgame exposedKing fork long
ViNtx,r5br/pp3k2/2p2p1p/q1b2P2/B2Q1BP1/7P/PPP5/3RR1K1 w - - 2 21,a4b3 f7g7 d4c5 a5c5,1172,77,95,895,advantage middlegame pin short
mLbTl,r1bq1rk1/bp3pp1/p1np3p/3Q4/1P2P3/P4N1P/BB3PP1/R4RK1 w - - 2 22,a1d1 c8e6 d5h5 e6a2 b2g7 g8g7,1466,76,88,1187,advantage long middlegame skewer
Txuea,8/2R1b2p/4k1p1/rp1p1p2/3B1P2/P3P1PP/8/6K1 b - - 0 30,a5a3 c7e7 e6e7 d4c5 e7e8 c5a3,1542,76,98,10094,attraction crushing endgame fork long sacrifice
LqZsL,5rk1/1rp3p1/1bnp1pq1/1p3N1b/4P2Q/6RP/PPPN2P1/4R2K b - - 1 23,g6h7 g3g7 h7g7 f5g7 g8g7 h4h5,1460,77,91,5035,crushing fork long middlegame
wQLuP,1k1r3b/pp3B1p/4Q3/2pn4/4NP2/2P4P/PPK1q1P1/3R4 w - - 9 28,d1d2 d5e3 c2b3 e2b5,1920,76,91,716,crushing master middlegame pin short
H3HGn,r4rk1/6pp/1p2p3/pP1pP1q1/P1pPp3/2P1P2P/6P1/R2Q1RK1 w - - 1 25,f1f8 a8f8 d1e1 f8f3 g1h2 f3e3,1634,79,92,3445,crushing endgame long pin
ekgwY,rn1k1r2/pppb3Q/4p3/1B2Pp2/8/8/PPP2qPP/2KRR3 b - - 1 19,c7c6 d1d7 b8d7 e1d1 d8c8 h7d7 c8b8 d7d6,1845,76,87,1443,clearance crushing exposedKing middlegame pin sacrifice veryLong
7gOX7,3k4/p6p/7p/2p5/N2br3/P5PP/5P2/3R2K1 b - - 3 29,e4e2 a4c5 d8e7 d1d4,1194,76,97,6443,capturingDefender crushing endgame pin short
PViRG,5bk1/5pBp/8/1p1r2R1/8/6N1/Pq4PP/5R1K b - - 0 30,b2a2 g7e5 f8g7 g5g7,1839,77,93,766,crushing discoveredAttack discoveredCheck master middlegame short
oW25S,4b1k1/2q3pp/2p1p3/p1NpP3/3Q4/8/PPP3PP/5K2 w - - 1 23,c5e6 c7f7 e6f4 g7g5,1889,75,93,7316,advantage endgame fork master short
HqN5o,2B4k/p7/1pbR3B/3nP2P/q7/P1p5/4QP2/RK4r1 w - - 4 29,b1a2 d5b4,1195,83,93,2013,mate mateIn1 middlegame oneMove pin
5klSN,r5k1/pp3Pb1/2pp4/6q1/2P1Pr2/1P1Q4/P5P1/1R3RK1 b - - 0 26,g8f7 f1f4 g5f4 b1f1,1237,75,97,12530,advantage clearance middlegame pin short
GsK0U,3r1rk1/2p3p1/p3p2p/1p6/3nPq2/3P1NRP/PP3PP1/R2Q2K1 w - - 6 23,a1c1 f4c1 d1c1 d4e2 g1f1 e2c1,1734,75,94,5882,advantage attraction fork long middlegame sacrifice
w2YaE,8/1R3Qpk/4p2p/4q3/1p6/3n2PP/5P1K/8 w - - 4 39,f7d7 d3c5 d7d2 c5b7,1835,78,94,12069,advantage endgame fork short
kXfi6,3rr3/5pkp/p4bp1/1pq5/4P1N1/5P2/PP1RQ1PP/3R2K1 w - - 4 25,e2f2 d8d2 f2c5 d2d1 g1f2 f6d4 c5d4 d1d4,1835,77,95,4651,advantage fork master masterVsMaster middlegame pin veryLong
U2Xfk,r1b1r1k1/ppp2ppp/2n5/2b5/5p2/2PP1N1P/PP3PP1/RN1B1RK1 b - - 5 12,c6e5 f3e5 e8e5 d3d4 c5d4 c3d4,1674,75,97,1944,crushing fork long middlegame
udCSF,2kr4/5p1r/p1pBp1p1/2P1P2p/1R5P/8/5KP1/8 b - - 1 32,f7f5 b4b8 c8d7 b8b7 d7e8 b7h7,1405,75,88,780,crushing endgame exposedKing long skewer
WUwWK,3r1r1k/pp4pq/2p1Q3/4B3/2P5/8/P4PPP/5RK1 b - - 0 23,h7f5 e6h6 f5h7 e5g7,1578,76,90,1102,advantage endgame pin short
8MbzM,6k1/1p3p2/2r2n1r/p2qBQp1/3P4/1P4P1/P6P/4R1K1 b - - 6 35,h6g6 e5f6 c6e6 f5d5,1833,74,85,981,capturingDefender crushing discoveredAttack master middlegame short
cDDNY,4r2q/pp3pk1/2ppb1p1/6Q1/3b1N2/3B2P1/PPP3KP/5R2 b - - 9 24,h8h6 f4e6 e8e6 f1f7 g7f7 g5h6,1718,78,93,3453,crushing deflection discoveredAttack long middlegame
f27N2,3r4/pp2kp1p/2b1p3/3r4/2RP4/6P1/PP2BP1P/3K2R1 w - - 5 24,e2f3 d5d4 c4d4 c6f3 d1c2 d8d4,1923,79,92,771,advantage discoveredAttack endgame exposedKing long
RrACy,1r4k1/5p1p/6p1/2q5/8/1p4P1/1Q3P1P/1R4K1 b - - 1 36,c5c2 b2c2 b3c2 b1b8 g8g7 b8c8,1161,76,98,692,crushing discoveredAttack endgame long
Jorho,r1b2rk1/ppp2pp1/1bn4B/3qp2Q/4N3/2PP4/PP3PPP/RN3RK1 b - - 0 12,g7h6 e4f6 g8g7 f6d5,1005,75,95,664,crushing fork opening short
xIsEW,r1bq1rk1/1p3pbp/2p3p1/p2PN3/2P1n3/8/PPB3PP/R1BQ1RK1 w - - 0 14,e5f7 d8b6 g1h1 e4f2 f1f2 b6f2,1725,76,86,1086,crushing fork long master middlegame
GoLXL,r6r/pb1npkbp/2p2np1/1p2q3/4N3/1p3Q2/PB2BPPP/1R2K2R b K - 1 14,e5e6 e4g5 f7g8 g5e6,1285,77,94,3810,advantage fork middlegame short
AeoR0,1r4k1/3R2bp/4p1p1/pp2p3/6P1/1P4BP/P4P2/6K1 b - - 1 28,g8f8 d7g7 f8g7 g3e5 g7f7 e5b8,1306,82,93,2123,attraction capturingDefender crushing endgame exposedKing fork long
4wlN2,1r3k2/5p2/1pQp1nq1/p1pPp1p1/2P1P1b1/2PBKPN1/Pr6/7R b - - 1 26,g4d7 c6d6 f8g8 d6b8,1775,76,95,12183,crushing fork middlegame short
615Sc,1n2r1k1/6p1/1p1p2Pp/pPpP3P/P1PpB3/3K4/8/5R2 b - - 0 39,e8f8 e4f5 f8f6 f5e6 g8f8 f1f6,1846,75,87,1655,crushing discoveredAttack endgame long quietMove
oy0hO,r3kbnr/pp2qppp/2n5/2p5/6b1/2P1BN2/PP2QPPP/RN2KB1R w KQkq - 6 9,e3c5 e7e2 f1e2 f8c5,1219,75,99,2369,advantage discoveredAttack opening short
fZ3D4,8/5p2/4p1k1/5r1p/4Q1pP/2K3P1/8/8 w - - 2 63,e4e3 f5f3 c3d4 f3e3,1196,82,92,948,crushing endgame master pin queenRookEndgame short
8f3oc,r3k2r/pR2nppp/2n1p3/1Q1pP3/8/q1P1PN2/P2N2PP/R5K1 b kq - 2 15,a3c3 b7e7 e8e7 b5b7 e7d8 b7a8 d8c7 a8h8,1596,77,93,872,attraction crushing interference middlegame pin sacrifice skewer veryLong
C61Yn,6k1/2N3b1/1p6/p1pPpP1p/2P4q/8/PP1R1PnN/5R1K w - - 0 33,h1g2 h4g5 g2h1 g5d2,1495,76,94,2991,advantage endgame fork short
xNpuz,4Q2k/p1p4p/3b2pq/3nN3/3P4/3B4/Pr3PPP/2r1R1K1 b - - 2 25,d6f8 e5f7 h8g7 f7h6 c1e1 e8e1,1327,74,100,808,crushing fork long middlegame
2SZTG,1r3r1k/5Npp/5p2/2q1pb2/3p1P2/1Q6/P1P3PP/2K1R2R b - - 4 32,h8g8 f7h6 g8h8 b3g8 f8g8 h6f7,1296,80,87,2421,discoveredCheck doubleCheck kingsideAttack long mate mateIn3 middlegame sacrifice smotheredMate
SNeeU,r3k2r/pp1q3p/5pp1/3pp3/6Pn/2PP1Q2/P1P4P/R1B2RK1 w kq - 1 18,f3f6 d7g4 g1f2 h8f8 f6f8 e8f8,1721,75,93,2577,crushing long middlegame pin
KjZpY,3R2nk/p5rp/1p6/2p2B2/2P2PP1/1PN1rbKP/P3p3/4R3 w - - 2 38,c3d5 f3d5 g3f2 e3f3,1134,83,92,520,advantage discoveredAttack discoveredCheck middlegame short
Y8Hio,5rk1/4Qppp/rn6/6N1/8/P7/1q3PP1/R3R1K1 b - - 1 29,b2f6 e7f8 g8f8 g5h7 f8g8 h7f6,1556,75,91,1986,advantage attraction fork long middlegame sacrifice
D1BUo,r3k1nr/ppp1bp2/2np4/1B2p1pp/4Pq2/3P1N2/PPPN1P1K/R1BQ2R1 w kq - 2 15,g1g3 h5h4 d2f1 h4g3,1242,79,91,2024,crushing discoveredCheck doubleCheck middlegame short
yxxs1,Q1b2r1k/3pq1pp/1p6/p1P2p2/4N3/P4P2/1P2B2P/2K3R1 w - - 0 28,e4c3 e7e3 c1c2 e3g1,1213,82,93,1473,advantage fork master middlegame short
Mwmv2,r1bk4/pp5p/2p3q1/3p2n1/8/1BPP4/PP3QPP/RN4KR w - - 2 20,b3c2 g5h3 g1f1 h3f2,1107,77,95,8213,crushing kingsideAttack middlegame pin short
bkoCT,2r5/p7/R1p4p/1n1pk1p1/6P1/1P2KP1P/1P1B4/8 w - - 0 32,d2c3 d5d4 e3f2 d4c3,1330,79,94,8494,crushing endgame fork short
lzwLn,r1b1r1k1/7p/2pq2pb/p2p1p2/3B1P2/2P5/PPBQ2PP/R4RK1 w - - 6 18,d4e5 e8e5 f4e5 d6c5 d2f2 h6e3,1955,77,95,5482,advantage long middlegame pin sacrifice
9Yhla,2k3B1/pp1q2b1/2p5/4p3/4P2B/2N4K/PPr5/5RR1 w - - 2 31,g1g4 d7d3 f1f3 d3f3,1755,76,87,2529,crushing fork middlegame short
HiVT4,2r3k1/5ppp/p2p1n1q/1p1PpR2/1P2P3/P1rB3P/4Q1P1/5R1K b - - 0 24,c3a3 f5f6 g7f6 e2g4 h6g5 g4c8,1387,83,94,9083,advantage fork long middlegame sacrifice
N1jOM,r2k1r2/pp2bp1p/2n1p1q1/3p4/8/6P1/PQ1N1P1P/2R2RK1 b - - 4 25,f8g8 b2b7 a8c8 c1c6 c8c6 b7c6,1188,75,94,6544,advantage fork long middlegame
RYnzK,rn2k2r/pp3p1p/3bp3/2p5/2P2pBq/3P4/PP5N/R1BQ1RK1 w kq - 0 15,c1f4 d6f4 f1f4 h4g3 g1h1 g3f4,1107,75,95,6060,attraction crushing exposedKing fork long middlegame
H5FbP,r2qnk2/ppp3pp/1b1p4/8/3NPBb1/P1N5/1PP3PP/R2Q1RK1 b - - 0 14,g4d1 f4d6 f8g8 f1f8,1775,77,93,616,discoveredCheck doubleCheck mate mateIn2 middlegame operaMate short
ufsSN,3r4/6p1/1R3p1k/p4PNp/Pb1p3P/8/6P1/6K1 b - - 3 39,d8d7 b6b8 g7g6 b8h8 h6g7 h8h7 g7g8 h7d7,1719,74,96,1235,crushing endgame skewer veryLong
8QFf7,r2qrbk1/pbp2ppp/1p3n2/2n2N2/3PP3/3B2Q1/PP1N2PP/R1B2RK1 b - - 2 14,f6h5 f5h6 g8h8 h6f7,1396,78,92,3910,advantage deflection kingsideAttack opening pin short
6Knmn,r4k2/p3q1bQ/2p5/1pPp2R1/8/2NKP3/PP3r2/7R w - - 2 28,h1g1 f2d2 d3d2 g7c3 b2c3 e7h7,1832,74,87,933,attraction crushing discoveredAttack long middlegame sacrifice
gH7PD,1Q6/5ppk/2r1p2p/p2p4/P7/6P1/2r2b1P/R4K2 b - - 1 31,f2c5 b8b1 c5b4 a1a2 g7g6 a2c2 c6c2 b1c2,1579,75,95,7022,advantage endgame pin veryLong
1qiHg,2r3k1/p4ppp/1p6/8/1Q1Pp3/Pr1qP2P/R4PP1/5RK1 w - - 1 30,b4e7 b3b1 f1b1 d3b1 g1h2 b1a2,1752,80,93,520,crushing endgame fork long
3Mltt,3R1k2/2p2p2/5Npp/p4n2/P7/1P3QP1/5PKP/2r1q3 b - - 2 31,f8e7 d8e8 e7f6 e8e1,1445,78,93,1939,crushing endgame short skewer
sqqrh,2r4r/pRp2k1p/5pn1/1B1P2pQ/3q4/1Kb5/5PPP/7R b - - 0 25,d4d5 b5c4 d5c4 b3c4,1051,82,94,947,advantage defensiveMove middlegame pin short
TjfGy,8/pp3k2/2p3q1/3P1b2/1PP1pPp1/1N2P1Kr/PB4P1/R2Q4 w - - 1 26,g3f2 g4g3 f2e1 h3h1 e1d2 h1d1,1070,75,100,836,advantage long middlegame skewer
cLrze,7k/rr2p2p/3p2bP/2pP4/6Q1/1P2R3/P4PK1/2q5 b - - 5 38,a7a2 g4c8 g6e8 c8e8,1354,84,94,11858,endgame fork mate mateIn2 short
Xgi1c,3rrk2/p4p2/2p2P2/1p4P1/2Bp4/P4p2/2P2P2/2K4R b - - 1 26,f8g8 g5g6 b5c4 g6g7 e8e1 h1e1,1668,76,94,2029,advancedPawn crushing endgame long pin sacrifice
0XUQY,1r1k2r1/2p2p2/2Q1p1b1/2Np1q1p/1PnP3P/p4P1N/P1P2R2/2K4R b - - 4 26,d8e7 c6c7 e7f6 c5d7 f6g7 d7b8,1844,76,91,1769,crushing fork long middlegame
pbwl8,5rk1/5ppp/p2p1q2/2pB1PPQ/5R2/P2n4/1r5P/4R2K b - - 0 27,f6c3 h5f7 f8f7 e1e8,1982,75,95,5597,kingsideAttack mate mateIn2 middlegame pin sacrifice short
l7R4T,rn1qk1nr/p1p1ppbp/6p1/1Q1p4/2pP3P/4PN2/PP3PP1/RNB1K2R b KQkq - 0 10,d8d7 b5b7 c7c6 b7a8,1473,76,92,6529,advantage middlegame pin short trappedPiece
qAvaJ,r1b2rk1/pp3B2/7R/2ppb1q1/8/2P1P1P1/PPQN1PP1/R3K3 b Q - 0 16,f8f7 h6g6 g5g6 c2g6,1332,76,93,6778,advantage fork middlegame short
8naRQ,8/pB6/3kn1p1/6P1/6p1/PK4P1/1P6/8 w - - 1 40,b7e4 e6c5 b3c2 c5e4,1174,89,94,1521,crushing endgame fork master short
Ss4Fo,r4rk1/1p3p1p/p2N1Qp1/3Bnb2/3qP3/8/P1P2PPP/R4RK1 w - - 1 19,d6c4 e5f3 g2f3 d4f6,1176,76,95,17481,advantage discoveredAttack middlegame short
i79UV,8/5p2/4p3/4Pk2/2R2P1p/5P1P/2p3K1/2r5 w - - 0 43,g2f2 c1h1 c4c2 h1h2 f2e3 h2c2,1602,76,92,2808,crushing endgame long rookEndgame skewer
n6Ud7,r1bq1rk1/1p4p1/p1p4p/2b1pp2/3PP3/2P5/PPN1Q1PP/R1B2R1K b - - 0 18,e5d4 e2c4 f8f7 c4c5,1541,79,93,2934,advantage fork middlegame short
8UbOT,r5k1/1q4pp/p2rp3/P7/1pRNPp2/1P2bP2/1B2Q1KP/4R3 w - - 0 26,d4c2 d6d2 e2d2 e3d2,1009,85,93,692,advantage middlegame pin short
soMAS,r2q2k1/3b2r1/1p1pp1P1/1N6/nPP1P1B1/p3P3/PbKQ4/6RR b - - 0 23,d7b5 g4e6 g8f8 h1h8 f8e7 h8d8,1569,77,96,24930,crushing exposedKing kingsideAttack long middlegame skewer
8Tbts,6k1/p4p1p/3R2pB/2p1n3/1r2B3/8/1b4PP/7K b - - 6 29,f7f5 e4d5 e5f7 d6d8,1338,76,96,11077,endgame mate mateIn2 pillsburysMate pin short
9CJnF,r2q1rk1/pb3ppp/nppppn2/1N4B1/3P4/P1Q5/1PP2PPP/2KR1B1R w - - 0 13,g5f6 d8f6 b5d6 f6f4 c1b1 f4d6,1175,75,97,3288,advantage fork long opening
UuF2f,8/2p3K1/2pk4/8/8/2PQ4/8/q7 b - - 5 54,d6c5 d3d4 c5b5 c3c4 b5a4 d4a1,1676,79,96,19366,crushing discoveredAttack endgame long queenEndgame
yxu3s,8/4rk2/3Q1b2/8/P7/2P3K1/1P4P1/8 w - - 1 69,a4a5 f6e5 d6e5 e7e5,1277,77,100,1639,advantage endgame fork master short
Kr0kR,4r1rk/1p3Q1p/p4P2/8/4b3/8/P5PP/R6K w - - 0 29,a1c1 e4g2 h1g1 g2d5,1092,81,93,805,crushing discoveredAttack discoveredCheck endgame short
jkT5S,r4rk1/pbq2pp1/1p2pn1p/3pN3/1P6/2PBQ3/2P2PPP/R3R1K1 b - - 3 19,c7c3 d3h7 g8h7 e3c3,1103,80,93,3261,crushing discoveredAttack middlegame short
EsvEL,r2qr1k1/5pp1/1bp2n1B/p2p1N2/8/P4Q2/1P3PPP/R4RK1 b - - 0 18,g7h6 f3g3 f6g4 g3g4 d8g5 f5h6 g8f8 g4g5,1747,77,93,579,crushing kingsideAttack middlegame pin veryLong
AZKLI,3k4/R7/p3r1p1/7p/1p3B1P/2b2P2/P4KP1/8 w - - 5 38,g2g4 c3d4 f2f1 d4a7,1286,75,99,7859,crushing endgame fork master masterVsMaster short
hV5wr,r3r1k1/p1p2ppp/b1p5/3pP3/3P2nq/2N2Q2/PPP1K1PP/R1B2B1R w - - 3 14,e2d1 g4f2 f3f2 h4f2,1130,77,88,957,advantage fork middlegame short
ZKY21,1r3rk1/5ppp/3Qpn2/2R5/3P4/q3P2P/5PP1/2R3K1 b - - 5 23,a3a2 d6b8 f8b8 c5c8 f6e8 c8b8,1657,76,92,1819,advantage attraction long middlegame pin sacrifice
Jharo,2kr1b1r/p1q2ppp/Ppp5/4p3/2B1Q1b1/8/1PP2PPP/R1B2RK1 b - - 0 15,g4h5 e4f5 c8b8 f5h5,1095,76,100,649,advantage fork master middlegame short
pOAV9,2rr2k1/pp2ppbp/2bp1npB/q7/4P3/1BN4P/PPPQ1PP1/3RR1K1 b - - 10 15,g7h8 c3d5 c6d5 d2a5,1906,75,91,939,crushing discoveredAttack master middlegame short
OQXIt,r3k1r1/pbq4p/6p1/5pQ1/2pP3N/P1P5/5PPP/4R1K1 b q - 1 24,e8f8 g5f6 c7f7 f6d6 f8g7 e1e7,1778,77,94,9616,advantage exposedKing long middlegame pin
zpWvB,r3r1k1/1Qp2ppp/P4b2/8/q7/P3B3/4BPPP/5RK1 b - - 4 23,f6d4 e2b5 a4b5 b7b5,1633,76,94,1791,crushing fork middlegame short
u1rH1,8/5pk1/6p1/1R2P2p/5P2/6PP/1p4K1/1r6 w - - 0 47,g2f2 b1h1 b5b2 h1h2 f2e3 h2b2,1670,74,96,3330,crushing endgame long rookEndgame skewer
MOw50,3r2k1/1p3p2/p6p/8/1P4P1/P3QPqp/3rP3/2R2R1K w - - 0 34,f1g1 d2d1 c1d1 d8d1 e3e8 g8g7 e8e5 g3e5,1637,74,95,4112,crushing endgame pin veryLong
Ul0tN,5k2/8/7p/7N/2b3R1/4BP2/3b2PP/3r2K1 w - - 13 53,g1f2 d2e1 f2g1 e1h4,1797,77,93,1220,discoveredAttack discoveredCheck endgame mate mateIn2 pillsburysMate short
O6O0t,Qbk5/1R4rp/2P5/P4p2/8/4Pq2/3B1P1P/6K1 w - - 3 38,g1f1 f3d1 d2e1 d1d3,1538,74,96,24846,endgame fork mate mateIn2 short
pWeuS,4r1k1/1R3pp1/p2p3p/2pP4/3q4/1B2rP2/P4QPP/1R4K1 w - - 2 24,b1d1 e3e1 d1e1 e8e1,1351,79,94,2251,kingsideAttack mate mateIn2 middlegame pin short
YXumc,4r3/1k3p1p/p1p3pb/B7/1Pn5/2P1N3/P2K1PPP/3R4 w - - 3 26,d2d3 c4b2 d3c2 b2d1,1104,75,96,767,crushing endgame fork short
1IfQP,r1r3k1/pp1q1ppp/4p3/3p4/3Pn3/B1PQ4/P4PPP/2R1R1K1 b - - 4 17,c8c4 e1e4 d7a4 e4h4 a4a3 d3h7,1982,76,87,1590,advantage discoveredAttack kingsideAttack long middlegame
4W0O4,8/5p2/p3kb2/1p2r2p/3B2b1/PP1R4/1K5R/8 b - - 3 34,e5e2 h2e2 g4e2 d3e3 e6f5 d4f6,1798,75,95,12097,advantage endgame exposedKing fork long
y0iwL,r1b2rk1/pp2pp1p/3p2pQ/3Pn2n/4P2P/1PN2P2/2P1NqPK/R4B1R w - - 7 17,c3d1 e5f3,1562,76,96,5481,mate mateIn1 middlegame oneMove pin
p2lgY,rn5r/1p1kbbpp/p2p1p2/1N6/1Pp5/2P1B3/P1P2PPP/3RKB1R w K - 0 15,b5d6 e7d6 e3c5 h8e8 f1e2 e8e6,1816,75,92,1416,advantage long middlegame pin
XbuB8,6k1/5p1p/1p4nQ/pP3b1N/P2qp3/6P1/4PPBP/6K1 w - - 0 30,h6g5 d4d1 g2f1 f5h3 g5d8 d1d8,1899,75,96,1620,crushing endgame long pin
AajFB,r2qkb1r/1b3ppp/p3pn2/1pn1P3/3N4/P1NB4/1P3PPP/R1BQ1RK1 b kq - 0 13,d8d4 d3b5 a6b5 d1d4,1282,78,93,6704,crushing discoveredAttack opening short
H2r0R,r3r3/p1k3pp/8/Q1pq4/3p4/7P/PP3PPK/2R5 b - - 1 26,c7b7 a5b5 b7c7 c1c5 d5c5 b5c5,1767,76,98,1517,advantage endgame fork long
2pwJn,5R2/8/8/p4n2/8/P4kP1/5r1P/6K1 b - - 1 42,f2g2 g1h1 g2b2 f8f5,1514,77,93,3583,advantage endgame pin short
HBKDy,8/5k2/5r1r/7p/4QP1K/7P/8/8 w - - 1 74,e4g2 f6f4 h4g3 h6g6 g3f4 g6g2,1228,81,93,2514,crushing endgame long queenRookEndgame skewer
3XcJa,r3kbnr/ppq1pppp/2n5/1B3b2/8/5N2/PPPP1PPP/RNBQK2R w KQkq - 4 6,f3d4 c7e5 d1e2 e5d4,1008,79,97,2047,advantage fork opening short
jWcHX,8/pp1k1p2/4qB2/3pKn1r/8/P1QP2P1/1P2PP1r/2R2R2 w - - 1 29,e5f4 h2f2 f1f2 e6e3 f4g4 e3g3 g4h5 g3g6,1976,74,94,8680,fork mate mateIn4 middlegame sacrifice veryLong
upaxz,5r2/1RR2p2/7k/1p3K1P/2p5/8/P7/6r1 w - - 4 45,b7b5 g1g5 f5f6 g5b5,1341,74,99,4282,crushing endgame rookEndgame short skewer
YJOnf,r2k3r/ppp3pp/5n2/2qpp1N1/3np1P1/1B1P4/PPP1Q1PP/RN2K2R b KQ - 0 13,d4e2 g5e6 d8e7 e6c5,1614,76,95,3241,advantage fork middlegame short
mC9lQ,3rr1k1/pp3ppp/2q1P1b1/8/3P1B2/1Q2R1P1/P6P/4R1K1 b - - 2 22,d8d4 e6f7 g6f7 e3e8 c6e8 e1e8,1059,86,94,524,advancedPawn discoveredAttack fork long mate mateIn3 middlegame pin
0Fot7,3r2k1/pq4pp/1p3pn1/8/6Q1/BP3PP1/P6P/4R1K1 b - - 0 26,b7a6 g4e6 g8h8 e6e8 g6f8 e8d8,1177,74,95,2792,crushing endgame long pin
FC1oO,r3kbnr/ppp2ppp/3p4/4n3/4PP1q/1B6/PPP2P1P/RNBQK2R w KQkq - 1 9,f4e5 h4e4 c1e3 e4h1,1069,86,92,1486,advantage fork opening short
kDW3P,r3r1k1/3b2qn/pp1p3p/3P3Q/PP1bpN2/6BP/5PP1/2R1RBK1 w - - 4 27,c1c7 g7g3 h5g6 g3g6,1589,75,89,1149,advantage middlegame pin short
zRLU7,r3R1kr/p1p2ppp/2N4q/5b2/1Q6/3P1pP1/PPP2P2/RN4K1 b - - 12 23,a8e8 c6e7 e8e7 b4b8 f5c8 b8c8 e7e8 c8e8,1843,75,94,3052,fork mate mateIn4 middlegame sacrifice veryLong
GYr3W,2r1kb1r/Bp1n2pp/8/1B2pp2/8/5P1N/PP4PP/3R2K1 b k - 1 17,f8c5 a7c5 c8c5 b5d7,1485,76,97,2767,advantage middlegame pin short
QHyni,r1bq4/p4pk1/2pprn2/4P1B1/8/1P1P4/P1P2PPP/Q3R1K1 b - - 0 18,d8e7 e5f6 e7f6 g5f6,1257,76,94,10213,crushing fork middlegame short
sXbPp,6k1/p4rP1/4p2p/2qrB3/1P3P2/P7/2P3PP/2R2R1K b - - 0 29,c5b5 c2c4 b5c4 c1c4,1058,76,92,647,advantage endgame fork short
sBfnx,R3n1k1/6p1/1p2p1p1/1N1p1p2/1n1P4/6P1/1Pr1PP1P/5BK1 b - - 3 25,g8f8 b5d6 f8e7 d6e8,1441,77,92,5085,advantage endgame pin short
ERJWD,r1b1k2r/pp3p2/2p4p/q3b2Q/3p3B/2N1P3/PP3PPP/R4RK1 w kq - 0 16,b2b4 e5h2 g1h2 a5h5,1206,77,91,998,crushing discoveredAttack kingsideAttack middlegame pin short
2j2DZ,2r5/5kp1/1RP1Nn1p/5p2/4p3/4P1KP/2r3P1/3R4 b - - 0 33,c2c6 b6c6 c8c6 e6d8 f7e7 d8c6,1614,74,100,1168,advantage attraction endgame fork long
gB3ff,7k/ppp3p1/6Q1/7n/8/4q2P/PP6/5RK1 w - - 1 30,g1h1 h5g3 h1g2 g3f1,1451,79,94,501,crushing endgame fork short
BxufP,r7/3n1kp1/1p4b1/2pP1p2/2P5/1BB1PK1r/P7/1R4R1 w - - 1 41,g1g3 h3g3 f3g3 f5f4 g3f4 g6b1,1927,77,92,1409,advantage attraction discoveredAttack long middlegame
Fkgry,r3r1k1/p6p/2p3pb/2PpBpq1/3P4/2P1Rp1P/P4QP1/4R1K1 b - - 1 23,f3g2 e5f4 g5f4 e3e8 a8e8 e1e8,1986,78,93,7760,advantage discoveredAttack kingsideAttack long master middlegame
YJGXK,5rk1/5ppp/p4n2/8/2Qq4/P5P1/BP3P1P/2R3K1 b - - 4 25,d4b2 c4f7 f8f7 c1c8 f6e8 c8e8,1416,75,89,2182,clearance endgame long mate mateIn3 pin sacrifice
EF9KT,r3k1r1/pp3p1p/3p4/3q2B1/3p2PP/3Q1p2/PP3K2/6R1 b q - 1 23,d5e5 g1e1 e5e1 f2e1,1446,76,94,3058,advantage endgame pin short
kLZ0M,5rk1/ppR3bp/4b1p1/5p2/4p3/P5BP/1P1rBPP1/4R1K1 b - - 0 24,d2b2 c7g7 g8g7 g3e5 g7f7 e5b2,1423,76,92,1473,advantage attraction fork long middlegame sacrifice
WOJUm,r2q1r2/p1pp4/1p1k1pQ1/8/6P1/5n2/PP1B1P1P/4RRK1 w - - 1 29,g1g2 f3h4 g2g1 h4g6,1278,75,95,2662,crushing fork middlegame short
nN4VV,r1b2rk1/ppp3bp/n2p1qp1/3Pp3/2P1Pn2/2N1BN1P/PP1QBP2/R3K2R w KQ - 2 13,e1c1 f4e2 d2e2 f6f3,1405,75,90,2251,crushing discoveredAttack master middlegame short
FXlqO,r7/pp2k3/3p3p/4n1pq/8/2P1P2P/PP1N1RQ1/7K b - - 2 27,h5d1 f2f1 d1a4 g2b7 a4d7 b7a8,1359,76,98,2340,crushing defensiveMove endgame fork long
creW9,2r5/5p1p/4b1p1/8/1RB1k3/P1K3P1/1P6/8 w - - 6 48,c3b3 c8c4 b4c4 e4d3 b3b4 e6c4,1951,79,93,521,attraction crushing endgame long pin sacrifice
WWHaW,5rk1/3p2b1/p5QB/2pN4/2P5/6PK/Pq5P/8 b - - 0 27,b2e5 h6g7 e5e6 g6e6,1775,76,92,4090,crushing endgame fork master masterVsMaster short
uj6XM,r1b1k2r/pppp1ppp/1bn2q2/4n3/1P6/P3PNP1/1BP2P1P/RN1QKB1R w KQkq - 3 9,f1g2 e5f3 g2f3 f6b2,1276,74,94,15322,advantage discoveredAttack opening short
DvBrf,5rk1/prn3pp/1p2p3/2p2q2/2P1N3/1P4P1/P3QP1P/R3R1K1 b - - 3 21,e6e5 e4d6 f5f6 d6b7,1259,85,91,3442,crushing fork middlegame short
AWJ0Y,1r2kb1r/5ppp/Q7/p2pPpN1/8/P3qN2/1PPp2PP/1R5K b k - 1 23,f8e7 a6c6 e8f8 c6d5 e7g5 d5d6 f8e8 d6b8,1923,75,94,5951,crushing fork middlegame sacrifice veryLong
sqpGQ,8/8/8/2p5/Pkn1K3/8/8/3B4 w - - 0 83,e4d5 c4e3 d5c6 e3d1 a4a5 d1c3,1995,76,96,1737,crushing defensiveMove endgame fork long
PF19S,r1b2r1k/pppnq1pp/8/3Q4/2B2p2/2N1P3/PP4PP/R4RK1 w - - 0 15,f1f4 e7e3 g1h1 e3f4,1568,78,94,1892,crushing fork master middlegame short
kC9t1,2r3k1/1b3p1p/p2pp1p1/1p4N1/3PPn2/P7/5PPP/1N2Q1K1 w - - 1 36,g2g3 c8c1 e1c1 f4e2 g1f1 e2c1,1806,75,90,722,advantage attraction endgame fork long pin sacrifice
uUIgq,4k1nr/p4ppp/Q3p3/3r2q1/8/5P2/P1P3PP/R2R2K1 b k - 1 18,g8f6 a6c8 e8e7 c8h8 d5d2 d1d2,1541,75,92,1625,advantage long middlegame skewer
LyRud,8/2k1pr2/1pp1N3/p1r5/6K1/1P2R2P/8/8 b - - 1 44,c7b7 e6d8 b7c7 d8f7,1011,78,95,2921,advantage endgame fork short
90lma,4r1k1/5p2/p7/6pp/2N2b2/1B2Bq2/PPP2P2/4RKQ1 w - - 0 28,e3f4 f3h3 g1g2 e8e1 f1e1 h3g2,1851,76,95,5104,advantage long middlegame pin
SqQL4,rn1q1rk1/ppp1bppB/8/3p2n1/3P1Bb1/2N2N2/PPP3PP/R2Q1RK1 b - - 0 10,g8h7 f3g5 e7g5 d1g4,1526,76,96,3781,advantage discoveredAttack opening short
qmYsM,3rr1k1/pp5p/8/5p2/3p1b2/5P2/PP3BPP/R2R2K1 w - - 0 31,f2d4 d8d4 d1d4 f4e3 g1f1 e3d4,1373,76,100,1569,advantage attraction endgame fork long sacrifice
KSdRZ,r5k1/1b1r1pp1/p1pNp2p/1pB1P3/3P1n1q/2P2B2/2Q2P2/R1R2K2 w - - 6 31,d6b7 h4h3 f1e1 h3f3,1392,74,97,20218,crushing fork middlegame short
ZjMdJ,B4n1k/4b1p1/1Q5p/8/P1K5/2Bp1qp1/8/1R6 b - - 0 41,f3a8 b6h6 h8g8 h6g7,1254,85,90,2656,endgame mate mateIn2 pin short
3nvmH,r3k2r/pppq1p1p/2n1pp2/3P4/1bp1P1b1/2N2NP1/PP3PBP/R2Q1RK1 b kq - 0 11,c6e5 f3e5 f6e5 d1g4,1521,78,94,22305,capturingDefender crushing discoveredAttack master masterVsMaster middlegame short
N85Jd,r2k1b1r/pp2p1pp/2bp4/5q2/1Q1B4/1P6/P4PPP/R3R1K1 b - - 10 18,f5g4 d4b6 a7b6 b4g4,1395,75,94,18664,advantage discoveredAttack middlegame short
GjB9o,8/p7/1p4b1/k6p/1R6/r4P1P/3B2P1/4K3 b - - 1 35,a3a1 b4b1 a5a4 b1a1,1512,77,95,32461,crushing discoveredAttack discoveredCheck endgame short
uRFtJ,5b2/p1pr1p1k/2p5/4B3/P7/2P2P1P/2P1KP2/6R1 w - - 3 22,c3c4 d7e7 f3f4 f7f6 e2f3 f6e5,1513,76,94,22096,advantage endgame long pin
xS6BY,r2k3r/pp1N1ppp/8/8/3q1bQ1/8/PPP2PPP/R3R1K1 w - - 2 17,a1d1 f4h2 g1h2 d4g4 d7e5 g4d1,1673,75,92,804,advantage discoveredAttack kingsideAttack long middlegame
OlzRz,8/6k1/4R3/4p1pp/4q3/P5P1/5RKP/8 w - - 16 51,g2h3 e4g4 h3g2 g4e6,1490,79,94,5349,crushing endgame fork queenRookEndgame short
te79i,r1b1k2r/4bppp/p4n2/1p1qp1B1/2p5/2P5/PPB2PPP/RNQ1R1K1 b kq - 1 14,e8g8 g5f6 e7f6 c2e4 d5c5 e4a8,1760,73,96,10736,crushing long opening skewer
cof4k,3r2k1/p4pp1/1q1P4/8/1P6/P2Q2P1/7P/3R2K1 w - - 5 41,d3d4 d8d6 d4b6 d6d1 g1g2 a7b6,1569,77,94,1578,crushing endgame intermezzo long sacrifice skewer
UP0OT,r1b1kb1r/1p3p1p/p1q1p1p1/4P3/P3p1Q1/2P5/1P3PPP/R1B1KB1R w KQkq - 0 14,f1b5 a6b5 a4b5 a8a1 b5c6 a1c1,1461,76,91,2418,advantage discoveredAttack long middlegame pin
hzKFL,8/3k1n2/1p1P4/1Pp2KBP/2P1R3/6r1/8/8 w - - 1 53,g5f6 f7d6 f5e5 d6e4 e5e4 g3h3 e4f4 h3h5,1904,78,92,631,crushing endgame fork master veryLong
DcjeI,rnbqkb1r/pp3ppp/4pn2/3P4/2B1p3/2N5/PP3PPP/R1BQK1NR b KQkq - 0 7,f8b4 d1a4 b8c6 d5c6 b4c3 b2c3,1615,74,94,19232,advantage fork long opening
VlZwD,2r5/1Rpk4/P3p3/1N1p4/P2P2p1/2P4p/4n2K/8 b - - 3 40,d7c6 b5a7 c6d7 a7c8 g4g3 h2h3,1659,78,96,18941,crushing endgame fork long
CNjzE,1k1r1bnr/ppq1p1pp/5pb1/1B1pn3/3P1B2/2N3Q1/PPP2PPP/R4RK1 b - - 3 12,a7a6 d4e5 f6e5 f4e5,1619,76,92,3671,advantage middlegame pin short
MKK4e,r2qkb1r/pp2pbp1/7p/1N1n4/3p4/3P2BP/PPP2PP1/R2QR1K1 b kq - 5 14,a7a6 b5d6 d8d6 g3d6,1698,74,94,18215,crushing opening pin short
TUlCg,r1b3k1/pp5R/4p3/2pp2p1/8/2PB4/PP3r2/2K4R b - - 3 25,g5g4 h7h8 g8f7 h1h7 f7f6 h8f8 f6e5 f8f2,1415,75,87,792,advantage endgame exposedKing skewer veryLong
3IJcU,r3r3/ppp2kpp/8/2bq1b2/5B2/N4P2/RP4PP/2KQ1BNR b - - 0 14,d5a2 f1c4 a2c4 a3c4,1204,84,93,2204,advantage fork middlegame short
CCRLj,N4b1r/1p2kpp1/pBnp1q2/3Qp2p/6n1/3B4/PPP2PPP/R3K2R w KQ - 2 16,b6c7 f6f2 e1d1 g4e3 d1c1 e3d5,1077,76,97,4776,attackingF2F7 crushing fork long middlegame
19boL,6k1/2R4p/1p2p1pB/pB3p2/P7/6P1/3p2PK/1r6 w - - 0 37,b5e8 b1h1 h2h1 d2d1q h1h2 d1h5 h2g1 h5h6,1723,77,93,594,advancedPawn advantage attraction endgame fork promotion veryLong
aU6Jy,5rk1/R4Rp1/7p/2qB2b1/1p3N2/6P1/6KP/8 b - - 0 39,g5f4 f7g7 g8h8 g7h7,1396,77,94,2140,doubleCheck endgame mate mateIn2 short
oA7Ni,5r2/ppb4k/2p2p1p/2q1p3/7P/P5B1/1PP1QP2/1K1R4 b - - 1 33,f8d8 d1d8 c7d8 e2d3 h7g7 d3d8,1900,77,92,646,crushing endgame fork long
Ju3tp,r6k/1p4p1/6R1/pP2Q2p/2P5/P3P3/7P/3q3K w - - 1 40,h1g2 d1c2 g2h1 c2g6,1633,78,92,564,crushing endgame fork master short
nsMNJ,r1bq1bnr/pp2pk1p/2np2p1/2p5/4PP2/5N2/PPPP2PP/RNBQ1RK1 b - - 1 6,c8g4 f3g5 f7e8 d1g4,1202,78,92,1064,advantage discoveredAttack opening short
zhj9L,4r1k1/5ppp/p2p4/2p1nP2/P3P2q/1rP4P/3Q2BK/R2N1R2 w - - 6 33,d2f2 e5g4 h2g1 g4f2,1314,84,93,9318,crushing middlegame pin short
Kl5na,4rr1k/ppq3p1/2n4p/6N1/8/2B4Q/PP3PPP/R5K1 b - - 0 21,c7f4 h3h6 h8g8 h6g7,1522,75,92,851,mate mateIn2 middlegame pin short
fDZUr,2k4r/1ppq1p1p/p4p2/n7/P1pPQ3/2P2B2/5PPP/R5K1 b - - 1 19,d7e6 f3g4 e6g4 e4g4,1401,73,95,30399,crushing endgame pin short
fEop1,1k4rr/pp1b2Q1/3Np3/q2p4/3n4/2NB4/PPP2PPP/R4RK1 w - - 1 19,g7d7 d4f3 g1h1 h8h2,1504,76,88,2105,arabianMate kingsideAttack mate mateIn2 middlegame pin short
QqjkC,8/3k4/1RbP2p1/2P1B2p/5P2/6P1/3r4/5K2 w - - 5 51,b6a6 c6b5 f1e1 d2e2 e1d1 b5a6,1746,76,88,570,crushing endgame exposedKing fork long master
d1Fx0,4K3/7Q/p2kp3/1p6/1P6/P5P1/5q2/8 b - - 12 61,f2g3 h7d7 d6e5 d7c7 e5d4 c7g3,1592,77,94,2157,crushing endgame long queenEndgame skewer
GuvyA,6k1/1R6/5p1p/4p3/2p4P/N1Pq2N1/5PK1/8 w - - 5 43,a3b5 d3d5 g2h3 d5b7,1115,76,94,875,crushing endgame fork master short
zs89P,2kr3r/Bppb2p1/3R4/4p2p/2Q4p/P4q2/1PP1N3/2KR4 b - - 0 25,h4h3 a7b6 f3c6 d6c6,1743,78,95,16637,crushing middlegame pin short
PklzF,8/8/K1p3rp/3k4/1P4PR/8/8/8 b - - 0 53,d5c4 g4g5 c4d5 g5h6,1261,84,93,1039,crushing discoveredAttack discoveredCheck endgame rookEndgame short
qrfOr,r4rk1/1b3ppp/p3p1q1/1p2P3/3p2PP/3P4/PP3Q1N/R4RK1 b - - 0 23,f8d8 h4h5 g6d3 f2f7 g8h8 f7b7,1516,79,93,1042,advantage fork long middlegame
HaVeh,2k4r/pp1q1pp1/2pb1np1/P6r/3PB3/1P2BQ1P/5PP1/R3R1K1 b - - 4 20,g6g5 e4f5 g5g4 f5d7,1163,80,93,16071,crushing middlegame pin short
XOikt,5r1k/pp5p/1q3nN1/2nr1NQ1/4p3/2P5/PP3PP1/1R2R1K1 b - - 0 26,h7g6 g5h6 f6h7 h6g7,1141,77,96,6393,fork mate mateIn2 middlegame short
fXxta,8/5pp1/1P2p2p/4P3/2kP4/6P1/2K2r1P/1R6 w - - 6 47,c2c1 c4c3 c1d1 f2f1 d1e2 f1b1,1729,74,96,12743,crushing endgame exposedKing long rookEndgame skewer
2MpSs,2r4k/1b4q1/p2p4/7Q/8/7P/PP3Pp1/4R1K1 b - - 0 34,g7h7 h5h7 h8h7 e1e7 h7g6 e7b7,1889,75,98,2958,advantage attraction endgame exposedKing fork long master
kT8On,5r1k/6pp/3b4/pqp5/4Qn2/1P1P3P/2P2BP1/R4NK1 w - - 0 29,f1e3 f4e2 g1h1 f8f2,1113,76,96,9224,crushing deflection discoveredAttack middlegame short
bebMY,4k3/p2npp2/3p1b2/2pP1N1Q/4PP2/7P/rr4P1/5RK1 w - - 0 26,f5e3 f6d4 g1h1 d4e3,1255,84,93,2983,advantage master middlegame pin short
ojEB0,r3r2k/pp4p1/2p4p/4p1q1/4P1b1/2P5/P1Q1NPB1/2RR1K2 w - - 1 28,d1d3 g4e2 f1e2 g5g2 d3g3 g2h2,1517,77,94,2020,advantage discoveredAttack long middlegame
3FSE3,r1rq3k/1b1n1ppB/p3p3/4n1B1/1p5P/1P2P3/4QPP1/R4RK1 b - - 1 24,d8f8 e2h5 e5g4 h7e4 g4h6 e4b7,1907,75,93,1204,advantage discoveredAttack discoveredCheck long middlegame
3VoxG,r5k1/p6p/b1p1R1p1/3p1r2/Nb1P2Q1/q5B1/P5PP/R6K b - - 0 20,a3a4 e6g6 h7g6 g4g6 g8f8 g6f5,1127,76,94,1074,crushing fork long middlegame sacrifice
fnLiF,1k1r1r2/p3b1pp/Ppp1q3/4p2n/4Q3/3P1R2/1PP1B2N/R1B4K w - - 1 22,f3f8 h5g3 h1g2 g3e4 f8d8 e7d8,1307,78,85,734,advantage fork long middlegame
h0tn8,5rk1/5qpn/p2P3p/5bb1/P3N3/1PpQ2P1/2B4K/1R3R2 w - - 1 40,e4g5 f7h5 h2g2 f5d3,1731,76,93,13524,crushing fork middlegame short
kUjy4,1r1qk3/pp2nrb1/3p3p/7Q/8/2Np2P1/PP3P1P/R3R1K1 b - - 3 24,d8b6 e1e7 e8e7 c3d5 e7f8 d5b6,1818,75,100,804,advantage attraction exposedKing fork long middlegame pin sacrifice
OWzHF,8/5kp1/2R5/4P2p/3K1PbP/1N6/5r2/8 w - - 4 42,d4e3 f2f3 e3e4 f3b3,1215,74,89,644,advantage endgame short skewer
nXluD,3r2k1/p4p1p/3q2p1/8/2B5/1PQ3nP/P2r2P1/4R1K1 b - - 9 36,d6c6 c4f7 g8f7 c3c6,1177,77,95,13127,crushing discoveredAttack middlegame short
ZfxjY,2kr3r/1bpp4/1pn1p1qb/p3P3/P2PN3/N1P1pQ2/1P4BP/1R2KR2 b - - 3 24,c6e7 e4d6 c7d6 f3b7,1162,76,97,1949,discoveredAttack mate mateIn2 middlegame queensideAttack short
NqPgD,2r1k2r/1b3ppN/p1q1p2n/n1b1P3/Np1p1BP1/1P5P/P3QP2/1BRR2K1 w k - 0 22,f2f3 d4d3 a4c5 d3e2,1158,76,99,1700,advancedPawn crushing discoveredAttack discoveredCheck kingsideAttack middlegame short
fTpwJ,r7/npk5/2b1p1p1/4b2p/P1N2rnP/BPPB4/6P1/2KR3R b - - 1 24,e5c3 a3d6 c7d7 d6f4,1213,76,98,3433,crushing fork master masterVsMaster middlegame short
jKi4x,6k1/6pp/p2br3/8/8/B4P2/P4KPP/2R5 w - - 0 32,c1c6 d6g3 f2g3 e6c6,1343,77,93,7736,advantage discoveredAttack endgame short
D5DQZ,3r2k1/6pp/4p3/p1p1r3/2QbN1qP/PP1P1pP1/5P1R/2R2K2 b - - 0 32,d4b2 e4f6 g7f6 c4g4,1128,75,95,2637,crushing discoveredAttack kingsideAttack middlegame short
EX4Tw,8/1b1P2kp/1pq3p1/p3r3/8/P2Q4/BP4PP/5R1K w - - 1 39,f1g1 c6g2 g1g2 e5e1 d3f1 e1f1,1434,75,94,8390,endgame long mate mateIn3 pin sacrifice
OXH8L,2kr3r/pppqnpp1/2nb4/1B5p/2P1N1b1/4PN2/PP3PPP/R1BQ1RK1 w - - 1 11,c4c5 d6h2 g1h2 d7d1 f1d1 d8d1,1689,76,91,1618,advantage discoveredAttack kingsideAttack long middlegame
XdKZ2,3r4/ppkb4/4p1p1/4nnQ1/8/2P5/P1K2PPP/3R4 w - - 0 27,g2g4 d7a4 c2b1 d8d1,1450,76,98,3560,crushing deflection discoveredAttack endgame short
BTKQ2,RQ2b1qk/6p1/5nPp/1p2Np2/3P1P2/4p2r/4K3/8 b - - 1 41,b5b4 e5f7 e8f7 g6f7 g8b8 a8b8 h8h7 f7f8q,1584,76,96,3548,advancedPawn advantage middlegame pin promotion veryLong
p4ztI,6rk/3b2rp/2p5/p1P5/1p1P1P1q/6RB/PP3QRK/8 b - - 4 41,d7h3 g3g7 g8g7 f2h4,1733,79,93,7407,advantage discoveredAttack middlegame short
X5q4h,1q3r1k/1p1QN2p/p5p1/4b2n/2B5/4p2P/PP3PP1/R4RK1 w - - 0 20,f2e3 e5h2 g1h1 h5g3 h1h2 g3f1 h2g1 b8h2,1583,76,96,11153,discoveredCheck doubleCheck fork mate mateIn4 middlegame veryLong
KWpuP,1k5r/3p1p2/1pb2p1p/2b5/6q1/3B1N2/PPQ1RPPP/2R3K1 w - - 0 24,c1d1 c6f3 g2g3 g4h3 e2e8 h8e8,1914,76,95,7787,advantage long middlegame pin
rA1G0,2r2rk1/1p3p1p/p3pP2/4Q3/PqPn4/5R2/6PP/4R2K b - - 2 28,d4f3 e5g3 f3g5 g3g5 g8h8 g5g7,1163,76,88,2250,endgame fork long mate mateIn3
SEgIL,1r5k/p1p3rp/1p3Q2/1P3p2/3PpP2/5q2/6RR/6K1 b - - 1 47,b8g8 h2h7 h8h7 f6h4 f3h5 h4h5,1439,78,90,1113,attraction endgame long mate mateIn3 pin sacrifice
ylFB4,8/5ppk/PP6/8/4q2p/2Q3rP/2R3P1/7K w - - 3 38,c3c4 g3h3 h1g1 e4e1 c4f1 h3h1 g1h1 e1f1,1719,76,93,2284,attraction crushing deflection endgame pin veryLong
mNwXj,1k1r2r1/6q1/1p1p3p/p1p5/2P5/1P3Q1P/P4P1K/4R2B b - - 8 43,g7a7 e1e7 d8d7 e7d7 a7d7 f3a8 b8c7 a8g8,1661,79,94,519,crushing endgame exposedKing skewer veryLong
bilAA,4k3/R4ppp/4p3/4P3/1n3P2/p5PK/r6P/3B4 b - - 3 46,b4d3 d1a4 e8d8 a7d7 d8c8 d7d3,1373,78,93,791,advantage endgame fork long
lRXxm,rn3bnr/p4N2/1pp5/6pp/3Pkp2/8/PPP3PP/R1BR2K1 b - - 1 15,h8h7 f7g5 e4f5 g5h7,1169,82,93,2029,crushing fork middlegame short
lFGac,1kr5/pp3ppp/6q1/1P1p4/3N4/PQ1nPP2/6PP/5RK1 b - - 1 23,c8d8 d4c6 b7c6 b5c6 b8c7 b3b7 c7d6 c6c7,1310,78,94,18031,advancedPawn advantage discoveredAttack discoveredCheck endgame queensideAttack sacrifice veryLong
LBGQa,8/5p2/1p3kp1/1PbB1b1p/8/5KP1/7P/3R4 w - - 2 43,f3f4 g6g5 f4f3 f5g4 f3g2 g4d1,1756,76,93,857,crushing endgame long master skewer
zwIqj,r4rk1/ppp2ppp/3p2B1/2nP2q1/5R2/4Q2P/PPP3P1/R5K1 b - - 0 21,f7g6 f4f8 a8f8 e3g5,1182,76,99,2007,advantage discoveredAttack kingsideAttack middlegame short
pmoW3,6k1/prp3pp/4N1p1/4P3/3P4/P7/6PP/5K2 b - - 0 26,g8f7 e6d8 f7e7 d8b7,1119,77,97,1770,crushing endgame fork short
dsemI,r2k3r/pb2b3/2p2p2/4p1p1/4P2p/1B1PB3/1PP3PP/R4RK1 w - - 0 22,e3a7 a8a7 a1a7 e7c5 g1h1 c5a7,1237,85,93,3785,advantage attraction fork long middlegame sacrifice
xelwX,r3kb1r/p4ppp/2p5/n3p3/1q6/2PP1QP1/PP5P/RNB1K2R b KQkq - 0 14,b4c5 b2b4 c5d5 f3d5 c6d5 b4a5,1703,78,93,3130,crushing fork long middlegame
VH3td,8/8/pN1p4/6bk/1P2Q3/5pq1/P5P1/6K1 w - - 3 47,e4f3 g3f3 g2f3 g5e3 g1g2 e3b6,1192,75,98,3471,crushing endgame fork long
rNj2t,r3r1k1/p1pq1pp1/2pb3p/5P2/4p2B/5Q2/PPP2PPP/3RR1K1 w - - 0 19,e1e4 e8e4 f3e4 d6h2 g1h2 d7d1,1623,75,97,4540,advantage discoveredAttack kingsideAttack long middlegame
sqKZZ,r7/p2r1q1k/2p1N2p/1n1n2p1/4R1P1/3Q4/1PP4P/4R1K1 b - - 5 30,d5f4 e4f4 d7d3 f4f7,1630,78,90,10574,crushing discoveredAttack discoveredCheck middlegame short
pwB8Q,r4rk1/p1q2ppp/1n1b1n2/1B1Pp3/2p1P3/2P1BQ1P/1P1N2P1/R4RK1 w - - 3 18,e3b6 c7b6 g1h2 b6b5,1235,77,100,1144,advantage fork middlegame short
QwrC3,r1bqkb1r/pppp1ppp/8/4n3/2B2Q2/3P4/PPP3PP/RNB2RK1 b kq - 0 9,f7f6 f4e5 f6e5 c4f7 e8e7 c1g5 e7d6 g5d8,1802,74,94,8835,crushing opening sacrifice skewer veryLong
HTwdU,r2qr1k1/pQ3ppp/6n1/8/3p1P2/1BP5/P5PP/R4RK1 b - - 0 20,d4c3 b3f7 g8h8 f7e8,1812,74,93,4025,advantage fork middlegame short
Igbc4,5k2/p4ppp/3N4/8/3b1r2/8/P2R1P1P/6K1 b - - 1 26,f8e7 d2d4 f4d4 d6f5 e7e6 f5d4,1479,77,92,503,advantage attraction endgame fork long sacrifice
qd9Y9,r2q2kr/p1p1b1p1/1p2bn1p/4B3/3P4/2P2Q2/PP1N2PP/R4RK1 b - - 2 14,g8h7 e5f6 e7f6 f3e4 g7g6 e4e6,1807,74,95,5698,advantage fork long middlegame
nBsgT,3r1rk1/2R2pp1/1p5p/p3p2q/2B5/2Q5/PPP2P2/4K1R1 w - - 2 26,f2f3 h5h4 e1f1 d8d1 f1e2 d1g1,1342,77,95,30923,crushing deflection exposedKing long middlegame skewer
GPSqR,5r1k/6pP/p3R3/1p4r1/3P4/1PP5/5p2/1BR2K2 w - - 1 35,b1d3 g5g1 f1e2 g1c1,1020,76,100,503,crushing endgame master short skewer
QCbxg,5k2/pp3p2/3p4/2p2qB1/2Bn1P2/1P6/P1P5/1K2R3 b - - 2 29,d4f3 g5h6 f8g8 e1e8 g8h7 c4d3 f5d3 c2d3,1579,75,95,14955,advantage endgame pin veryLong
N0enT,5rk1/R5p1/p2P2rp/4p3/PP6/4B2b/3R1P1P/4K3 w - - 7 36,d6d7 g6g1 e1e2 h3f1 e2d1 f1d3,1957,79,92,1456,discoveredAttack discoveredCheck endgame long mate mateIn3 pillsburysMate
5jGnP,4rk1r/pp3pp1/2pq1n1p/4N3/3P1n1B/P3Q3/1P3PPP/R3R1K1 b - - 3 20,f6d5 e5g6 f8g8 e3e8,1221,83,94,551,crushing deflection discoveredAttack middlegame short
AAbCq,r4r2/pb3ppk/1p6/3qN3/1P1Pn3/P4PP1/2Q4P/R4RK1 w - - 1 22,f3e4 d5d4 c2f2 d4e5 f2f5 e5f5,1213,86,93,1307,crushing fork long middlegame
R4xfq,4Q3/5R2/2p5/p2p2P1/Kr3P2/2kbP3/8/8 w - - 5 44,a4a5 b4b5 a5a6 b5b8,1120,76,88,826,advantage discoveredAttack discoveredCheck endgame short
Gf4yB,7k/p2R2R1/1p5p/5p2/8/5PPK/r3n2P/8 w - - 1 34,g7e7 e2g1 h3h4 a2h2,1530,78,95,22831,deflection discoveredAttack endgame mate mateIn2 short
Lg4YE,2R5/4bp1k/p3p1pp/P2p4/1q6/7P/2Q2PP1/6K1 w - - 0 31,c8c7 b4e1 g1h2 e7d6 g2g3 d6c7,1253,76,87,664,crushing endgame fork long
0OdQu,3r1rk1/pp2q1pp/2np1n2/2p2p2/1PP1p3/P1B1P3/2B2PPP/R2Q1RK1 b - - 0 20,b7b6 c3f6 f8f6 d1d5 g8h8 d5c6,1560,76,94,2463,advantage fork long middlegame
ZjPXH,r1b2r1k/pp3Npp/1qn5/3Q4/3pNp2/3P1K2/PPP3PP/R4B2 b - - 5 18,h8g8 f7h6 g8h8 d5g8 f8g8 h6f7,1310,78,90,698,doubleCheck kingsideAttack long mate mateIn3 middlegame sacrifice smotheredMate
XYpbo,r1b1k2r/pppp1ppp/2n5/8/4qBPn/3N4/PPP1PP1P/R2QKBR1 w Qkq - 6 12,f4g3 h4f3,1078,88,93,510,master mate mateIn1 oneMove opening pin
veqXE,r2k3R/pp1b1p2/2p1p3/2Q1pr2/2P3n1/1PNP1B2/P2KPq2/8 b - - 1 26,d8c7 c3b5,1360,75,100,1083,mate mateIn1 middlegame oneMove pin
OkwdF,rnbqk2r/ppp1ppbp/3p1np1/6B1/2PP4/2N2P2/PP2P1PP/R2QKBNR b KQkq - 2 5,e7e5 d4e5 d6e5 d1d8 e8d8 c3d5,1997,75,95,5922,crushing discoveredAttack long opening
ozwB6,4r1k1/p4p1p/2p3p1/3p2q1/Q7/8/P2NKPbP/R3R3 w - - 2 22,e2d1 e8e1 d1e1 g5e5 e1d1 e5a1,1801,77,93,602,advantage attraction exposedKing fork long middlegame
iN1K3,4r1k1/7p/2b1r1p1/1p1q1p1P/3P1P2/1P1B2Q1/5BP1/2R2K2 b - - 0 29,e6e3 f2e3 d5g2 g3g2,1172,82,91,568,advantage middlegame pin short
4iw06,3r1rk1/4Rppp/p3b1q1/1p6/1P3P2/P2P4/1B2Q1PP/2R4K w - - 5 23,c1d1 e6g4 e2f1 g4d1,1551,78,94,1467,advantage middlegame short skewer
kjxzL,r3k2r/ppp2p2/3p3p/3q2pn/1Q6/2P2P2/PP4PP/RN2R1K1 b kq - 1 19,e8d7 b4g4 d7c6 g4h5,1401,77,88,1160,advantage fork middlegame short
hSyTC,r1b1r2k/p4p1q/1ppbp2B/4N2n/2PP4/5P1N/PP2QR1P/R5K1 b - - 0 23,d6e5 e2e5 f7f6 e5h5,1196,74,99,2061,crushing fork middlegame short
4TeBJ,r5r1/2k3b1/p4p2/3P1Np1/B6p/2Pn4/5PPP/1R4K1 b - - 2 37,a8b8 d5d6 c7c8 f5e7 c8d8 b1b8,1729,76,93,2168,deflection exposedKing fork long mate mateIn3 middlegame pillsburysMate
ol5wG,r1b1k2r/3nqp2/p3P1p1/1ppp2Np/3n1Q1P/3B4/PPP2PP1/2KR3R b kq - 0 15,f7e6 d3g6 e8d8 g5f7 e7f7 f4f7,1410,76,95,1695,advantage exposedKing fork long middlegame
qsTBG,2rr4/1p3Rpp/p3k3/8/3n4/3B4/PP5P/R5K1 w - - 0 26,f7b7 d4f3 g1f2 d8d3,1201,78,93,3585,crushing discoveredAttack endgame short
0X4WP,3r3r/1R1kqpp1/2ppn2p/8/Q3P3/2PP3P/P4PP1/6K1 b - - 1 29,e6c7 b7c7 d7c7 a4a7 c7c8 a7e7 d8d7 e7h4,1673,75,95,22554,advantage attraction endgame sacrifice skewer veryLong
nI4Ba,5r1k/p1r5/8/5p2/2q1p3/1B4P1/P2Q1P1P/3R2K1 b - - 1 38,c4c3 d2h6 c7h7 h6f8,1186,87,92,2722,endgame fork mate mateIn2 short
8mJ5v,6k1/pp4pp/2p1p1q1/8/3bPR2/4n3/PPP1Q1PP/R5K1 w - - 0 21,c2c3 e3g2 g1h1 g2f4 e2f3 d4e5,1874,74,95,3358,advantage discoveredAttack discoveredCheck endgame kingsideAttack long
2jYX5,r1b3k1/ppp3pp/2n5/3p4/1P6/2P1qN2/P5PP/4RQ1K b - - 1 24,e3c3 e1e8 g8f7 f3e5 f7e8 f1f7 e8d8 f7f8,1985,78,95,7598,discoveredCheck doubleCheck mate mateIn4 middlegame sacrifice veryLong
MCoNx,r1b1k2r/ppp1qppp/5n2/3PN3/1b6/2N5/PP2BPPP/R1BQK2R b KQkq - 0 10,e7e5 d1a4 c7c6 a4b4,1101,83,92,1087,advantage fork opening short
oJe7g,8/1k6/1P3p2/1K5N/7P/3P1rP1/8/8 w - - 0 48,d3d4 f3f5 b5a4 f5h5,1561,79,94,1884,crushing endgame fork short
49Ohb,2kr3r/ppqn1ppp/2p1p3/4N3/3P4/3Q4/PPP2PPP/2KRR3 w - - 6 16,e5f7 c7f4 d3e3 f4f7,1050,75,95,2933,advantage fork middlegame short
RBQCF,3r4/ppp3R1/5p2/3PnN2/8/P6k/1PK5/8 b - - 15 44,d8d5 g7h7 h3g4 f5e3 g4g5 e3d5,1754,77,93,1022,advantage endgame fork long
xXDmD,1n4r1/r3k3/p1p1p3/2N4p/2R2Kp1/P3P1P1/1P3P1P/3R4 w - - 0 28,c4e4 g8f8 f4g5 f8f5 g5g6 f5c5,1368,76,95,14526,crushing endgame fork long
OZuzt,r2qkbnr/pp1npppb/2p4p/8/3PN3/3B1N2/PPP2PPP/R1BQR1K1 b kq - 6 8,g8f6 e4d6,1374,78,92,5956,mate mateIn1 oneMove opening pin smotheredMate
Ty4bk,6k1/p2P1pp1/7p/2B3n1/1P4Q1/3q4/P2r2P1/5RK1 w - - 1 41,c5e7 d3e3 g1h1 e3e7,1462,76,86,753,crushing endgame fork master short
pTZLx,3r1rk1/p4ppp/1p6/q2pP3/1bp3PP/4BN2/PQ3P2/1K1R2R1 w - - 0 23,e3d2 c4c3 b2c2 c3d2,1503,75,90,3444,advancedPawn advantage fork middlegame short
ni51b,4r3/5k1Q/p1br1qp1/1p4p1/2pN4/P4P2/1P4PP/1B1R1K2 b - - 1 41,f6g7 h7g7 f7g7 d4f5 g6f5 d1d6,1782,78,93,1434,advantage attraction discoveredAttack long middlegame
cODgO,6k1/2pn4/1b2p2p/p1p1P1P1/2Pp2q1/5rN1/PP1BQ2P/R5K1 w - - 0 26,g5h6 f3g3 h2g3 g4e2,1367,78,91,1114,crushing discoveredAttack kingsideAttack master middlegame short
NlNGu,6k1/p3b3/1p2pp1B/3n4/1P5p/P2q1BP1/1Q3PK1/8 w - - 0 35,g3h4 d3g6 g2f1 g6h6 f3d5 e6d5,1385,77,94,3151,crushing endgame fork long
d1tw7,N1b2r2/pp1kb1pp/3p4/7B/3N4/P7/4K1PP/2B5 b - - 0 27,b7b6 h5g4 d7e8 g4c8,1027,85,91,1931,advantage deflection middlegame short skewer
6wd3H,6k1/p1p2p1p/1pP3p1/1P2Nbqr/P2Rr3/4P3/5PPP/R1Q3K1 w - - 7 28,d4e4 f5e4 f2f3 g5e5 f3e4 e5h2,1730,80,92,2892,capturingDefender crushing discoveredAttack kingsideAttack long middlegame
y9VtM,2k2r2/ppp5/5r1p/8/2R5/P2p1NP1/1Pn2PKP/3R4 w - - 8 27,d1d3 f6f3 d3f3 c2e1 g2f1 e1f3,1575,75,94,16115,attraction crushing endgame fork long sacrifice
62Dr9,r1bq1rk1/1p1n1pbp/p5p1/2p5/2N1PP2/2PB2BP/PPQ3P1/2KR3R w - - 1 17,f4f5 d8g5 c2d2 g5g3,1388,75,87,774,advantage fork middlegame short
3LQW0,3r2r1/kpp1b3/p1q5/3p3p/8/1Q2PP2/PP3P2/1K1R1B1R w - - 0 26,h1h5 c6g6 f1d3 g6h5,1157,78,85,935,crushing fork middlegame short
jtu59,5rk1/5ppp/2Qp4/4p3/4Pn2/2P1RB1q/PP6/R4K2 w - - 2 33,f1f2 h3h2 f2e1 h2g1 e1d2 g1a1,1419,76,96,28870,crushing exposedKing fork long middlegame skewer
KsDs7,2r2rk1/p4p2/1p2p1p1/4P1Qp/3P3N/7P/PP3RPK/3q4 b - - 0 28,g8h7 f2f7 f8f7 g5g6 h7h8 g6f7,1187,76,95,2138,advantage attraction endgame fork long sacrifice
Mwc8j,8/7p/p3k3/1p2B3/1b3P1P/1P1pN3/P5R1/2r4K w - - 2 46,g2g1 c1g1 h1g1 b4c5 g1f2 d3d2 f2e2 c5e3,1817,77,92,2124,advancedPawn advantage endgame pin veryLong
90Jzv,r4rk1/3qbppp/p7/1p1np1B1/8/4Q2P/PPP1NPP1/R4RK1 w - - 0 16,e3e5 f7f6 e5e4 f6g5,1529,74,96,23667,advantage fork middlegame short
GIwVS,r4rk1/2pq2np/p1b1pBp1/1p2P3/6PQ/3B4/PPP4P/R4RK1 w - - 3 22,f1f2 d7d5 g1f1 d5h1 f1e2 h1a1,1591,74,90,1311,crushing long middlegame skewer
95q2G,r1bqkb1r/pp4pp/2n1pp1n/1B6/4Q2N/8/PB3PPP/RN3RK1 b kq - 0 11,f8d6 b5c6 b7c6 e4c6 d8d7 c6a8,1208,76,93,1312,advantage exposedKing fork long opening
jexMB,r2q1rk1/1p3pb1/p1n2np1/2P1p1B1/3p4/2N1PP2/PPPQ1P2/2KR1B1R w - - 0 14,c3e4 f6e4 f3e4 d8g5,1340,75,96,1984,advantage capturingDefender discoveredAttack opening short
weJu5,2b3r1/8/3k1p2/1pNppP2/pP4B1/b1P2N1R/P1K4P/8 w - - 1 36,h3g3 g8g4 g3g4 c8f5 c2d2 f5g4,1859,79,93,3721,advantage attraction capturingDefender fork long middlegame
ZJMCK,2rq1rk1/1p3ppp/p1nbp3/8/1Pp3b1/PQ2PN2/1B1RBPPP/5RK1 w - - 0 16,b3c4 g4f3 e2f3 d6h2 g1h2 d8d2,1959,80,95,10164,advantage discoveredAttack kingsideAttack long middlegame
WiymX,1r4rk/2qb1Rbn/2p3Qp/3p2P1/1p2P3/2N1B2P/1PP3B1/3R2K1 w - - 3 29,e3d4 g7d4 d1d4 g8g6,1158,77,88,878,crushing discoveredAttack master middlegame short
vwqa3,r1bqk2r/pppp1ppp/5nn1/6B1/1b1NP3/2N5/PPP1QPPP/R3KB1R b KQkq - 8 8,d7d6 e2b5 c8d7 b5b4,1414,76,88,1786,crushing fork opening short
nMiTF,rnbq2nr/ppp1pkbp/3p2p1/8/4P3/3P1N2/PPP2PPP/RNBQK2R b KQ - 2 5,c8g4 f3g5 f7e8 d1g4,1132,79,94,9789,advantage discoveredAttack opening short
WFo6d,r4k1r/p1ppq1pp/1pn1pn2/5PB1/2PP1N1Q/2PB4/P4P1P/2KR3b b - - 4 13,h1f3 f4g6 h7g6 h4h8 f6g8 g5e7,1744,76,93,1820,advantage long master middlegame pin
iRrSA,rn1r3k/ppp1q1bp/5np1/8/2B1pNb1/2N1P1B1/PPPQ1PP1/R3K2R b KQ - 9 15,d8d2 f4g6,1167,76,98,1245,kingsideAttack mate mateIn1 middlegame oneMove pin
WlLRO,5rk1/R4p2/p3p3/3p2B1/3P1K2/r7/5PP1/8 b - - 2 35,g8h7 g5e7 a3a2 e7f8,1348,79,94,16457,advantage endgame fork pin short
N9PuX,rnbqr3/ppp2Nk1/6p1/4b3/8/3B4/PPPQ1PPP/R3K2R w KQ - 1 15,f7d8 e5c3 d3e2 c3d2,1638,76,91,1527,advantage discoveredAttack discoveredCheck middlegame pin short
UZgDP,r6r/1p1k2p1/p1pP1p1p/6n1/4P1q1/3BQ1P1/P4P1P/2R2R1K w - - 7 29,e3b6 g4f3 h1g1 g5h3,1183,81,93,536,fork mate mateIn2 middlegame short
OovVB,2r1qbk1/5p1p/1ppp2p1/p1B2b2/2P1rP2/1P3NPP/P1Q3BK/3RR3 w - - 1 26,g3g4 e4e1 d1e1 f5c2 e1e8 c8e8,1338,76,96,3858,advantage discoveredAttack long middlegame
U15hD,rr1q1k2/5p2/R3p1p1/3pQ2p/1Rp5/2P1P1P1/5PPK/8 b - - 0 34,b8b4 a6a8 d8a8 e5h8 f8e7 h8a8,1880,77,96,12922,advantage endgame long pin skewer
w7f9N,r2r2k1/1p3ppp/p5b1/3N4/3R4/P7/1qP2QPP/5R1K b - - 0 22,d8d6 d5e7 g8h8 d4d6,1365,78,93,826,crushing discoveredAttack middlegame short
upG08,r1bq1rk1/pp1p1p2/2n4p/2b1P1p1/2Bpn3/3Q1NB1/PP3PPP/RN3RK1 b - - 3 12,e4g3 d3g6 g8h8 g6h6,1754,75,93,1062,crushing kingsideAttack middlegame pin short
BGF0w,5b1k/p1R3pp/4N3/4P3/8/3n2PP/r5P1/5K2 w - - 2 32,e6f8 a2f2 f1g1 f2f8,1356,76,93,4104,advantage endgame fork short
k69XH,3r4/2RPk2p/1p2b1p1/1B2b3/1P1pN1P1/7P/5P2/6K1 w - - 5 32,c7b7 e6d5 b7b6 d5e4,1532,75,88,2609,advantage endgame fork short
IGUit,1rb4R/2pk1p2/p3p1p1/2q1P3/4P3/P1NB2KP/1P6/R1B5 w - - 1 24,c1g5 c5e5 g5f4 e5h8,1343,76,95,30751,crushing fork middlegame short
T8npR,8/1P3pkp/Q3b1p1/8/P3n3/6bP/6P1/5K2 w - - 2 36,a6d3 e6c4 d3c4 e4d2 f1e2 d2c4,1163,79,92,4779,attraction crushing endgame fork long pin sacrifice
RNga3,8/3p2r1/2p4k/pp4n1/8/2PBQ2P/P1P1R2K/8 w - - 3 42,e3e5 g5f3 h2h1 g7g1,1653,78,91,2588,arabianMate endgame fork mate mateIn2 short
ptSVM,3r1k1r/p4ppp/2Qbb1q1/8/P7/2N5/1PP2PPP/R1B1R1K1 w - - 5 18,c3b5 e6d5 c6d5 d6h2 g1h2 d8d5,1987,77,92,4002,advantage discoveredAttack kingsideAttack long master middlegame sacrifice
gSCXl,4rrk1/pppq2p1/1b1p3p/3P4/2PP4/6Qp/PP5N/R4RK1 b - - 3 21,e8e2 f1f8 g8f8 g3f3 f8g8 f3e2,1177,80,91,1123,advantage attraction fork long middlegame
Kwtty,r1b2knr/pppp2p1/2n4p/4N3/1q6/2Q5/PP3PPP/RNB1R1K1 b - - 3 13,b4c3 e5g6 f8f7 g6h8,1766,80,93,9519,crushing fork opening short
kDE4p,r3k2r/pppqbppp/2n5/8/1nPpQ3/N4B2/PP3PPP/R1B2RK1 b kq - 4 13,e8c8 f3g4 g7g6 g4d7,1312,76,85,2257,crushing middlegame pin short
E3LdK,2r2rk1/pp3ppp/4p3/1N1p1b2/1n1P3q/2P5/PP2P2P/R1KQ1BNR w - - 1 15,b5d6 h4f4 e2e3 f4d6,1742,77,93,1868,advantage fork middlegame pin short
En4LA,6rk/pp1Q3p/5Pb1/8/3K4/2B1p2P/PP2Bq2/8 b - - 4 31,f2e2 f6f7 e2d3 d4c5 d3c3 b2c3,1708,77,93,851,advancedPawn crushing discoveredAttack discoveredCheck endgame long
u6xS2,6k1/pp1b2pp/2p5/3p2P1/1B1qpr2/P5R1/1P1QB1P1/1RK2r2 w - - 0 32,e2f1 f4f1 c1c2 f1f2,1928,81,93,4414,crushing middlegame pin short
ejU9D,2q2rk1/2r2pp1/p1pR2np/2Q5/1P2P1N1/n1N4P/4RPP1/6K1 w - - 4 27,g4e5 g6e5 c5e5 a3c4 e5c5 c4d6,1579,77,94,11257,crushing fork long middlegame
9OSNC,r4rk1/4bppp/2p1b3/3pP3/p4Q2/2qB1R2/2N3PP/4R2K b - - 1 23,a4a3 d3h7 g8h7 f3c3,1534,76,90,676,advantage discoveredAttack master middlegame short
JC9Ze,5r1k/1p5p/6p1/4p2b/4P3/1qP1BP1P/1P2QP2/R6K w - - 1 29,e3h6 h5f3 e2f3 f8f3 a1a8 b3g8,1144,80,88,744,advantage endgame fork long
OFuyu,r3Q1k1/pp3pp1/2pq3p/3p2b1/3P4/2PB3P/PP3PP1/4R1K1 b - - 2 24,a8e8 e1e8 d6f8 d3h7 g8h7 e8f8,1382,79,97,23645,crushing endgame kingsideAttack long pin
1OH2s,6k1/p4p1p/4p1p1/3n4/6P1/3R1Q2/5P1P/2q3K1 w - - 2 35,g1g2 d5f4 g2g3 f4d3,1112,79,93,819,advantage endgame fork short
BiTeC,r1b3k1/1p4pp/4N3/pP6/2B1n1n1/P7/1r4PP/2KR3R b - - 1 22,c8e6 c4e6 g8h8 c1b2,1864,75,93,1202,advantage fork middlegame short
hnd5J,4k1r1/1p4p1/p2Qp3/3bP3/P1P2ppq/1P1B2N1/3P1KPr/4R1R1 w - - 0 33,c4d5 h4g3 f2f1 g3d3,1480,77,93,2542,advantage fork master middlegame short
mNV8M,3r3r/p4kb1/1p4pp/4p3/1Rn1N3/5PB1/P4PKP/5R2 b - - 1 22,d8d4 b4c4 d4c4 e4d6 f7e6 d6c4,1381,76,94,2361,advantage attraction fork long middlegame sacrifice
sLPUJ,3kr3/2qn1Qbp/pp3pp1/2p4n/2P5/1P6/P4P1P/1KBR3R b - - 3 25,f6f5 c1g5 g7f6 g5f6 h5f6 f7f6,1409,75,95,35462,advantage exposedKing long middlegame pin
lfLLn,r1bqk2r/pppp1pp1/2n2n2/2b1p1N1/2B1P3/2NP4/PPP2PPP/R2QK2R b KQkq - 0 7,d7d6 g5f7 f6g4 f7d8,1715,77,91,2867,advantage attackingF2F7 fork opening short
QDGxL,r4rk1/pR3Nbp/2p1Q1p1/4p2n/4P2P/5N2/P1q3P1/5R1K b - - 7 28,h5f4 f7h6 g8h8 e6g8 f8g8 h6f7,1307,79,89,2894,discoveredCheck doubleCheck kingsideAttack long mate mateIn3 middlegame sacrifice smotheredMate
lrYtI,2r3k1/2P2ppp/4p3/1pR5/8/3P3P/5PP1/6K1 b - - 2 34,b5b4 c5b5 g8f8 b5b8 f8e8 b8c8,1542,75,87,1022,crushing endgame long pin rookEndgame
k6krI,4r1k1/5qb1/4b2p/4p3/3p3N/1P1Q4/N1P2PPP/2R3K1 w - - 2 36,a2b4 f7f4 c1e1 f4h4,1737,78,90,1512,advantage fork middlegame short
9j6gY,3rr2k/6pp/p4n2/1p2n3/1q1p4/3P2P1/P4PBP/B1RQR1K1 w - - 4 27,d1b3 e5f3 g2f3 e8e1 c1e1 b4e1,1780,80,93,4685,crushing discoveredAttack kingsideAttack long middlegame
E7COR,r4rk1/pb3ppp/p7/3pB1Q1/4p3/8/PqP2PPP/R3K2R b KQ - 1 15,b2b4 c2c3 f7f6 e5f6,1682,79,94,15506,crushing defensiveMove middlegame pin short
B2wjv,4r1k1/1p3pbp/pP4p1/P4p2/2rP4/1QNbqP1P/4N1P1/4RR1K b - - 0 23,e8c8 c3d5 e3d2 d5e7 g8h8 e7c8,1704,74,93,915,crushing fork long middlegame
4e7IB,5rk1/ppp1q1p1/3p2Q1/n2Pp1p1/8/2P1P2R/PP4PP/6K1 b - - 5 20,e7f6 g6h7 g8f7 h3f3 f6f3 g2f3,1554,75,96,4233,advantage endgame long pin
ByWbj,6r1/4p1k1/p2p1qP1/2pP4/2p1PR2/6Q1/P2r4/5RK1 b - - 0 30,f6g6 f4g4 g6g4 g3g4 g7h7 f1f7 h7h8 f7f8,1898,76,92,1013,crushing endgame exposedKing pin veryLong
gKvD6,r2qr1k1/pp3pbp/2p3p1/3p4/3Pn3/2NQPN1P/PP2RPP1/4R1K1 w - - 6 17,c3e4 d5e4 d3c2 e4f3,1199,75,87,599,crushing fork middlegame short
h8E43,3r1rk1/p5pp/2p1q3/5p2/5P2/B2nPB2/P5PP/R3QRK1 w - - 2 25,e1c3 e6e3 g1h1 d3f2 f1f2 e3c3,1254,77,93,4411,advantage discoveredAttack kingsideAttack long middlegame
XWsX7,8/p4ppk/7p/8/b3NP2/P2Q3P/6PK/1nq5 b - - 3 39,c1d1 e4f6 h7h8 d3h7,1784,76,95,3330,discoveredCheck doubleCheck endgame mate mateIn2 short
3wgOV,7r/4Q2p/p3p3/1pBbP3/1k6/8/2q2PPP/R5K1 b - - 0 31,c2c5 a1b1 d5b3 b1b3 b4b3 e7c5,1381,75,93,543,advantage deflection endgame long master pin
3tJ9H,r4k2/ppp4r/2n1pB2/7p/3qP1pP/8/PPP3P1/RN1QK2R b KQ - 0 14,d4f6 h1f1 f6f1 e1f1,1103,74,95,12496,crushing middlegame pin short
4rP5F,r1b2rk1/pp4bp/2pp2p1/3Pq3/4p3/2N4P/PP1BB1P1/R3Q1KR w - - 0 19,e2c4 e5d4 d2e3 d4c4,1113,81,93,5542,advantage fork opening short
cDE5m,5r2/2bq3k/2p3pp/pp1p4/3P1RN1/PPN1Q2P/2P3P1/6K1 b - - 0 31,f8f4 e3f4 c7f4 g4f6 h7g7 f6d7,1350,75,100,659,advantage endgame fork long sacrifice
kEQZt,r4rk1/p1p1qppp/4b3/n3p1N1/2P1Q3/P1P1B3/P5PP/R4RK1 b - - 2 17,f7f5 e4e5 a5c4 e5e6 e7e6 g5e6,1982,76,89,951,advantage fork long middlegame
9nwbH,r4rk1/ppq3pp/2pbpp2/7b/3PpPN1/1P2P1R1/PBP3PP/R2Q2K1 b - - 1 17,f6f5 g4h6 g8h8 d1h5,1655,76,89,5645,crushing discoveredAttack kingsideAttack middlegame pin short
7rT41,8/4R1pk/7p/8/8/4p1P1/r3rPKP/5R2 w - - 0 46,g2g1 e3f2 g1g2 e2e7,1555,76,92,2390,advancedPawn crushing discoveredAttack endgame master masterVsMaster rookEndgame short
yoOtD,r1bqk2r/1p2bpp1/p3p2p/8/3nBQ2/5N2/PPP2PPP/R1B2RK1 w kq - 1 13,c1e3 d4e2 g1h1 e2f4,1050,83,91,1147,crushing fork middlegame short
dT4hw,r2q1rk1/pp3p2/4bbpp/3Np3/4P3/5P1P/PPPQ4/2KR1B1R w - - 0 16,d2h6 f6g5 h6g5 d8g5,1025,75,100,503,advantage fork master middlegame short
Y2gTK,r2r4/pp3pkp/2p1bNp1/4P3/7R/P7/1P4PP/5RK1 b - - 3 25,d8d2 h4h7 g7f8 h7h8 f8e7 h8a8,1176,75,100,822,crushing endgame long skewer
w6wgr,r3kbnr/pbpp1ppp/1p3q2/4p3/2B1P3/2P1Q3/PP1P1PPP/RNB2RK1 w kq - 2 8,f2f4 f8c5 d2d4 e5d4,1351,73,93,19908,advantage opening pin short
qGW63,r1bq1b2/2p2p1k/p2p1n1p/1p1P1P1r/5Q1P/P1N5/1PP1B3/2KR3R b - - 2 21,h5f5 e2d3 h7h8 d3f5,1348,73,96,7522,advantage middlegame pin short
lyeRL,7r/2kr2pp/p1n2p2/2B1p3/8/1R6/P1P3PP/1R4K1 b - - 2 26,h8d8 c5b6 c7c8 b6d8,1672,79,95,11551,advantage endgame short skewer
YROFQ,r2qkb1r/2pp1ppp/n3P3/8/4n3/5N2/PP3PPP/RNBQK2R b KQkq - 0 9,d7e6 d1a4 d8d7 a4e4,1314,80,91,1411,advantage fork opening short
KUzWC,r2qr1k1/1p3ppp/p1nb1n2/4P3/5P2/P1Np1Q1P/1PP3B1/R1BK3R w - - 0 17,e5f6 d3c2 d1c2 c6d4 c2b1 d4f3,1656,75,97,5575,advancedPawn advantage attraction fork long opening
j4LOE,4N3/p1Q3bk/6pp/4p2n/6P1/4B3/P1P2K1P/3q4 b - - 0 33,d1g4 c7g7 h5g7 e8f6 h7h8 f6g4,1819,74,95,7214,crushing endgame fork long sacrifice
LYiox,N1bk2nr/pp1p1ppp/8/2q1b3/8/P5P1/2PBPP1P/R2QKB1R w KQ - 1 15,d2b4 e5c3 b4c3 c5c3 d1d2 c3a1,1092,79,90,519,advantage deflection fork long middlegame
2y2wy,r2qk1nr/ppp2pp1/7p/2p1p3/2BnP1Q1/2NP3P/PPP2P2/2KR3R b kq - 3 13,d8f6 c3d5 f6g5 g4g5 h6g5 d5c7 e8d7 c7a8,1409,75,94,3629,crushing fork middlegame veryLong
2XMcr,6k1/1pp3Bp/1p4p1/3pP3/3n1N1P/6PK/PP1Q4/7q w - - 1 27,h3g4 h7h5 g4g5 d4f3 g5f6 f3d2,1795,76,93,3725,crushing endgame fork long
pRo23,6k1/1p6/p2q1n2/P1pP1b2/3b1p2/2N2BKP/1P1Q4/4R3 w - - 0 35,d2f4 d4f2 g3f2 d6f4,1772,75,96,2408,crushing deflection middlegame pin short
pWPhr,r1r3k1/4p2p/3p3P/1N1Pn3/P2Q1Pq1/R1p5/1P3P2/5K1R w - - 0 28,h1g1 g4g1 f1g1 e5f3 g1g2 f3d4,1444,78,93,10045,attraction crushing fork long middlegame sacrifice
R5flL,8/4K1k1/5pp1/1p6/b1p3Q1/P1P5/1P6/5r2 w - - 2 48,g4d4 f1e1 e7d7 e1d1 d4d1 a4d1,1555,74,100,1198,crushing endgame long pin
XlEsZ,1nkr3r/1ppN2pp/p3pp2/n7/3P4/1Q1BPP1P/PP3P2/2R2RK1 b - - 0 19,a5b3 d7b6,1118,75,100,641,mate mateIn1 middlegame oneMove pin
j7DCq,2rq1r1k/p3pp1P/1pp5/1n1p4/N2bP1bQ/BP1P3P/P5P1/2R2R1K b - - 2 22,g4e6 a3e7 d8e7 h4e7,1389,77,93,935,advantage fork middlegame short
nyeiQ,R7/2pk1p2/5Bp1/3P3p/1b5P/p2K2P1/r4P2/8 b - - 2 35,d7d6 a8d8 d6c5 f6e7 c5b5 d8b8,1603,81,95,17647,advantage endgame exposedKing long master skewer
OLY8G,r4rk1/5p1p/p1Q3p1/1p1P4/1P5R/3Bq2P/P5P1/5R1K w - - 4 30,f1f3 e3e1 f3f1 e1h4,1269,78,93,2241,advantage fork middlegame short
38n43,R2R1nk1/8/2p5/8/2ppP3/3P2P1/KP3q1P/8 b - - 5 42,c4d3 d8f8 f2f8 a8f8 g8f8 a2b1 d3d2 b1c2,1599,77,95,6224,crushing endgame exposedKing fork veryLong
wrKGS,8/R4p2/6p1/2p2k2/P1Pn4/2R2P2/1K3r2/8 w - - 5 44,b2c1 d4e2 c1b2 e2c3,1177,78,93,1230,advantage discoveredAttack discoveredCheck endgame fork short
oEPfP,4r3/6pk/3B2qp/8/8/2P2Q1b/P4PPP/4R1K1 w - - 5 32,e1d1 h3g4 f3g3 g4d1 g3g6 h7g6,1760,74,86,632,advantage endgame long skewer
27hDo,1r1q1rk1/6p1/p3pP2/1p1b3Q/3P3R/2P5/P5PP/R5K1 b - - 0 22,d8f6 h5h7 g8f7 a1f1,1580,74,98,3130,advantage middlegame pin short
K23FP,r2k3r/p2n1p1p/4b2B/1Bp5/Kp1Pn2q/5Q2/PPPN3P/R6R b - - 4 19,e4d2 f3a8 d8e7 a8h8,1123,87,92,707,crushing hangingPiece middlegame short skewer
h8fn0,4r3/pp3kp1/4pr2/3pRP1p/2pP4/P1P2KPP/2P5/4R3 b - - 0 31,f6f5 e5f5 e6f5 e1e8 f7e8 f3f4 h5h4 g3h4,1221,78,91,965,advantage discoveredAttack endgame rookEndgame veryLong
fEyxQ,2k3r1/1bb2p2/5p2/1QP4p/1P5N/4pPPq/4B2P/3R2K1 w - - 1 32,c5c6 g8g3 h2g3 h3g3 h4g2 g3h2 g1f1 h2h1,1718,75,96,11871,fork mate mateIn4 middlegame sacrifice veryLong
aeZcR,R7/6pp/1N6/2n4P/2PkP1P1/5K2/2bb4/8 w - - 7 48,e4e5 c2e4 f3e2 e4a8,1674,76,94,6414,crushing endgame fork master short
GAVM6,r5kn/ppp2bpp/3p4/5PPn/8/2QB3N/qPP5/2K1R3 b - - 0 26,a8e8 e1e8 f7e8 d3c4 a2c4 c3c4,1493,76,93,3649,crushing fork long middlegame
OTF66,2kr1b1r/pppq1ppp/6n1/3P4/4Q2P/2N2P2/PPP5/2KR1B1R b - - 2 15,f8d6 f1h3 d7h3 h1h3,1556,77,94,15564,crushing middlegame pin short
PeOx9,rn1qnr1k/ppp1b1pp/3p4/4pb2/2B5/2PP1N1P/PP1N1PP1/R1BQ1RK1 w - - 0 10,d2e4 d6d5 c4b3 d5e4,1534,77,88,1147,advantage fork opening short
8VKDZ,r3k3/pppq1pr1/2np1Q1p/4p1pb/4P3/P1P5/BPPB1PPP/3R1RK1 b q - 0 16,g7g6 f6h8 e8e7 h8a8,1160,78,93,4443,crushing middlegame short skewer
dzLRN,8/kp5p/pn2Q3/2N5/8/PKN2q2/2P5/8 w - - 4 34,e6e7 f3c3 b3c3 b6d5 c3d3 d5e7,1582,75,98,4056,advantage attraction endgame fork long sacrifice
l1bWb,r1bqk2r/pp3pbp/2n1pnp1/1B1p2B1/3P4/2N2N2/PP2QPPP/R3R1K1 b kq - 5 14,d8b6 g5f6 g7f6 c3d5,1957,73,95,14766,crushing middlegame pin short
shsAS,1k5r/2p3pp/3b4/Pr2pP2/6P1/1P1Q2R1/1B1P1P1P/R2K3q w - - 1 33,d1c2 b5c5 b2c3 h1a1,1491,80,97,34137,advantage middlegame pin short
y4KzR,5r1k/p1p1Rp2/1p1p4/3P2Q1/2P4N/1P4pq/P4P2/6K1 w - - 2 31,g5g3 f8g8 h4g2 g8g3,1360,76,86,971,advantage endgame pin short
VPUyY,r2q1rk1/p1p2p2/2p3p1/7p/1b1p1QPn/4P3/PBPP1P2/RN2K2R w KQ - 0 17,g4h5 h4g2 e1d1 g2f4,1035,81,92,521,crushing fork middlegame short
APle3,3r1rk1/Np4p1/5q1p/4p3/1P4Q1/P1Bn4/5PPP/R2R2K1 w - - 4 26,f2f3 f6b6 c3d4 d8d4,1858,76,92,2275,crushing fork middlegame short
KZFAj,5B1k/prp3pp/2q1bp2/3p4/8/2P1Q3/P4PKP/RN3R2 w - - 1 23,b1d2 d5d4 e3e4 e6d5 f2f3 d5e4,1230,77,92,783,clearance crushing discoveredAttack discoveredCheck long middlegame pin
0V9r5,7b/Q2BBp1k/1p2P1p1/7p/8/8/P4RPP/3q2K1 w - - 1 25,f2f1 h8d4 g1h1 d1f1,1186,81,93,711,deflection endgame mate mateIn2 pin short
FUWKN,4r1k1/ppp2p1p/6pb/8/8/1PPBnP2/PBN2q2/RK1Q4 w - - 10 25,c2e3 e8e3 a2a3 e3e1 d1e1 f2e1,1650,74,95,18433,crushing long middlegame pin
Rb32V,4r1k1/pp3p2/8/2nP2pp/2PN4/3prPK1/P2R2PP/R7 w - - 0 27,h2h3 c5e4 g3h2 e4d2,1465,75,98,4267,crushing endgame pin short
WD0nN,7k/6rp/P2p2nq/5Q2/8/3P2PP/5PK1/1B3R2 w - - 3 34,b1a2 g6h4 g2g1 h4f5,1391,75,97,9407,advantage endgame pin short
N8tLU,r4rk1/ppp2pp1/1bnp4/4p1qp/Q3Pn2/2P2B1P/PP1P1PPN/R1B2RK1 w - - 2 16,a4d1 f4h3 g1h1 h3f2 f1f2 b6f2,1400,74,95,20365,crushing deflection fork long middlegame pin
xKbxw,r5k1/2R2p1p/N1Pqp1p1/1Qnp4/8/7P/5PP1/6K1 b - - 1 31,a8a6 b5b8 d6f8 c7c8 f8c8 b8c8,1849,75,100,632,advantage endgame long pin
5CVSd,8/k1p4p/1p2PP2/5Q2/K1q5/1R6/P7/8 w - - 3 61,b3b4 c4a2 a4b5 a2a5 b5c4 a5f5,1743,80,94,18317,advantage endgame long skewer
LVy4n,r6k/1p2qr1n/1p1p1pBQ/nPp1p3/4P2B/P2P1b1P/2P2P1K/6R1 b - - 5 28,f7g7 g6h7 g7g1 h4f6 e7f6 h6f6,1787,74,95,3482,advantage exposedKing fork long middlegame
E22Jk,r1bk3q/pppp4/5n2/5Q2/8/5P2/PPPPn1PP/R1B2R1K w - - 1 18,b2b3 e2g3 h1g1 g3f5,1189,83,94,1084,advantage middlegame pin short
ZgwAD,8/p5R1/k5Kp/8/1B4r1/2P1n3/P7/8 w - - 3 46,g6h6 e3f5 h6h5 g4g7,1377,76,97,2874,advantage deflection endgame fork short
2Pnaa,r1b2rk1/1pq1npp1/1pp4p/1N6/2B5/8/PP1Q1PPP/2R1R1K1 b - - 3 17,c6b5 c4f7 f8f7 c1c7,1223,79,93,509,crushing discoveredAttack middlegame short
Zemo8,rn1k3r/1p4p1/pq1bb1B1/3p3p/5Bn1/2N5/PPP1QPPP/R2R2K1 w - - 0 16,e2e6 b6f2 g1h1 f2f4 e6d6 f4d6,1602,78,90,2832,crushing fork long middlegame
dRWVH,6k1/p3rp1p/1p3Qp1/2p5/8/4q2P/PPP3P1/3R3K b - - 1 28,e3e6 d1d8 e7e8 f6e6,1340,79,94,24903,advantage endgame pin short
KKH62,4r1k1/pp4pp/1bp2n2/3p1p2/1P1P1P2/P1N3P1/3N1B1P/R5K1 w - - 0 24,a1e1 e8e1 f2e1 b6d4 e1f2 d4c3,1165,76,95,2269,advantage fork long middlegame
gFe1V,5bk1/2N2p1p/2p2Pp1/2q3B1/2Pr4/3Q2nP/R5P1/1R4K1 w - - 0 31,d3g3 d4d1 g1h2 c5g1,1768,84,92,663,discoveredCheck doubleCheck mate mateIn2 middlegame short
glaP2,6rk/pR4p1/3Q4/3P4/2P4p/1P5P/P4qP1/7K w - - 0 32,d6h2 g8e8 h2g1 e8e1 g1e1 f2e1,1806,75,93,1297,advantage endgame long pin quietMove
VrVuo,5bk1/p4ppp/1p1p2q1/3Bn3/2bQ4/8/5PPP/R3R1K1 w - - 6 28,d5c4 e5f3 g1h1 f3d4,1229,75,99,1004,advantage master middlegame pin short
jn8nF,r1bq3k/ppp1nQp1/2np3p/8/2B1P3/2N5/PP3PPP/R3R1K1 w - - 1 14,c4d3 c6e5 f7b3 e5d3,1157,76,95,5688,advantage fork middlegame short
YsgkQ,8/6pp/1bk1p3/1N2p3/3P4/1P2K1P1/1P5P/8 w - - 3 34,b5c3 e5d4 e3e4 d4c3,1346,75,86,603,advantage endgame fork short
6bEA3,5Q2/p1p5/1pk1p3/5P2/1PPpP3/4q2r/P4R2/1R4K1 w - - 8 29,b4b5 c6b7 f8g8 h3g3 g8g3 e3g3 f2g2 g3e3,1407,77,86,619,advantage endgame exposedKing fork veryLong
gXYSd,2r1k1nr/2qn1ppp/1p2p3/pP1pP3/Pb1P4/3QB3/3NNPPP/R3K2R w KQk - 3 14,a1c1 c7c1 e2c1 c8c1 e1e2 c1h1,1202,76,92,2284,advantage long middlegame skewer
A4UpI,rn3rk1/1p2n1pp/p2qbp2/4p3/3pP3/1P1B1N2/PB1P1PPP/R1Q2RK1 b - - 1 13,b8d7 b2a3 d6b6 a3e7,1451,74,96,17186,crushing middlegame short skewer
29e9Z,6k1/prp1q1r1/3p1p1Q/4nP2/4P3/1P1R2R1/P5PP/6K1 b - - 5 26,c7c5 g3g7 e7g7 d3g3,1507,74,87,506,advantage fork middlegame pin short
8BOOh,2kr3r/2q2pQ1/1np1p3/pp1pP2N/3P2Pp/7P/PPP2P2/R4RK1 w - - 3 23,b2b3 d8g8 g7f6 h8h5,1657,75,93,2013,advantage middlegame pin short
zf2WU,rnbqk1nr/pppp2pp/5p2/4N3/1b2P3/2N5/PPPP1PPP/R1BQKB1R b KQkq - 0 4,b4c3 d1h5 g7g6 e5g6 h7g6 h5h8,1460,76,94,27099,crushing long opening pin trappedPiece
QQJTO,6QR/5p2/6kp/5qp1/p7/5P1P/P1r3P1/7K b - - 3 55,g6h5 g2g4 h5h4 g4f5,1940,75,88,705,crushing endgame fork master short
Nlqj4,5rr1/1pk5/p3p1pp/2qnPB2/P7/8/1P2Q1PP/3R1R1K b - - 0 29,g6f5 d1c1 c5c1 f1c1,1266,76,87,584,advantage middlegame pin short
K6NNR,2r1k1r1/pp1bnp1p/2n1p2Q/3pP3/3P4/P1Bq1P2/4N1PP/2R1KB1R w K - 3 16,e2f4 d3e3 f4e2 e3h6,1386,77,96,2045,crushing fork master masterVsMaster middlegame short
uFitN,6k1/5pp1/7p/2rp4/P7/3pP2P/5PP1/R5K1 w - - 0 36,a4a5 d3d2 a1d1 c5c1 g1f1 c1d1,1083,79,89,1135,advancedPawn crushing endgame long pin rookEndgame
YInlP,4r1k1/5ppp/1p1p4/p1pPq3/2P5/1P5P/P2Q1PP1/1R4K1 w - - 0 23,g1f1 e5h2 f2f3 h2h1 f1f2 h1b1,1308,73,95,4308,crushing endgame long skewer
spv82,3rq2k/3P2pp/4Pr2/p2Q4/1p6/7P/6P1/2R4K b - - 0 38,e8e6 d5e6 f6e6 c1c8 e6e1 h1h2 g7g6 c8d8,1457,78,91,1424,crushing endgame master pin veryLong
sFuLM,2r2r1k/1Q1R2pp/1b2Bp2/p3pN2/4Pn2/5N2/Pq3PPP/5RK1 w - - 1 28,d7g7 b2f2 f1f2 c8c1 f3e1 c1e1,1940,83,92,2966,kingsideAttack long mate mateIn3 middlegame pin sacrifice
NSTAe,6k1/p2q1pp1/Pnp1p2p/5P1P/2Nb4/8/r2B1PBQ/2R3K1 w - - 1 39,c4b6 d4f2 g1h1 d7d2,1777,77,93,955,advantage discoveredAttack kingsideAttack master middlegame short
fNZkb,r6k/3q1p2/pp3n1N/3bp3/7P/2PQPP2/PP6/2K3R1 b - - 0 28,d5f3 d3d7 f6d7 h6f7 h8h7 f7g5 h7g6 g5f3,1668,75,96,7141,advantage capturingDefender discoveredAttack discoveredCheck exposedKing fork middlegame veryLong
osOKH,rn2kb1r/pp2ppp1/2bq4/2p5/3P3N/2P3P1/PP2BP1n/RNBQ1RK1 w kq - 0 11,g1h2 h8h4 h2g1 h4h1,1099,79,94,622,mate mateIn2 opening operaMate pin short
ZOd7i,r6k/5pp1/1p3pp1/4q3/2P3R1/1P3Q1P/5PP1/r2R2K1 w - - 2 30,f3d3 a1d1 d3d1 a8a1 d1a1 e5a1,1155,76,100,723,clearance crushing endgame long pin
49NXE,5rk1/2p3pb/B1p3qp/3Pp3/3n4/3N1P2/1PP2RP1/4Q1K1 b - - 0 27,d4f3 f2f3 f8f3 d3e5 g6g3 e5f3 g3e1 f3e1,1186,88,93,1744,advantage attraction fork middlegame veryLong
L1fnU,r6k/pp4pp/2n2q2/3p3Q/4nN2/4P1P1/PPP4P/RN3K2 b - - 2 19,f6b2 f4g6 h8g8 h5d5,1140,76,93,4402,kingsideAttack mate mateIn2 middlegame pin short
AVmD2,8/1p6/1kp4p/5B2/1r6/p5P1/4KP2/3R4 w - - 0 53,f5e6 b4e4 e2d2 e4e6,1171,84,94,668,advantage endgame fork short
x7Ts8,5rk1/2R5/P6p/6p1/3Pp3/2P1P2P/1q3r1B/R5QK w - - 3 36,c7b7 f2h2 g1h2 b2a1 h2g1 f8f1 g1f1 a1f1,1515,76,97,9111,crushing deflection exposedKing middlegame pin veryLong
U4oYZ,rn2k2r/pp2ppq1/2pp4/4n3/1P1NPR2/P3Q1Pp/2P1B2P/5R1K b kq - 2 24,f7f6 d4e6 g7f7 e6c7 e8d7 c7a8,1442,78,94,8931,crushing fork long middlegame
0Msw7,4r1k1/1p1q1bp1/p4p1p/3p2n1/3B1QP1/2PB1P2/PP4P1/5RK1 w - - 6 25,g2g3 g5h3 g1g2 h3f4,1001,80,87,1050,crushing fork middlegame short
y7O8d,r1b2rk1/ppp2ppp/3q1n2/6B1/3P4/3B4/P1P2PPP/R2QR1K1 b - - 6 13,d6d4 d3h7 f6h7 d1d4,1184,77,92,1320,crushing discoveredAttack kingsideAttack middlegame short
Ektkq,5k2/8/4Qpbp/5N2/1P1P4/2K1PP2/8/q7 w - - 4 42,c3d3 g6f5 e6f5 a1b1 d3c4 b1f5,1916,75,100,603,crushing endgame long skewer
Aafgj,r2k4/pbpp1B1p/1p3p1B/8/8/5PK1/P1r4P/4R3 b - - 1 20,c7c6 e1e8 d8c7 h6f4 d7d6 e8e7 c7d8 e7b7,1556,78,95,23875,advantage deflection endgame skewer veryLong
SkP2l,r1b2rk1/pp2b1p1/1q1Np2p/3nPp1Q/6R1/5NP1/PP1R1PBP/6K1 w - f6 0 23,e5f6 d5f6 h5g6 f6g4,1790,76,88,537,advantage fork master middlegame short
n94uE,3rr1k1/p4ppp/4q3/4PN2/P5Q1/4P2P/6P1/5RK1 b - - 2 29,e6e5 f5h6 g8h8 h6f7,1365,76,94,8676,crushing deflection endgame pin short
xJcer,3r2k1/6p1/1p3p1p/nB6/P7/5P1P/6P1/4R2K b - - 1 36,a5b3 b5c4 g8f8 c4b3,1259,75,86,2435,crushing endgame fork short
fTlbs,r7/p2R1pkp/b1p1p1p1/P7/1P3PN1/6KP/6P1/R1B2qb1 b - - 2 28,h7h5 c1b2 g7f8 a1f1,1430,74,90,2339,advantage discoveredAttack middlegame short
6aZcP,1k4rr/pp6/2q5/2P1Rp2/3Q4/3P4/P6P/R6K w - - 1 30,d4d5 h8h2 h1h2 c6h6,1404,76,95,4733,attraction endgame mate mateIn2 pin sacrifice short
lnDJE,r1b1k2r/ppp3p1/2nb3p/3pqp2/N5P1/7R/PPPBBNK1/R2Q4 b kq - 0 22,f5g4 h3e3 e8g8 e3e5,1628,75,91,1801,crushing middlegame pin short
QtdsY,rn2kb1r/pb1p1ppp/5q2/4p3/2p1Pn2/2P2N2/PPB1QPPP/RNB2R1K w kq - 2 12,e2c4 b7a6 c4b3 a6f1,1538,74,96,28229,advantage opening short skewer
uk4Y9,1R6/3r1pk1/3p2p1/4p3/3r2Pn/5P1P/1Q5K/8 w - - 1 46,b2f2 d4d2 f2d2 h4f3 h2g2 f3d2,1472,75,96,34485,attraction crushing deflection endgame fork long pin sacrifice
LiypJ,r4q1k/pQ4pp/2p1b3/2bp4/4r3/1B1P4/PPP2PPP/R1B2RK1 w - - 1 16,b7c6 f8f2 f1f2 e4e1,1681,75,95,1878,kingsideAttack mate mateIn2 middlegame pin sacrifice short
uWS94,5rk1/5ppp/3ppq2/8/nP6/2n2P2/2B2P1P/Q1B1R1K1 w - - 1 23,c2a4 c3e2 e1e2 f6a1,1383,79,92,820,crushing discoveredAttack master middlegame pin short
AMSCY,5k2/1n4p1/2p3P1/p4b2/Kp3N2/1P3B2/P3R2P/2r5 w - - 6 43,f4e6 f5e6 e2e6 b7c5 a4a5 c5e6,1090,78,93,852,advantage attraction endgame fork long
3eOdZ,2r2q1k/1p6/p3b1Bp/3p1p2/4pP1Q/8/PPP5/2K4R b - - 4 30,c8c6 h4g5 h8g8 h1h6,1827,78,93,3962,crushing discoveredAttack endgame pin short
THN40,r1bq1rk1/pp1nbppp/7R/3NP3/2B2P2/6Q1/PPP3PP/1K5R b - - 0 19,d7c5 d5f6 e7f6 e5f6 d8f6 h6f6,1717,75,90,622,advantage kingsideAttack long middlegame pin
LHSKi,rk3r2/pp1B1pp1/5n1p/3Rq3/8/BP6/P4PPP/3Q2K1 b - - 0 22,e5d5 a3d6 d5d6 d1d6,1280,79,93,1713,fork mate mateIn2 middlegame short xRayAttack
SGeS8,b2r3k/5Qpp/p3p3/1p1nP3/2p5/2P3Pq/PPB2P1P/3R1RK1 w - - 1 24,d1d4 h3g2 g1g2 d5f4 g2g1 f4h3,1976,78,92,929,attraction discoveredCheck doubleCheck kingsideAttack long mate mateIn3 middlegame sacrifice
NhR7t,8/1B1R2k1/1p2p1p1/3n3p/2q4P/5N2/5PP1/6K1 b - - 1 30,g7f6 d7f7 f6f7 f3e5 f7f6 e5c4,1565,74,95,16869,advantage attraction endgame fork long sacrifice
Kv94x,8/5p2/p4B2/5pPk/1P3P2/3p1K1P/4r3/8 b - - 2 48,h5h4 g5g6 h4h3 g6f7,1126,80,85,587,advancedPawn crushing discoveredAttack discoveredCheck endgame short
8ZnFa,r2q1rk1/1p2bpp1/3p3p/nN2p1nP/P7/B2QPN2/3P1PP1/R3K2R w KQ - 4 17,e1e2 e5e4 d3d5 e4f3,1404,75,88,996,advantage fork middlegame short
SnxlR,rn1r2k1/pQp2ppp/8/2b5/3q4/8/PPP2PPP/RNB2RK1 w - - 1 12,b7a8 d4f2 f1f2 d8d1,1322,74,96,10897,clearance kingsideAttack mate mateIn2 middlegame pin sacrifice short
pzFlj,r2r2k1/pp3pp1/2pqp1p1/P1n5/3PP3/7P/1PP1B1P1/R2Q1RK1 w - - 1 19,d4c5 d6c5 f1f2 d8d1,1151,76,94,14609,crushing discoveredAttack middlegame short
fjbNK,rn3rk1/pp3b1p/2p1Q3/1qb2pp1/2N3n1/1P3NP1/PBP2PBP/R4RK1 w - - 2 18,e6f5 c5f2 f1f2 b5f5,1631,75,88,505,advantage discoveredAttack kingsideAttack middlegame short
H1txL,rb1qb1k1/1p3ppp/p2Pr3/2P1p3/1P6/3P1QP1/P5BP/R1B2R1K w - - 1 22,g2h3 e8c6 f3c6 b7c6 h3e6 f7e6,1625,75,87,697,advantage long middlegame pin
q5oTx,1k1r2nr/p1pq2p1/Q1pb1p2/N2p4/3P4/2P1P1Bb/PP6/RN2K1R1 b Q - 5 20,d7c8 a5c6 b8a8 a6a7,1179,75,96,4558,fork mate mateIn2 middlegame short
jScE7,rnbqkb1r/p2p1ppp/4p3/1B1pP3/3P4/8/PPP2PPP/R1BQK1NR w KQkq - 0 7,g1f3 d8a5 c2c3 a5b5,1106,76,97,2659,advantage fork opening short
xSFom,7r/4kppp/2p1b3/p1bn4/5B2/P4P2/1PP1N1PP/2KN3R w - - 2 16,d1c3 d5f4 e2f4 c5e3 c1b1 e3f4,1478,76,96,1972,advantage fork long middlegame
wtEaW,3rR1k1/p2q1rpp/7B/1ppBQP2/3p4/3P3P/PPP3P1/6K1 b - - 2 25,d8e8 e5g7,1487,85,89,6347,endgame kingsideAttack master mate mateIn1 oneMove pin
zTf4P,8/2kn1p2/p1pr2pp/P7/3PBPP1/3KP2P/1R6/8 w - - 1 44,h3h4 d7c5 d3c4 c5e4,1119,75,97,961,advantage deflection endgame pin short
0W855,r1bqk2r/p4ppp/2pb4/3np3/8/2N2P2/PPPB2PP/R2QKB1R w KQkq - 2 10,f1c4 d8h4 g2g3 h4c4,1371,80,93,5366,crushing fork master opening short
30oMY,r2q1rk1/pp4pp/3p1b2/2pNpP2/4P3/5P2/PPPB2QP/3K2R1 b - - 3 19,f8f7 d5f6 d8f6 d2g5 f6g5 g2g5,1477,77,96,8358,advantage kingsideAttack long middlegame pin trappedPiece
Pe7We,7r/1k4q1/p7/2B1np2/1P6/3p4/4QPPP/2R4K w - - 0 40,e2e3 h8h2 h1h2 e5g4 h2g1 g4e3,1496,75,95,5392,advantage attraction endgame fork long sacrifice
CNyfe,4r1k1/1b3pp1/p1q1P2p/1pr4Q/8/1B6/P1PR2PP/4RK2 b - - 0 25,c5h5 e6f7 g8h7 f7e8q h5f5 f1g1 c6e8 e1e8,1901,75,95,13534,advancedPawn crushing fork middlegame promotion veryLong
Jjzym,3Q4/pp3ppk/7p/8/3nb3/1B2q2P/PPP3P1/3R3K w - - 6 31,d8d4 e3h3 h1g1 h3g2,1287,84,93,1492,endgame mate mateIn2 pin short
34M5J,2kr4/ppp2p2/5P2/2b1n2Q/8/2P5/PP1p2PP/3K4 b - - 0 30,e5c4 h5g4 d8d7 g4c4,1674,74,97,902,advantage endgame fork short
QlY5n,r3k3/1b1p2p1/pq1bp2n/7p/2B5/2N2N1P/PPP1Q1P1/R4R1K w q - 0 21,b2b3 h6f5 e2f2 f5g3 f2g3 d6g3,1941,77,92,1652,advantage fork long middlegame quietMove
7XQgD,8/3k4/p3NP2/Pp1p1K2/1PpP4/2P4r/8/8 b - - 0 58,d7e8 f6f7 e8f7 e6g5 f7e7 g5h3,1961,77,92,1191,advancedPawn attraction crushing endgame exposedKing fork long
QhFwq,6kr/4Qpbp/q7/p4Np1/8/5nP1/PP2RP2/2R1K3 w - - 2 27,e1d1 a6d3 e2d2 d3d2,1162,76,94,6496,fork mate mateIn2 middlegame short
MPTS9,8/pR6/4Rbk1/8/2Pp1q2/P4N2/2K3PP/8 w - - 0 36,b7a7 f4f5 c2b3 f5e6,1452,78,94,2871,advantage endgame fork short
ZzlUO,r2qr1k1/ppp1bppp/5n2/3p1N2/5P2/2P3Q1/PP3PPP/RN3RK1 b - - 1 15,e7f8 f5h6 g8h8 h6f7,1199,85,92,817,advantage deflection kingsideAttack middlegame pin short
I6Pgm,r4kr1/5p2/p1BR4/4p3/4Qnb1/6P1/PBP2q1P/4R2K w - - 1 25,c6a8 g4f3 e4f3 f2e1 f3f1 e1f1,1994,74,95,15752,deflection fork long mate mateIn3 middlegame
PhOxy,6k1/2Qbq1b1/B2p4/3Pp2p/p6P/6P1/1P3rNK/4R3 w - - 1 29,a6b5 f2g2 h2g2 d7h3 g2h3 e7c7,1463,81,92,602,advantage attraction discoveredAttack long middlegame sacrifice
5FyzN,r1b4r/p4k2/1p4n1/3p1pQ1/3b4/5R2/P5PP/5R1K b - - 0 22,d4e5 f3f5 c8f5 f1f5 f7g7 f5e5,1898,74,88,988,advantage exposedKing long middlegame pin
HC8U1,3r1r2/3bQ3/6kp/2pP1p2/P1P2P1P/1P6/4pqBP/6RK b - - 1 36,f8g8 g2f3 f2g1 h1g1 e2e1q e7e1,1885,76,94,4896,crushing discoveredAttack discoveredCheck long middlegame
8J4ec,8/2r3kp/r4p2/3B4/1p1p2P1/1P1P3P/bK1N4/R7 w - - 6 33,a1a2 a6a2 b2a2 c7c2 a2b1 c2d2,1252,76,96,11677,attraction crushing endgame fork long
Iudqy,2b3k1/5p1p/p4qPQ/2pr4/2pN2P1/5P2/PK2n3/3R3R b - - 2 27,d5d4 g6h7 g8h8 h6f6,1773,74,94,2255,advancedPawn discoveredAttack master mate mateIn2 middlegame short
AVkAx,r2qkb1r/ppp2ppp/3pbn2/4P3/2BQ4/8/PPP2PPP/RNB2RK1 b kq - 0 8,e6c4 e5f6 c4f1 f6g7 f8g7 d4g7,1609,75,91,2599,advancedPawn crushing fork long opening
kMMxS,2k3r1/p7/1p2pp1p/2p4P/1PPpR3/P2P1Nr1/5K2/R7 w - - 2 30,a1g1 g3f3 f2f3 g8g1,1268,83,92,546,advantage deflection discoveredAttack endgame master short
gMBTR,2r2q2/1p3p1k/p4Pp1/5R1Q/7P/1P6/1Pr5/1K4R1 b - - 0 32,g6h5 f5h5 f8h6 g1g7 h7h8 h5h6,1464,80,94,4938,endgame exposedKing long mate mateIn3 pin queenRookEndgame
3Gpfc,r7/p1pknpN1/2p4r/2Pp2p1/3P2Pp/8/PP1K4/4R2R b - - 3 25,a8g8 e1e7 d7e7 g7f5 e7f6 f5h6,1181,81,94,2548,advantage attraction endgame fork long sacrifice
wdXJU,r4rk1/1p3p1p/p1p1b1p1/4q3/4NnPP/3BRQ2/PP3P2/3R2K1 b - - 0 22,f4d3 e4f6 g8g7 e3e5,1112,82,95,11285,advantage discoveredAttack kingsideAttack middlegame short
nln30,Q7/p1p2Bpk/7p/8/3r4/4r3/PPP1K1Pq/R3R3 w - - 0 26,e2e3 h2f4 e3e2 d4d2,1796,75,100,1427,endgame fork mate mateIn2 short
nvA0h,r3k1r1/2p1p3/bqPp1p2/pN1P2p1/P3P2p/1R5P/5PPQ/1R4K1 b q - 4 27,e8f7 b5d6 e7d6 b3b6,1045,76,85,782,crushing discoveredAttack middlegame short
7a46L,3r1r1k/2p3pp/p1Qb2q1/8/8/4PN1P/PPP3P1/R1B2RK1 w - - 1 21,c1d2 d6h2 g1h2 g6c6,1604,75,94,585,advantage discoveredAttack middlegame short
1cjzN,rnbq3r/pp1pkppp/3Np3/4n3/3p4/P4N2/1PP2PPP/R2QKB1R w KQ - 0 11,f3e5 d8a5 d1d2 a5e5,1066,80,93,2284,advantage fork opening short
CO0li,8/3N1Qpk/1p5p/5n2/8/P7/KP6/3q4 b - - 0 45,f5d4 d7f6 h7h8 f7g8,1221,76,99,2733,endgame mate mateIn2 pin short
7seSX,8/6qk/2pP2p1/2P1p1b1/P2nP1p1/8/4NQB1/7K w - - 6 44,e2d4 g7h6 h1g1 g5e3,1296,75,100,1067,crushing endgame pin short
v3YO5,R7/7p/1k2K2p/1rp5/7P/8/1p6/6R1 b - - 1 76,b2b1q g1b1 b5b1 a8b8 b6c6 b8b1,1430,76,95,18977,crushing endgame long skewer
WYa9V,r2q2k1/pbp4p/1p1pp1p1/8/3PP3/8/PPQBNrPK/2R1R3 w - - 0 18,d2e3 d8h4 h2g1 f2g2 g1g2 b7e4 c2e4 h4e4,1914,77,95,4700,advantage attraction fork middlegame sacrifice veryLong
IDLyk,2br2k1/7p/p2q1ppB/1p6/3bP3/3Q3P/PP4P1/1B1R3K b - - 2 27,d4e5 d3b3 c8e6 d1d6,1429,74,86,2334,advantage discoveredAttack middlegame short
pbh2x,1R6/5ppk/4b2p/1P4q1/8/5Q2/6PK/8 w - - 6 36,b8a8 e6d5 f3d3 g7g6,1889,78,93,989,crushing defensiveMove endgame fork short
J6lxN,2r4r/1b1Q1pk1/p2b2p1/1p2p3/3pP2q/P2B4/1PP2P1B/2KR3R b - - 7 31,d6c7 h2e5 c7e5 h1h4,1227,77,89,1939,crushing discoveredAttack middlegame short
50tBI,2q2b2/1b3P2/1p6/p1nR2k1/P1Q1r3/7P/1P3PP1/2R3K1 b - - 2 30,g5h6 c4e4 c5e4 c1c8 b7c8 d5d8 h6g7 d8c8,1753,79,93,3688,advantage discoveredAttack fork middlegame veryLong
km17B,6k1/p4ppp/1p6/2n1pq2/4n3/1PP1B1P1/2Q2PBP/7K w - - 2 29,e3c5 e4g3 h2g3 f5c2,1929,75,89,934,crushing discoveredAttack endgame short
TnqLO,8/p7/2p5/r4k2/PKR2P2/4P2p/8/8 b - - 1 46,a5d5 e3e4 f5g4 e4d5,1133,81,95,5042,crushing endgame fork rookEndgame short
6CzVR,r4rk1/pb3ppB/1p2p2R/1P2P3/5P2/4p1R1/2Q1K1PP/6q1 b - - 3 27,g8h8 h7g8 g7h6 c2h7,1597,76,97,13245,clearance discoveredAttack discoveredCheck kingsideAttack mate mateIn2 middlegame sacrifice short
t3PDA,r6k/pp5p/2p5/3p4/3P1P2/2N2pq1/PPQ4p/2R4K w - - 0 31,c1f1 a8g8 c2h2 g3g2 h2g2 f3g2,1784,75,94,2164,advancedPawn crushing endgame exposedKing fork long master quietMove
id0ci,2Q2bk1/p1p1rppp/4rn2/8/8/2N1BP1b/PP2KP1P/R6R w - - 4 20,h1d1 e6e3 f2e3 h3c8,1679,77,92,649,advantage discoveredAttack middlegame short
Jp8Sr,2r3k1/pp3r1p/4p1pQ/8/3qNn2/P6R/6PP/3R2K1 w - - 0 25,d1d4 f4e2 g1h1 f7f1,1865,75,95,4773,backRankMate fork mate mateIn2 middlegame short
KqH30,2rqk2r/pp3pbp/6p1/3Pp3/1Q1p2b1/3P2P1/PPP3BP/R1B2RK1 b k - 2 14,c8c2 b4a4 d8d7 a4c2,1111,77,93,3735,advantage fork middlegame short
6QpQ2,r4rk1/2p2ppp/p2p4/1p1P4/4P1n1/5N1q/PPBN1Q2/R1B3K1 w - - 1 20,f2g2 h3g2 g1g2 g4e3 g2f2 e3c2,1236,75,93,1071,advantage attraction exposedKing fork long middlegame
4qPAN,2r1k1nr/p4ppp/8/q1bQP3/8/B1P5/P4PPP/RN2K2R w KQk - 0 16,e1g1 c5f2 f1f2 a5d5,1188,87,94,4819,crushing discoveredAttack kingsideAttack middlegame short
bQ1ze,1r1r3k/7P/p1p2pp1/P2qpn2/1P6/2PPBN2/4QP2/3RK2R w K - 1 28,f3h4 d5h1 e1d2 h1h4,1195,81,91,6357,crushing fork hangingPiece middlegame short
2eB0r,7r/p1p3p1/2pb3p/4pk2/2N5/8/PrP2PPP/R3R1K1 b - - 1 18,b2c2 c4e3 f5e6 e3c2,1255,76,86,722,crushing endgame fork short
z5wQw,3r1rk1/p4pp1/1p1bp2p/7q/1PP1Q3/P1B5/5PPP/3R1RK1 w - - 3 23,g2g3 d6g3 h2g3 d8d1 f1d1 h5d1,1355,77,92,837,advantage discoveredAttack kingsideAttack long middlegame
Z8c74,5k2/p2b1p2/1p1P1B2/3r2K1/8/8/PP5R/8 w - - 6 49,g5f4 d5f5 f4e4 f5f6,1041,82,94,1513,advantage endgame fork master short
dgB1X,2rqrbk1/1b1n1p1p/p1p1p1pQ/1p1nP3/1P1PN3/P2B1N2/1B3PPP/R1R3K1 w - - 7 19,h6h3 d5f4 h3g3 f4d3,1171,79,95,2910,advantage fork middlegame short
hDsr9,rnbqkb1r/1p2pppp/p2p1n2/3P4/4P3/5N2/PP3PPP/RNBQKB1R b KQkq - 0 6,f6e4 d1a4 b8d7 a4e4,1141,78,94,1129,crushing fork opening short
YE6KZ,2k4r/ppp2ppp/2n2n2/3r4/5B2/2P2N1q/P1P1B3/R3QRK1 w - - 0 15,f1f2 h3g4 f2g2 g4f4,1956,76,87,1383,advantage fork middlegame short
fOujy,4r3/8/p5k1/2pn1r1p/1p2N3/2PP2P1/PP1K2NP/7R b - - 5 32,d5f6 g2h4 g6h7 h4f5 f6e4 d3e4,1264,76,98,2773,advantage endgame fork long
t8TiW,1k1r1r2/1pp3p1/p1n1B2p/2p1pN2/8/P1PP1P1q/1P1Q1P1P/R4RK1 w - - 1 18,f5d4 c6d4 e6h3 d4f3 g1g2 f3d2,1458,75,92,1506,advantage fork long middlegame sacrifice
GnUSj,1r2rb2/p2k3p/5p2/5PBQ/3q4/7P/PPP3P1/3R3K b - - 1 29,e8e1 d1e1 f6g5 e1d1 d4d1 h5d1,1726,76,90,1749,advantage long middlegame pin
WGk5J,r1b1kbnr/1p3ppp/p3p3/2ppq3/P7/7P/1PPPBPP1/RNBQR1K1 b kq - 1 9,f8d6 e2b5 a6b5 e1e5,1223,76,95,10298,advantage discoveredAttack opening short
9FMN3,r1bqk1nr/pp3ppp/2nb4/1Bp5/3p1P2/5N2/PPPPN1PP/R1BQK2R w KQkq - 4 8,d2d3 d8a5 f3d2 a5b5,1581,76,91,1156,crushing fork opening short
C7bGf,4kr2/5nQ1/p4R2/1p1pq3/7P/4P1P1/2P2P1K/8 b - - 0 41,e8e7 f6f7 f8f7 g7e5,1104,85,94,6296,crushing discoveredAttack endgame short
OQbQZ,r3r1k1/pp3ppp/2p3n1/3b1Q2/4N2q/P1B5/1P2R1PP/4R2K b - - 17 28,g6f4 e4f6 g7f6 e2e8 a8e8 e1e8,1158,78,95,7165,advantage discoveredAttack kingsideAttack long middlegame
r1uFX,6k1/q1R3pp/5r2/p3r3/6Q1/P5P1/7P/2R4K b - - 0 36,a7a8 h1g1 a8f8 c7c8,1640,78,93,665,crushing defensiveMove endgame pin short
OHmEZ,8/pbp1k1p1/1pnp4/5Q2/2PP4/B3q1P1/P3N2P/5K2 w - - 2 25,a3c1 e3e2 f1e2 c6d4 e2d3 d4f5,1686,77,94,2319,advantage attraction endgame exposedKing fork long sacrifice
tlPei,4k3/1p2b2r/r4p2/p1p3P1/3pR3/1P1P4/P1PB4/4R1K1 b - - 0 25,f6g5 d2g5 e8d7 e4e7,1446,78,96,12918,crushing endgame pin short
Dfz2S,3kr2r/2q2pp1/p1p2b1p/1pPp1R2/3P2B1/4PQ2/P5PP/1R4K1 b - - 4 23,e8e4 f5f6 g7f6 f3f6 c7e7 f6h8,1338,75,97,6793,advantage exposedKing fork long middlegame
sw4YM,3r1k2/pp5n/3pr3/2p4B/2P2P2/1P6/P6K/5RR1 w - - 0 35,f1e1 e6h6 h2g2 h6h5,1519,74,89,872,advantage endgame pin short
k7BLX,4k3/ppq1p3/2p3Q1/3pP3/n2P4/3P4/PP3PP1/2K5 b - - 1 26,e8d8 g6g8 d8d7 e5e6 d7d6 g8g3 d6e6 g3c7,1379,81,95,34049,crushing deflection endgame skewer veryLong
9Vxx8,r1bq2k1/ppp3pp/2n5/4P1NQ/3p4/8/PPP3PP/RN4K1 b - - 0 15,c8f5 h5f7 g8h8 f7f5,1359,78,91,678,advantage fork middlegame short
yXlYE,rn2k3/pp4b1/2pqN3/8/3PRB2/2P5/PP3KP1/RN1r4 b q - 0 18,d6d5 e6c7 e8d7 c7d5,1248,75,94,6702,advantage discoveredCheck doubleCheck fork master middlegame short
fSr77,r5k1/5pp1/p2P1q1p/1p1R4/2p1Q3/P6P/5PP1/6K1 b - - 0 29,f6e6 d5e5 e6d6 e4a8,1800,73,94,16055,crushing discoveredAttack endgame short
07M1s,4k2r/pp1rP1pp/n3Qpq1/2p2n2/P7/2P3P1/2P2P1P/R1B1R1K1 b k - 2 21,d7e7 e6c8 e8f7 e1e7 f5e7 c8h8,1656,77,94,14583,advantage discoveredAttack exposedKing long middlegame
ITpq7,6k1/1R3p1p/6p1/3Q4/3P4/3b2P1/5q1K/8 w - - 0 36,d5g2 f2g2 h2g2 d3e4 g2f1 e4b7,1155,76,100,2508,attraction crushing endgame fork long
gU5x4,1r6/4R1kn/1q4p1/3B1b2/3P4/5PP1/PP3P2/2K4R b - - 2 27,g7f6 e7f7 f6g5 f3f4 g5g4 h1h4,1646,76,94,3856,fork long mate mateIn3 middlegame pillsburysMate
bbowW,7k/pb2qprp/1p2p2Q/2p1P3/8/6PP/PPP2P2/3R2K1 b - - 2 32,h8g8 h6f6 e7f8 d1d8,1688,74,87,646,advantage endgame pin short
Zb1QT,r3k2r/pp1qbppp/5n2/2Q5/8/8/PP3PPP/RNB1R1K1 b kq - 0 15,b7b6 e1e7 d7e7 c5c6 e7d7 c6a8 e8e7 a8f3,1910,75,91,1558,crushing fork middlegame sacrifice veryLong
wotVU,6r1/1b3k1p/p2p1p1B/1prPpP2/2p3PN/2P2K2/P1PR4/4R3 w - - 7 40,f3e4 g8g4 e4f3 g4h4,1375,78,92,2327,crushing fork master middlegame short
XHAWw,8/2k1K1p1/3N4/4P3/6P1/4Q2P/1q2p3/8 w - - 6 47,d6c4 b2b4 c4d6 e2e1q e3a7 c7c6,1522,75,89,5430,advancedPawn crushing endgame fork long promotion
8gojt,1r3rk1/1q2pp1p/2Rp1bp1/1n1P4/1PQ1P3/5N1P/3N1PP1/5RK1 w - - 3 21,f1b1 b5a3 c4b3 a3b1,1300,77,93,14188,advantage fork middlegame short
Z2rz0,r1b4r/ppq2pk1/4p1p1/2bpn1NP/8/2PB1QB1/PP3PP1/R3K2R w KQ - 0 22,g3e5 c7e5 e1d1 e5g5,1076,88,93,1623,advantage fork middlegame short
rlwD5,8/4bk2/2b1p1p1/K6p/1r1P1Q1P/1P6/P7/8 b - - 2 50,f7g8 f4c7 g8f7 c7c6,1482,74,98,3805,advantage endgame fork short
D31RC,1R2qr1k/p5p1/3Q3p/5p1P/2P2P2/2BP1bP1/4r3/5K2 b - - 1 34,e8b8 d6h6 h8g8 h6g7,1520,77,97,12436,endgame mate mateIn2 pin short
qrc8u,2rq1rk1/1b1n1pp1/p4n1p/bp1Pp3/4N2B/PB3P2/1PP3PP/RN1Q1RK1 w - - 4 16,e4d6 d8b6 g1h1 b6d6,1547,78,89,1309,advantage fork middlegame short
riEab,r1bq1rk1/2pp1ppp/2pb4/p7/4p1Q1/P1N1P3/1PPP1PPP/R1B1K2R w KQ - 1 10,c3e4 f7f5 g4f3 f5e4,1420,76,98,34360,advantage fork middlegame short
MQw0Y,6k1/5p2/P6p/3R2pK/2N1n3/1P4P1/3pr1P1/8 w - - 0 36,c4d2 e4f6 h5h6 f6d5,1773,75,97,5901,advantage endgame fork short
5GWKB,6r1/3r2pk/5R1p/p2pB2P/q1p1R3/2P1P1Q1/PP4P1/2K5 b - - 0 32,d5e4 g3g6 h7h8 g6h6 g7h6 f6h6,1663,82,93,2296,deflection discoveredCheck doubleCheck endgame long mate mateIn3 pillsburysMate sacrifice
az7o4,2rr2k1/pp3pbp/1q2bpp1/3p4/Nn1P4/P2BPN2/2Q2PPP/1R2K2R w K - 0 15,b1b4 c8c2 b4b6 c2c1 e1d2 c1h1,1737,76,94,10269,advantage long middlegame skewer
djZml,1r1q1rk1/6b1/1p1p1nQ1/p1p5/2P1PRP1/3P4/PP4B1/5RK1 b - - 0 27,f6h7 f4f7 f8f7 f1f7,1970,72,94,11188,collinearMove crushing middlegame pin short
7DhbA,5rk1/4bppp/p3p3/q5PP/1p1Pp3/5Q2/PP2NP2/2B1K2R w K - 0 21,f3e4 b4b3 c1d2 b3a2 d2a5 a2a1q,1818,77,96,6901,advancedPawn advantage discoveredAttack discoveredCheck long middlegame promotion
QgvfY,r2qk2r/pp2bpp1/4p1b1/3pP1Pp/2P4P/2N5/PP3P2/R2QKB1R b KQkq - 0 14,e7b4 d1a4 d8d7 a4b4,1098,80,93,672,crushing fork middlegame short
Ai8bu,2r2k2/pB3p1p/3P4/4Bb2/8/8/5P1P/3K4 b - - 0 30,c8c5 d6d7 f5d7 e5d6 f8g7 d6c5,1093,76,97,1804,advancedPawn advantage clearance endgame fork long
BxXIK,3rr1k1/1p3q2/p2Rb1pB/4ppQ1/2Bn4/2P2N2/PP3PP1/3R2K1 w - - 3 24,d6e6 d4f3 g2f3 d8d1 g1g2 e8e6,1800,75,94,983,advantage discoveredAttack kingsideAttack long middlegame
7Gr9O,2q5/6p1/p2kppNp/1p5P/1P1PQ3/P1nR2PK/5P2/2r5 w - - 17 41,e4f4 e6e5 f4g4 c1h1,1511,79,92,2085,crushing discoveredAttack discoveredCheck endgame master short
Ijkyb,3Q2k1/p5p1/1p2b1p1/2p1p3/2P1Nq2/P1K2P2/1P4P1/8 b - - 5 33,g8h7 e4g5 f4g5 d8g5,1170,86,93,4130,crushing endgame fork master short
9B0WY,6k1/p5p1/3N4/3nP2p/3PN1q1/1P1Q2P1/P5K1/5r2 w - - 0 35,d3f1 d5e3 g2g1 e3f1,1171,76,89,509,advantage endgame fork short
S7Zwi,r4nk1/pp3pp1/2p4p/4P1q1/3P4/PQ1B4/1P4PP/5RK1 b - - 0 21,g5e7 f1f7 e7f7 d3c4 f7c4 b3c4,1923,74,94,3314,crushing endgame long pin sacrifice
nTsh6,r4rk1/pp1b2pp/1q1b1p2/8/3pQP2/2P3B1/PP2B1PP/R4RK1 w - - 0 17,e4d4 d6c5 d4c5 b6c5,1119,80,95,882,crushing middlegame pin short
0JX4j,r1b1kb2/pppp3p/6p1/3P4/1n2qp2/2Q5/PP1PNPPP/R1B1KB1R w KQq - 4 11,c3d4 b4c2 e1d1 c2d4,1163,75,96,2058,crushing fork opening short
oEzqW,8/2Rb1rpk/7p/5p2/1P1Np3/4P3/1P1q1QP1/6K1 b - - 6 42,d2b4 c7d7 f7d7 f2f5 h7h8 f5d7,1412,78,93,1448,attraction capturingDefender crushing deflection endgame fork long
PN0ee,2r5/4k2R/8/p3K3/5P2/1n2P3/8/8 b - - 1 55,e7d8 e5d6 d8e8 h7h8 e8f7 h8c8,1703,76,97,3376,crushing endgame exposedKing long skewer
IVCro,rnb2k1r/pp4pp/8/4Bn2/4q3/1Q6/PPP1NPPP/2KR3R b - - 8 16,e4e5 d1d8 f8e7 d8h8,1184,75,94,20810,advantage fork middlegame short skewer
vYxRw,5k2/2q2p2/5R1Q/3p4/1p6/2P3PP/4r3/6K1 b - - 1 37,f8e7 f6f7 e7f7 h6h7 f7f6 h7c7,1685,77,94,6352,attraction crushing endgame long sacrifice skewer
O4QWL,8/5p2/R3p1kp/5n2/5N2/2r3P1/5PK1/8 b - - 2 45,g6f6 f4d5 f6e5 d5c3,1354,83,94,8108,advantage endgame pin short
gCeDa,r4rk1/pbq3pp/1p2p3/2b1PpQ1/4p2P/2B3PB/PPP1P3/2KR3R b - - 6 17,c7e7 g5e7 c5e7 d1d7 f8f7 d7b7,1130,79,94,5003,advantage fork long middlegame
yljAI,2r3k1/1pq1rp1p/p3p1p1/P2p3n/3P4/2PQ3R/1P2NPPP/R5K1 w - - 2 26,e2g3 h5f4 d3f3 f4h3,1482,78,92,1411,crushing fork middlegame short
mrTQI,3r1k2/p1p3pp/2p5/5P2/2Bn4/1P3P2/P5PP/3R2K1 w - - 1 24,h2h3 d4f3 g1f2 d8d1,1427,76,94,30363,advantage discoveredAttack endgame short
bYu7F,rnbqk1nr/ppp2Npp/8/2b5/4p3/3P4/PPP2PPP/RNBQKB1R b KQkq - 0 5,e8f7 d1h5 g7g6 h5c5,1073,75,98,596,advantage fork opening short
DK88G,8/n1pq1p1k/7p/1p1P2p1/p2N1n2/1BPR4/PB3PPP/4R1K1 b - - 0 26,f4d3 b3c2 h7g8 c2d3,1305,76,95,2133,advantage middlegame pin short
zUqeR,8/pppR3p/5qk1/4r1p1/1PP1p3/P4P1P/3QBK2/8 w - - 0 30,d7d5 e4e3 d2e3 e5e3,1371,76,100,1387,advantage endgame fork short
83F7l,r3k1nr/1p3pp1/1q2N2p/3p4/pb6/8/1P1NQPPP/R1B2RK1 b kq - 0 17,b6e6 e2b5 e6d7 b5b4,1236,75,100,774,advantage fork master middlegame short
NhfXG,6r1/pbpk4/2n1pBp1/4P3/3q3P/2p1RP2/P3B1K1/6Q1 b - - 1 24,c6e7 e3d3 d4d3 e2d3,1223,81,89,4176,advantage middlegame pin short
hgm9V,3r2k1/p2N1pp1/3Qp2p/1q6/3Rb3/1B6/PP1K1P1P/R5r1 b - - 7 27,g1a1 d7f6 g7f6 d6d8 g8g7 d4e4,1230,75,96,5900,advantage discoveredAttack long middlegame
DW64m,r3nrk1/1p5p/p2p2p1/2pPbb2/P1P1N1Pq/2NB1R1P/1P6/R2Q3K b - - 2 20,f5g4 f3f8 g8f8 d1g4 h4g4 h3g4,1513,75,95,9227,advantage discoveredAttack kingsideAttack long middlegame
fxL5j,2kr2r1/ppp2p1p/2n1pq2/6NB/3P1b2/2P5/PP5R/R1BQ3K w - - 0 19,h2f2 f6g5 c1f4 g5h4 f2h2 h4f4,1897,75,97,3243,advantage deflection exposedKing fork long middlegame
5dduX,3r2k1/1b3pp1/8/p1p3pP/2Nn2P1/1B6/PPP2P2/2KR4 w - - 4 25,c4a5 d4e2 c1b1 d8d1,1447,76,100,577,backRankMate deflection discoveredAttack endgame mate mateIn2 short
HCOAt,3qr1k1/1bp2p1p/6p1/r2p4/3b4/P2B2Q1/1P3PPP/2RN1RK1 w - - 0 21,c1c7 d4e5 g3e5 e8e5,1459,77,93,12806,advantage fork middlegame short
It1w3,4k3/8/4p3/7P/5P2/3R1K2/1r1p2P1/8 w - - 0 41,g2g4 b2b3 d3b3 d2d1q,1224,75,100,3819,advancedPawn crushing deflection endgame master pin promotion rookEndgame short
TMDim,5rk1/q1rpn1pp/p3pp2/2P3P1/4PP1P/P1Q5/1B4B1/2R2K2 b - - 0 25,f8c8 g5f6 c7c5 f6f7 g8f7 c3g7,1387,75,94,2491,advancedPawn advantage attraction discoveredAttack kingsideAttack long middlegame
6uftA,r5k1/6qp/pp3pp1/2p5/7P/2PQ4/P2B1PP1/6K1 b - - 0 25,g7e7 d3d5 g8g7 d5a8,1110,78,95,9227,crushing endgame fork short
dz5ZZ,8/5k2/4p3/4Qpp1/3P3r/3K4/8/8 w - - 6 59,d3e3 h4e4 e5e4 f5e4,1444,80,94,27593,crushing endgame fork queenRookEndgame short
mUPXI,7R/p4ppk/q1r1b1p1/6Q1/2r5/2B2P2/1PP3PP/2K4R b - - 3 30,h7h8 g5h6 h8g8 h6g7,1581,77,94,2288,mate mateIn2 middlegame pin short
tMZdo,1r2kb1r/p2n1ppp/B1p1bn2/3p2B1/3P4/2N1P3/PP3PPP/R3K1NR w KQk - 2 11,b2b3 f8b4 g1e2 f6e4,1358,76,94,10712,advantage opening pin short
trzWX,r3k2r/1p4p1/4p3/pN1pqpn1/6p1/2P3P1/PPB1QP2/R4RK1 w kq - 1 20,e2e5 g5f3 g1g2 h8h2,1696,78,87,715,fork hookMate mate mateIn2 middlegame short
fOxXw,r4rk1/p5p1/2p4p/n1q5/B3p3/5bP1/PPPN4/R1B1QRK1 w - - 0 22,e1f2 e4e3 d2f3 e3f2,1956,76,94,18315,advancedPawn crushing fork middlegame short
HED7S,1r3rk1/1p1n1ppb/p6p/P2Bp3/1P5q/3P4/2QBPP1P/R4RK1 w - - 0 20,f2f3 h4d4 g1h1 d4d5,1596,74,96,18776,advantage fork middlegame short
ZECIO,rn1qk2r/p1p2ppp/1p2p3/3pPb2/1bPP4/5P2/PP1NB1PP/R1BQK2R b KQkq - 2 10,d5c4 d1a4 d8d7 a4b4,1264,79,92,1450,advantage fork opening short
OnZUU,2krq2r/ppp5/4bQ2/4P2p/3n2p1/P1N3P1/1PP1B1PP/R4RK1 w - - 1 20,e2b5 d4b5 c3b5 e6c4 b5a7 c8b8,1850,75,93,868,advantage fork long middlegame
NhKqM,4rbk1/6p1/1q3p1B/p7/8/PP1Q3P/5PP1/5RK1 b - - 0 27,g7h6 d3g6 g8h8 g6e8,1163,75,98,1076,crushing endgame fork pin short
31MaR,r1bqk2r/pp3p2/4pn1p/6p1/1b1P4/6B1/PP1N1PPP/R2QKB1R b KQkq - 1 12,f6e4 d1a4 c8d7 a4b4,1162,76,95,2367,advantage fork middlegame short
8YYFM,5r1k/pQp3pp/8/4b3/7q/2N4P/PP1B2P1/4R1K1 w - - 1 24,b7e4 h4f2 g1h1 f2f1 e1f1 f8f1,1954,77,94,8412,fork long mate mateIn3 middlegame pillsburysMate sacrifice
KOFsJ,r1bq1rk1/pp1nnpbp/2pp2p1/4pPB1/2B1P3/2NP1Q2/PPP3PP/R3NRK1 b - - 2 11,g8h8 f5f6 d7f6 g5f6,1332,77,93,3196,crushing fork opening short
eJQyX,r1b2rk1/bpp2pp1/p2p3p/4P3/2B4q/2N4P/PP3PP1/R1BQR1K1 w - - 3 15,e5d6 a7f2 g1f1 f2e1 d1e1 h4c4,1978,74,88,523,crushing fork long opening
ZQ4R5,1k6/8/p5R1/1qP1p2p/1P6/P6P/3N3K/8 b - - 0 36,e5e4 g6b6 b5b6 c5b6 e4e3 d2f3,1413,81,94,1403,crushing defensiveMove endgame fork long
kJtAq,6k1/6pp/7r/R2p4/2pPP3/2P2P2/1r5P/2R4K w - - 3 34,e4d5 b2h2 h1g1 h2h1 g1g2 h1c1,1920,77,90,1057,crushing endgame long rookEndgame skewer
Jvuwm,r1bq1rk1/ppp3p1/2n3np/3NPp2/3P4/4B3/PP1QB1PP/2R2RK1 b - - 0 17,d8d5 e2c4 d5c4 c1c4,1303,79,93,6478,advantage middlegame pin short
Gj8ey,6k1/r5p1/p4p1p/1pq2N2/2p5/P3R1QP/6P1/7K b - - 0 36,c5f5 g3b8 g8h7 b8a7,1584,76,93,1224,advantage endgame fork short
Fraiu,6k1/pp4p1/4p3/3pP2q/3Nb3/P1P4P/1P5K/5Q2 w - - 0 28,d4e6 h5e5 e6f4 g7g5,1577,77,94,1969,crushing endgame fork short
Zdj5A,6k1/6p1/8/8/2P1N1p1/1P3nP1/1R4KP/3r4 w - - 2 33,b3b4 f3e1 g2f2 e1d3 f2e3 d3b2,1890,76,94,2220,advantage endgame fork long
KEftl,r1b1kb1r/ppppqppp/5n2/4N3/3n4/1P1P2P1/P1P1PP1P/RNBQKB1R w KQkq - 1 6,e5c4 d4f3,1498,80,93,1333,mate mateIn1 oneMove opening pin
9nks2,1Q2R3/5ppk/6bp/2r5/P7/7P/5PPK/3q4 b - - 5 36,g6c2 e8h8 h7g6 b8b6 f7f6 b6c5,1777,75,87,602,crushing endgame fork long
rleQ2,6k1/2R2pp1/B3p3/2Pp3p/p3b3/4PPPK/P6P/1r6 b - - 0 34,e4f3 c7c8 g8h7 a6d3 f3e4 d3b1,1059,78,95,695,advantage endgame fork long
9d5Hi,8/1p1k2p1/p7/2P1RPp1/r7/1K6/8/8 b - - 7 51,a4a5 c5c6 d7c6 e5a5,1188,76,94,2041,advantage discoveredAttack endgame rookEndgame short
pnind,r1b1R3/pp5p/3pNqpk/3Pn3/2Q5/5P1P/PPB3K1/8 w - - 7 32,c4f4 f6f4 e6f4 c8h3 f4h3 a8e8,1410,75,100,1225,advantage discoveredAttack long middlegame
CAv4m,r4rk1/pp1n1pbp/4pnp1/q1Pp1b2/2P5/BPN1P1P1/P3NPBP/R1Q2RK1 b - - 0 12,d7c5 b3b4 a5a6 b4c5,1563,76,93,2475,crushing fork middlegame short
Gjaif,r4k2/pp3p2/2q4p/3bp3/6Q1/1PPB4/P5P1/RN5K w - - 0 28,b1d2 c6c3 a1d1 c3d3,1473,77,96,26383,advantage fork middlegame short
8REMl,r3kq2/2p5/pp2Q3/6P1/4P3/2P5/PP1N1bP1/7K b q - 0 32,f8e7 e6c6 e8f7 c6a8 e7g5 a8d5 g5d5 e4d5,1738,78,93,2071,advantage endgame exposedKing fork veryLong
qlNnA,r3r1k1/1b3ppp/p5q1/2BP4/2P4n/2N5/PP3PPP/2RQR1K1 w - - 1 20,g2g3 e8e1 d1e1 h4f3 g1g2 f3e1,1360,77,94,1447,advantage attraction fork long middlegame pin
AWKOR,r2qkb1r/pp1bppp1/2n2n1p/1B1pN3/3P4/8/PPP2PPP/RNBQ1RK1 w kq - 2 8,c2c3 c6e5 d4e5 d7b5,1320,77,93,3055,advantage discoveredAttack opening short
AwPOy,7k/1p5B/p1b1q2p/4P1p1/3p4/3Q2BP/P4RP1/7K w - - 1 29,f2f6 e6h3 h1g1 h3g2,1560,77,98,6446,endgame mate mateIn2 pin short
VYUtx,2kr4/ppp1b2p/5rp1/4p1B1/3n4/5B2/PP3PPP/RN1R2K1 w - - 4 21,g5f6 d4f3 g2f3 d8d1 g1g2 e7f6,1631,74,88,1382,advantage discoveredAttack kingsideAttack long middlegame
1Y4wd,rnbqk1nr/ppp3pp/3b4/3Ppp2/2B5/2N1B3/PPP1NPPP/R2QK2R w KQkq - 0 9,f2f3 d8h4 e3f2 h4c4,1072,83,94,6404,advantage fork opening short
qve10,q7/6kp/6p1/1Qp2r2/P2b4/5R2/1P5P/5R1K w - - 0 33,b5d7 g7h6 d7f5 g6f5,1386,75,87,1199,crushing defensiveMove endgame pin short
2Bf2b,r1b4r/ppb2pkN/1np2Np1/8/3P4/3B4/PP3PPP/R3R1K1 b - - 2 21,h8h7 f6e8 g7h6 e8c7,1438,76,93,2958,advantage fork middlegame short
FRBqY,r2r2k1/1b3pp1/4p2p/p7/3q3P/3B1PQ1/2P3PK/3R1R2 b - - 1 30,d4d6 d3h7 g8h7 d1d6,1145,79,95,1900,crushing discoveredAttack master middlegame short
NgFy9,3r2k1/5pb1/6p1/4R2p/5P2/6PP/3p4/3R2K1 w - - 1 45,e5e3 g7d4 g1f2 d8e8,1966,73,94,7693,crushing endgame pin short
Tx623,r1b1nk2/p6Q/4pqpP/2p5/8/4R3/P1P2PP1/5K2 b - - 3 27,c8b7 h7b7 a8d8 e3f3,1776,76,94,2254,crushing endgame hangingPiece master pin short
QnDFn,3rr1k1/pp1b1p1p/3q2p1/1B1Pn3/Q5n1/P1N5/1P1B1PPP/R4RK1 w - - 0 18,b5d7 e5f3 g2f3 d6h2,1549,76,93,3662,discoveredAttack kingsideAttack mate mateIn2 middlegame sacrifice short
mqLU0,6k1/p2p1rp1/1p1Pn2p/4B3/2P1QpP1/2P2P2/3qPK2/7R w - - 6 29,e4g6 d2e3 f2f1 e3e5,1299,82,93,3072,crushing endgame fork master short
e2ZJk,r1bqr3/ppp2p1k/1n1p2p1/3N2Pn/3Q4/5N2/PPP3BP/R4RK1 b - - 2 18,c8e6 d5f6 h5f6 g5f6,1601,76,88,803,advantage fork middlegame short
XEObf,8/8/3R1p2/5p2/6k1/2n3P1/1r1NK2P/8 w - - 5 63,e2d3 b2d2 d3d2 c3e4 d2d3 e4d6,1425,76,94,10465,attraction crushing endgame exposedKing fork long sacrifice
NrLuX,2r5/2N3kp/ppbB1bp1/5p2/1PP5/4RP2/P6P/6K1 b - - 0 33,f6d4 c7e6 g7f6 e6d4,1135,78,96,4296,advantage endgame fork short
wKDmo,6k1/pp2b3/1q2p2p/2ppPrpB/8/2PQ2PP/PP4P1/5RK1 w - - 7 22,f1f5 c5c4 d3d4 e7c5,1253,75,95,30883,advantage clearance discoveredAttack discoveredCheck endgame pin short
lrsoQ,2r5/3k4/p2pb3/Kp6/1B6/PP1B3r/2P5/6R1 b - - 6 44,e6b3 d3f5 b3e6 g1g7 d7c6 f5e6,1862,75,94,4460,advantage deflection endgame fork long
0PMfb,2b2k2/1p2bpp1/p1B4p/2B5/1P6/P2R1N1P/1r3PP1/5K2 b - - 0 27,b7c6 d3d8,1145,76,95,7759,endgame mate mateIn1 oneMove pin
WTz9b,7r/p1k5/2pb1p1p/2qp2r1/BP6/2P3pb/P3QP1P/R2NR1K1 w - - 0 24,b4c5 g3h2 g1h1 h3g2,1515,77,97,5899,advancedPawn discoveredCheck doubleCheck kingsideAttack mate mateIn2 middlegame short
OmtXd,8/2R4p/5Kpk/3B1p2/8/8/1r5P/8 b - - 27 49,b2h2 d5g8 h6h5 c7h7 h5g4 h7h2,1409,77,93,1176,crushing endgame long skewer
Fd7Z0,r2q1r1k/p4ppp/1p2p3/n7/3PNQ1n/P4P2/BP3P1P/3R1RK1 w - - 5 19,e4g5 d8g5 f4g5 h4f3 g1h1 f3g5,1439,77,94,1206,advantage attraction deflection fork long middlegame sacrifice
IdvyJ,rnbqk2r/ppp2ppp/8/3p4/4P1n1/1P4P1/PBP1PKBP/RN1Q2NR w kq - 1 8,f2f1 g4e3 f1e1 e3d1,1066,77,96,976,advantage fork opening short
PayOv,3r1r1k/1b2q2n/p3p1Q1/1p3p2/3P4/2PB3R/P4PPP/4R1K1 b - - 2 22,f8f6 h3h7 e7h7 g6f6,1167,75,95,2537,crushing deflection fork middlegame short
hRZO1,5rk1/2qbn1r1/p3p2Q/2Ppp3/1Pp4N/P6R/5PPP/5RK1 b - - 8 28,f8f7 h6h8 g8h8 h4g6 h8g8 h3h8,1889,74,94,10535,attraction discoveredCheck doubleCheck exposedKing kingsideAttack long mate mateIn3 middlegame sacrifice
a5XV1,8/6pk/p5rp/3p4/2qP1p2/1RP1nP1P/PQ2R1PK/8 w - - 23 51,b2d2 e3f1 h2g1 f1d2,1124,83,92,925,crushing endgame fork short
oLkWV,r3k2r/pp2p1bp/2npbnp1/q7/4pPP1/PPN4P/1BPQ4/2KR1BNR w kq - 1 13,c3e4 f6e4 d2a5 g7b2 c1b2 c6a5,1963,75,91,957,crushing discoveredAttack long middlegame queensideAttack sacrifice
vqeml,r2qkbnr/pp1npp1p/6p1/1B1P4/4N3/5P2/PP2QP1P/R1B1K2R b KQkq - 4 11,a7a6 e4d6,1533,78,100,2487,mate mateIn1 oneMove opening pin smotheredMate
tsJdt,R3N3/5pk1/6pp/2p1P1n1/1p6/2P5/Pr5P/6K1 b - - 3 34,g7f8 e8f6 f8e7 a8e8,1369,77,94,8324,discoveredAttack discoveredCheck endgame hookMate mate mateIn2 short
f5KP6,rq3rk1/1p2R1p1/p4nBp/8/PPbp1N2/6Q1/2P3PP/7K b - - 7 26,b8d6 g6h7 f6h7 g3g7,1713,78,96,20329,discoveredAttack kingsideAttack mate mateIn2 middlegame sacrifice short
XboKp,rnb2rk1/ppp2pp1/7p/3Np1q1/2B5/8/PPQ2PP1/R3K2R b KQ - 1 14,c8f5 c2f5 g5f5 d5e7 g8h8 e7f5,1531,75,95,13936,advantage attraction fork long middlegame sacrifice
BdAK6,r3k1r1/5p2/p1p2p1p/1pq5/4B2P/PQP1P3/5PP1/3R2K1 b q - 1 25,c5c4 b3c4 b5c4 e4c6 e8e7 c6a8,1510,74,94,9183,advantage capturingDefender endgame fork long
LUlqq,r2qr3/pppk1p1N/2n4p/7p/4p3/1P2P2P/PB1P1P2/RN2K1R1 b Q - 2 20,e8g8 g1g8 d8g8 h7f6 d7e6 f6g8,1533,75,89,1602,attraction crushing fork long middlegame
vfzvO,3rk2r/3bbp2/p4p1p/2p4P/2Pp1B2/N2P2P1/PP3P2/R2KR3 w k - 0 20,f4d6 d7g4 d1d2 d8d6,1201,86,90,881,advantage discoveredAttack middlegame short
1IDyp,1k1r3r/p1p2p2/Qp2b2p/N2qN1p1/3Pn3/6P1/PP4PP/R4RK1 b - - 7 21,d5d4 g1h1 b6a5 e5c6 b8a8 c6d4,1400,75,100,1124,advantage fork long middlegame sacrifice
6be4p,8/6pk/p5bp/3n1p2/1PRQ4/P2N2PP/r4P2/3q1BK1 w - - 4 38,d4d5 a2a1 d5g2 d1d3,1773,74,94,5112,crushing master middlegame pin short
XMca7,r4rk1/p2q1ppp/1p1p1b2/3b1N1Q/8/3P4/PP4PP/R1B2RK1 b - - 5 17,g7g6 f5h6 g8g7 h5d5,1593,77,94,4283,advantage discoveredAttack middlegame short
B1Bg6,3r2k1/R4p2/6pp/1p2q3/2pNn3/4P1P1/1P3PP1/4Q1K1 b - - 5 41,e4c5 d4c6 e5d6 c6d8,1189,78,94,7041,crushing endgame fork master short
XCLPF,rb2k2r/1ppq1pBb/p2p4/4p3/P1B1Pp2/2PP3P/1P2QP2/R5RK w kq - 0 23,e2h5 h7e4 d3e4 h8h5,1035,84,92,928,crushing discoveredAttack kingsideAttack master middlegame short
u1C2I,8/1r3p2/8/5K2/6P1/1B2k3/P7/8 b - - 0 37,e3f3 b3d5 f3e3 d5b7,1237,76,99,2487,crushing endgame fork short
zLKO9,3r4/7p/p5pk/1p1qPp2/5P2/1PQ4P/P5K1/2R5 w - - 1 33,g2g3 d5e4 c1e1 d8d3 c3d3 e4d3,1888,75,93,3905,clearance crushing endgame fork long
J4Mt3,r1b5/p4p2/k1pQ4/1p1P4/8/3B4/P1P2KPP/7q b - - 0 33,h1b1 d6c6 a6a5 c6a8,1329,75,100,1663,crushing endgame fork short
n93xm,7k/p4r1p/1p2p3/3pPq2/P4pN1/2P1bQ2/1P4PP/5R1K b - - 2 31,h7h5 g4h6 f5g6 h6f7,1823,79,93,9668,crushing endgame fork short
E0VtF,r2q1rk1/ppp2bpp/2n5/3n1p2/2BPp3/P1P1P3/2QN1PPP/R1B2RK1 w - - 4 13,f2f3 d5e3 c4f7 f8f7,1058,81,93,550,crushing fork opening short
eoDCY,8/4r1k1/6p1/Q7/1r1Pp3/K1b5/P3P3/8 b - - 1 41,b4d4 a5c3 e7d7 e2e3 g7f7 e3d4,1206,75,97,6633,crushing endgame hangingPiece long pin
8SLuJ,1k6/p1p4p/r5p1/8/B2bNPb1/1p4P1/P1P4P/2K4R w - - 0 25,c2b3 g4f3 h1e1 a6e6,1985,78,91,1650,advantage endgame fork short
V7Nk3,3q1rk1/Q4Rpp/p2p4/3B4/3pPb2/8/Pr4PP/3R2K1 b - - 0 23,f8f7 a7f7 g8h8 f7f4,1168,81,93,828,advantage fork master middlegame short
odjZj,r4rk1/1p3ppp/4p3/4P3/2q2P2/6P1/1Q5P/R2R2K1 w - - 0 24,b2b7 a8a1 d1a1 c4d4 g1g2 d4a1,1399,74,95,33104,attraction crushing endgame fork long
Mq9by,3q1rk1/R4pbp/4p1p1/1Q1n4/3P1B2/2P2P2/4NP1P/6K1 w - - 0 20,b5b7 d5f4 e2f4 d8g5 g1h1 g5f4,1164,77,95,6380,crushing fork long middlegame
OCx8M,r2r2k1/6pp/p1n5/4p3/1Bq3P1/R1P2P1n/1P6/3BQR1K b - - 2 28,c6b4 d1b3 c4b3 a3b3,1209,81,93,4468,advantage middlegame pin short
HyHN1,5b2/3Q1k2/6p1/3p4/p2B4/P6P/1P2q3/6K1 b - - 1 35,f7g8 d7d5 g8h7 d5f7 h7h6 f7f8,1421,75,94,1124,crushing endgame exposedKing fork long
ghEMN,4r3/p3r1p1/5k2/4bpp1/6P1/1BP4P/PP2RKP1/4R3 w - - 1 36,g2g3 e5g3 f2g3 e7e2 e1e2 e8e2,1162,77,95,504,advantage deflection discoveredAttack endgame long
RZboS,8/2P3r1/1K2R1P1/5pk1/8/7p/8/8 b - - 0 51,h3h2 c7c8q h2h1q c8d8 g5g4 d8d4 g4h5 d4g7,1665,80,94,9372,advancedPawn crushing endgame fork promotion veryLong
oWlp1,2r3k1/p2r2pp/b4p2/3pp3/PBq5/5P2/2PQNKPP/R2R4 w - - 6 22,d2d3 c4h4 f2g1 a6d3,1811,77,93,722,crushing discoveredAttack fork middlegame short
AkxIN,2k2r2/1pp5/6p1/P1q2pNp/P1P4P/8/6PK/3Q4 b - - 0 34,f8d8 d1d8 c8d8 g5e6 d8c8 e6c5,1330,74,87,767,attraction crushing endgame fork long sacrifice
gWvJX,1r3rk1/2p1bpp1/p3p2p/3qP3/3P4/P2QBP1P/5P1K/R5R1 b - - 6 23,d5f3 g1g7 g8g7 e3h6 g7h6 d3f3,1823,75,96,7084,advantage attraction discoveredAttack kingsideAttack long middlegame sacrifice
VAwoE,r1br2k1/pp3p1p/5qp1/3Q4/4N3/2P5/PP3PPP/4RK1R b - - 2 17,f6f2 f1f2 d8d5 e4f6 g8g7 f6d5,1623,76,94,1324,crushing fork long middlegame
hHgVW,1r3rbk/p5pp/2pq1bN1/2pp4/4nN2/1P2P3/PB3PPP/1R1Q1RK1 b - - 11 18,h7g6 f4g6 h8h7 d1h5,1494,83,85,766,fork mate mateIn2 middlegame short
5Fdaq,1r3rk1/3R1p1p/p1p2p2/4pP2/N4qP1/bP6/P2Q1P1P/2K4R w - - 7 25,c1c2 f4e4 d7d3 e4h1,1670,76,87,1350,crushing fork middlegame short
hdglN,3r2k1/5p2/5rp1/8/Rp6/P5QP/3q1PP1/4R1K1 w - - 1 38,e1e3 d2d1 g1h2 d1a4,1295,76,92,917,advantage endgame fork short
nElwB,8/p2q3k/1p5p/8/5p1P/1PR5/1P3QPK/3r4 b - - 3 44,d7d6 f2c2 h7g7 c3c7 g7f6 c7c6,1359,76,92,1312,advantage endgame long master pin
fGqZx,r2q1rk1/1bp2pp1/ppnbpn1p/3pN3/P1PP1B2/2N1P3/1P1QBPPP/R4RK1 b - - 5 12,c6e5 d4e5 d6e5 f4e5,1224,88,92,9498,advantage fork middlegame short
wu8I7,2r4r/4kpp1/2Bbp3/7p/2QP1q2/4N3/P1P2PKP/4R3 b - - 1 27,h8h6 e3d5 e7f8 d5f4,1064,79,89,3598,crushing middlegame pin short
uNOIi,3Q4/8/6pk/4n3/1p6/4q1PK/6BP/8 b - - 1 44,e5f7 d8f8 h6g5 f8f7,1602,76,97,4539,crushing endgame fork short
ux4DX,b5k1/5pbp/2q3p1/1pN1n3/1P2pB2/4P2P/4BPP1/1Q4K1 w - - 0 26,b1b2 e5f3 e2f3 g7b2,1258,81,93,5281,crushing discoveredAttack middlegame short
TTy7M,4r1k1/7p/3N1p2/3R2p1/P1P5/4q3/1P4PP/5RK1 w - - 3 32,f1f2 e3c1 f2f1 e8e1,1563,77,95,12253,clearance crushing endgame pin short
dFpoZ,1br2rk1/ppq2ppp/5n2/3pn3/8/PNP2N1P/1P3PP1/R1BQ1RK1 w - - 0 15,c1f4 e5f3 d1f3 c7f4 f3f4 b8f4,1038,80,89,604,advantage discoveredAttack kingsideAttack long opening
L3ekk,3k3r/pp6/3P1bn1/2P1p3/P3Pp1q/5B2/6P1/R2Q1RK1 w - - 1 30,d1e1 h4h2 g1f2 f6h4 f2e2 h4e1,1740,76,91,509,advantage long middlegame skewer
P1uTx,r3r1k1/1p3pp1/p1q2b2/3N3Q/1P2p2p/P5P1/5P1P/3R1RK1 b - - 3 26,e8e5 h5e5 f6e5 d5e7 g8h7 e7c6,1843,75,85,720,advantage fork long middlegame sacrifice
gO0sT,rn1qk1nr/pp3p2/2pp4/4bb1p/2P1N3/2N1PB2/PP4PP/R1BQ1RK1 b kq - 0 12,d8h4 e4d6 e5d6 d1d6,1420,77,94,10157,crushing fork opening short
kW3ZV,2kr1b1r/ppp1qppp/3p1n2/4n3/6b1/3PBNP1/PPP1QPBP/RN3RK1 w - - 5 11,e3a7 e5f3 g2f3 e7e2,1380,78,94,35390,advantage discoveredAttack kingsideAttack opening short
fN7hv,3n3k/4r1bP/p3p1Q1/4p3/2qpP3/pR3P2/P1P5/2K3R1 b - - 11 40,c4e2 b3b8 e2e3 c1b1 e7b7 b8b7,1607,76,94,1040,advantage long middlegame pin
TpoG7,5nk1/4nppp/4p3/pq1pP1NQ/1p1P4/8/PP3PPP/2rBK3 b - - 4 27,b4b3 h5f7 g8h8 f7f8 e7g8 g5f7,1356,76,97,12651,deflection fork long mate mateIn3 middlegame smotheredMate
IKB9M,1rbr2k1/3nqp1p/p3p2Q/1pp1p3/4N2P/6P1/P3P1B1/2RR2K1 b - - 1 24,c8b7 d1d7 d8d7 e4f6 e7f6 h6f6,1723,74,96,1208,advantage fork long middlegame sacrifice
R6Qcd,r6r/pp1knQp1/n1pb1p1p/8/4q3/4BN2/PPP2PPP/2KRR3 b - - 5 16,a6b4 d1d6 d7d6 e3c5 d6c5 e1e4,1780,75,96,7768,attraction crushing discoveredAttack long middlegame sacrifice
PA1Jg,8/r7/8/8/2R2K2/3k4/8/8 w - - 1 57,c4e4 a7f7 f4e5 f7e7 e5d6 e7e4,1114,89,95,958,crushing deflection endgame long master rookEndgame skewer
obx6G,r4r2/1ppq1pb1/p1n2ppk/7P/3P1Np1/P1NQP3/1P3P2/2KR3R b - - 0 17,g6g5 d3g6 f7g6 h5g6,1627,79,93,9078,discoveredAttack discoveredCheck mate mateIn2 middlegame sacrifice short
JUaiV,r2qk1nr/ppp2pb1/2n4p/4N1p1/2BP1pb1/2N5/PPP3PP/R1BQR1K1 b kq - 0 10,g4d1 e5c6 g8e7 c6d8,1892,76,88,504,advantage discoveredAttack discoveredCheck opening short
EHKd9,4Rr1k/1pp3pp/1bnp4/5qNQ/3P4/7P/2P3P1/7K b - - 9 33,h7h6 g5f7 f5f7 h5f7 f8e8 f7e8,1654,75,96,3404,advantage long middlegame pin
DKRVo,2kN3r/pp6/3p4/4qp1p/2P5/6P1/4Bp1n/R2Q1R1K w - - 0 25,h1h2 h5h4 d1d3 h4g3 h2g2 h8h2,1343,76,100,702,advantage doubleCheck long middlegame
eAjRr,4r1k1/p4pp1/1p3q1p/3Q4/8/6P1/P4P1P/2R3K1 b - - 0 30,e8e2 c1c8 g8h7 d5d3 f6g6 d3e2,1217,74,96,3520,crushing endgame fork long
Wts4n,5r1k/1p4p1/1p6/6N1/4P2P/r7/2P5/2KR3R w - - 1 25,h1f1 f8f1 d1f1 a3a1 c1d2 a1f1,1709,78,91,2074,advantage endgame long skewer
8F0B4,5r1k/pp4p1/2p2b1p/1PP4Q/P2PB3/6q1/4P3/R4R1K w - - 2 32,h5g6 g3h3 h1g1 f6d4 e2e3 d4e3 f1f2 e3f2,1472,75,100,2003,exposedKing fork mate mateIn4 middlegame veryLong
grZ5H,8/6p1/1R5p/p5k1/5p2/2N2P1P/2nr2PK/8 b - - 1 47,c2e3 c3e4 g5f5 e4d2,1160,74,97,2396,crushing endgame fork short
44Tzo,1r1q2k1/p4ppp/B2b4/1P2n3/4n3/2Q4P/P4PP1/R1B2NK1 w - - 1 20,c3d4 e5f3 g2f3 d6h2 g1g2 d8d4,1680,77,94,789,advantage clearance discoveredAttack kingsideAttack long middlegame sacrifice
IWCul,8/p7/1p3k1p/2b2p2/P1P2R2/5N1P/4rPP1/6K1 w - - 1 35,f3h4 e2e1 g1h2 c5d6 g2g3 d6f4,1323,76,87,1226,crushing endgame long pin
HymeU,2R5/5k2/3R1P2/6P1/8/p3b3/1r2n3/K7 b - - 0 38,e3g5 c8c7 f7g6 f6f7 g6g7 d6g6 g7g6 f7f8q,1837,74,88,682,advancedPawn crushing deflection discoveredAttack discoveredCheck endgame exposedKing promotion veryLong
RjMTg,1kb4r/ppp1NQ2/3p3p/8/1PB1P1p1/PN1P2Pn/2q2b1K/R4R2 w - - 0 25,e7c8 f2g1 h2h1 c2h2,1737,76,94,625,discoveredCheck doubleCheck mate mateIn2 middlegame short
YLItR,rkb4Q/pp6/1n6/3R4/P5q1/8/1P4PP/2R4K b - - 0 27,b6d5 h8e5 d5c7 e5c7,1239,77,88,775,endgame fork mate mateIn2 short
3Qead,8/5p2/4pqp1/8/4k3/7P/2Q3P1/6K1 b - - 16 52,e4d4 c2b2 d4e4 b2f6,1088,76,99,1528,crushing endgame queenEndgame short skewer
1ykpa,r1b2r1k/ppp3pp/3b1P2/4N1Bq/2BpP3/8/PPP3QP/5RK1 b - - 0 20,d6e5 f6g7 e5g7 f1f8 g7f8 g5f6 f8g7 g2g7,1085,77,99,1191,advancedPawn discoveredAttack kingsideAttack mate mateIn4 middlegame veryLong
D348k,3rr1k1/2p2pp1/Q2b1q1p/p1p5/3P4/P3P3/1P1B1PPP/2R2RK1 w - - 0 19,d4c5 d6h2 g1h2 f6a6,1451,75,88,2318,crushing discoveredAttack middlegame short
Tivsw,r1b1kb1r/ppp2ppp/2n5/3q4/3Pn3/2N5/PPP2PPP/R1BQR1K1 b kq - 2 9,d5d4 e1e4 d4e4 c3e4,1149,76,100,1592,advantage fork opening short
WKR6q,r7/pp2kpQ1/2np1n2/2bP4/7P/6B1/qPP3P1/2KR1BNR w - - 0 17,d5c6 c5e3 d1d2 a2a1,1389,76,94,1781,mate mateIn2 middlegame pin queensideAttack short
kipw2,rnb1kbnr/pp1pp2p/1q3p2/2pP4/7B/8/PPP1PPPP/RN1QKBNR w KQkq - 1 5,b2b3 b6b4 b1d2 b4h4,1294,79,93,3574,advantage fork opening short
YZvow,5k2/pR6/8/2r2Np1/4P1n1/1P3p2/P7/3K4 b - - 3 48,f8e8 f5g7 e8d8 g7e6 d8c8 e6c5,1836,79,91,1058,crushing endgame exposedKing fork long master
vRdlx,1k1r2nr/ppp4q/3p1p1b/3N4/1nBPP1Q1/6B1/PPP3P1/3R1RK1 w - - 5 18,d5b4 h6e3 f1f2 h7h1,1450,74,87,603,clearance kingsideAttack mate mateIn2 middlegame pin short
0ULZz,2r1r3/ppp2p1k/2q3p1/7N/8/P1BBPbP1/1PP2P1R/R5K1 b - - 0 23,f3h5 h2h5 h7g8 h5h8,1228,83,85,2117,mate mateIn2 middlegame operaMate pin short
WfRcx,4r1k1/2p1rp1p/bp1p2p1/p2P2q1/4N3/P4P2/1PBn2PP/R2QR1K1 b - - 12 24,g5d5 e4f6 g8f8 f6d5 e7e1 d1e1 e8e1 a1e1,1439,76,85,622,crushing fork middlegame veryLong
nphLo,r3k2r/1pqn1pp1/2p1pn1p/pP1p1b2/P2P3P/B1P2Nb1/3NPPB1/R2QK2R w KQkq - 0 12,f2g3 c7g3 e1f1 f6g4 d1e1 g4e3 f1g1 g3g2,1520,76,95,5399,fork mate mateIn4 middlegame quietMove veryLong
CSNDB,8/R5p1/4Npkp/pP6/2n5/5PK1/1r4PP/8 b - - 6 39,b2b5 a7g7 g6f5 e6d4 f5e5 d4b5,1174,76,94,2290,advantage endgame fork long
TtjP1,r2k2r1/pbpP3p/1p3p2/8/2P1n3/2P1Qq2/P4P1P/R5RK w - - 0 20,e3f3 e4f2,1184,77,96,4848,cornerMate kingsideAttack mate mateIn1 middlegame oneMove pin
WSe9e,2r3k1/3q1pp1/p1n2b1p/1p1B4/3P4/1N3QP1/P1P2P1P/R5K1 w - - 3 21,b3c5 c6d4 c5d7 d4f3 d5f3 f6a1,1554,76,88,1673,advantage discoveredAttack long middlegame
KN3AR,1r2qrk1/1b3pp1/4pn1p/1p6/3N4/1Q2P1P1/5PBP/R2R2K1 w - - 1 20,b3b5 e8b5 d4b5 b7g2 g1g2 b8b5,1744,76,95,7085,crushing discoveredAttack long middlegame
9rrob,8/8/6B1/1p5p/2kp3P/6P1/r2B4/4K3 b - - 1 45,b5b4 g6f7 c4b5 f7a2,1128,76,91,823,crushing endgame short skewer
YtScG,2r2rk1/1pqb1p1p/p2p2pQ/3Pp2P/4Pn2/1N3P2/PPP3P1/1K1R1B1R w - - 1 19,h5g6 c7c2 b1a1 c2d1 b3c1 c8c1,1233,76,99,1506,backRankMate fork long mate mateIn3 middlegame
bg4FR,2k3r1/pppr1p1p/2n5/8/8/PQ4P1/1bP2P1P/3K2NR w - - 0 19,d1e2 c6d4 e2f1 d4b3,1050,79,90,637,crushing fork middlegame short
qu7S4,r1bq4/ppp2pk1/3p2pp/3Q4/4r3/7P/PPP2PP1/2KR1B1R b - - 1 15,e4e5 d5e5 d6e5 d1d8,1345,79,91,1490,crushing discoveredAttack master middlegame short
odMBx,4r1k1/5p1p/6b1/1p6/4q2P/1P3RQ1/6P1/5B1K b - - 6 38,e4e1 h4h5 e1g3 f3g3 e8e1 h1g1,1678,76,95,7634,crushing defensiveMove endgame long pin
5U6c5,7r/8/1P2R2P/7K/5b2/2k5/8/8 b - - 0 76,c3c4 e6e4 c4d5 e4f4,1164,75,97,2092,crushing endgame fork short
EmVYa,8/8/4B3/4p3/1k2P3/6rP/7r/1R3K2 b - - 4 50,b4c3 b1b3 c3d4 b3g3,1189,78,92,4036,advantage endgame short skewer
dGWWQ,8/5Qpk/5n2/6K1/6p1/7P/4r3/8 w - - 0 47,h3g4 f6e4 g5f4 e2f2 f4e4 f2f7,1796,80,93,2522,crushing endgame long skewer
UjYYK,2kr4/p1p2ppp/1bp3r1/3n1qB1/N2P4/1QP4P/PP3PP1/3RR1K1 w - - 9 20,g5d8 f5h3 d8g5 g6g5,1839,79,87,3267,advantage middlegame pin short
cYRNT,r4rk1/p2q1p2/1bpp3p/4p1pn/1P2P3/P2P1NBP/4QPP1/R4RK1 w - - 3 18,f3e5 h5g3 e5d7 g3e2,1481,77,90,2311,advantage kingsideAttack middlegame pin short
wbHF2,8/7k/8/3N4/P4pp1/6rp/5K1R/8 w - - 0 47,d5f4 g3f3 f2g1 f3f4,1224,77,87,1059,crushing endgame fork short
vhuLe,r1b2r2/4ppkp/p4qp1/8/2B5/5P2/PPPQ2PP/R3K2R w KQ - 0 16,c2c3 f6h4 g2g3 h4c4,1604,76,95,23184,advantage fork middlegame short
J5fsx,2k4r/ppp2pp1/2p5/8/4P3/4PRp1/PPP3P1/RN1r2K1 w - - 2 16,f3f1 h8h1 g1h1 d1f1,1417,81,93,2381,attraction deflection endgame kingsideAttack mate mateIn2 pin short
8Ofjz,r3r3/p2n4/2p1kpQ1/3p4/3P4/2P2N2/P1P1qPP1/2K4R b - - 0 21,e6d6 g6g3 d6e7 h1e1 e2e1 f3e1,1996,78,93,6298,advantage long middlegame pin
3KAQs,4rk2/pp3p1Q/2pb4/7R/3P4/2N1P3/PP4q1/2K5 b - - 0 25,e8e3 h7h6 f8e8 h6e3,1783,75,88,1010,crushing endgame fork master short
8EQRV,r4rk1/2q2pb1/p2p4/1p1Pn3/3B4/3Q2R1/PPP3PP/R5K1 b - - 8 23,e5d3 g3g7 g8h8 g7f7 h8g8 f7c7,1129,77,95,6683,advantage deflection discoveredAttack discoveredCheck kingsideAttack long middlegame
16ObY,5rk1/pp5p/1n6/2qPp1p1/4B3/4Q1Pb/PP3K1P/R3R3 w - - 3 27,f2g1 f8f1 e1f1 c5e3,1207,75,97,6014,crushing deflection kingsideAttack middlegame pin short
Swy0r,1r6/5k2/p5p1/4Pb1p/2p2P2/PrN3P1/1P1R3R/2K5 w - - 3 30,d2d6 b3c3 b2c3 b8b1 c1d2 b1b2 d2e3 b2h2,1487,75,93,5015,clearance crushing endgame sacrifice skewer veryLong
pwQGE,5rk1/2p2pp1/1q5p/8/4Q3/5B1P/r5P1/5R1K b - - 2 32,b6g6 e4g6 f7g6 f3d5 g8h7 f1f8,1403,81,96,24173,advantage clearance deflection discoveredAttack endgame fork long
2KICy,1k4r1/1n1q3p/R4p2/2p2P2/3p3b/1P1P1Q2/2P3B1/6K1 b - - 0 31,g8g7 f3f4 d7c7 f4h4,1905,82,93,2061,advantage fork middlegame short
xUwih,6k1/ppp2p1p/4bbp1/5P2/8/P5N1/1r6/2K1R1R1 b - - 1 27,e6b3 e1e8 g8g7 g3h5 g7h6 h5f6 b2c2 c1b1,1367,76,85,667,advantage deflection endgame pin veryLong
niYz2,5rk1/1p1R1pp1/2p4p/8/1P2n3/2P4P/1P4P1/rBK2R2 w - - 2 22,d7b7 a1b1 c1b1 e4d2 b1c1 d2f1,1173,78,91,635,advantage attraction endgame fork long sacrifice
RN27a,4r1k1/p6p/1p1p1Bp1/3Pbp2/2Pq3Q/1P5P/P5P1/4R1K1 w - - 11 32,h4d4 e5d4 g1f1 e8e1 f1e1 d4f6,1184,76,87,637,crushing discoveredAttack endgame long
C5Tsy,5r1k/1pR4p/4pP2/5r2/qP1P1Q2/6R1/6P1/7K w - - 3 33,f4h6 a4d1 h1h2 f5h5 h6h5 d1h5,1424,75,96,3402,advantage endgame fork long
ZKyRP,r5R1/p1p2Q2/2k4B/5p2/8/8/PPq3PP/3r1RK1 w - - 7 28,g8a8 c2c5 h6e3 c5e3 g1h1 d1f1,1264,76,95,12998,backRankMate deflection endgame long mate mateIn3 pin
TFXZm,r1b3k1/pp3p1p/1q2n1p1/2n5/2B5/2Q4P/PPP2PP1/1K1N2NR w - - 2 20,c3f6 c5e4 f6e7 e4d2 b1c1 d2c4,1746,76,95,8695,crushing fork long middlegame
Zjylz,2k3r1/p2q4/2p2R2/2Pp2pp/B3p3/6P1/PPP4K/4R3 b - - 1 28,h5h4 f6c6 c8b7 c6b6 a7b6 a4d7,1397,75,89,757,advantage discoveredAttack endgame exposedKing long queensideAttack
ojyjG,8/8/3b1k2/8/6p1/8/4KNP1/8 b - - 3 52,f6g5 f2e4 g5h4 e4d6 h4g3 e2f1,1230,74,100,827,crushing defensiveMove endgame fork long
iGL3k,3rr1k1/5ppp/1p6/p4Q2/1B4P1/P3qB1P/2P3K1/5R2 w - - 0 33,f1e1 d8d2 b4d2 e3d2 e1e2 e8e2 f3e2 d2e2,1435,77,93,1704,advantage fork middlegame sacrifice veryLong
R7DDH,8/ppn1r2k/3p4/2pP1pp1/5P1P/P1P3Q1/6K1/8 w - - 0 32,g3g5 e7g7 g2f3 g7g5,1345,77,93,14774,crushing endgame pin short
QXneg,8/5p1k/1B5p/5p2/4q1n1/P5P1/5Q1P/5K2 w - - 1 48,f2e2 e4b1 f1g2 b1b6,1973,77,92,1587,advantage endgame fork master short
xKhK5,4r2k/p6q/bp3n2/2pP4/2P2b2/1PQ2P2/PK3P1P/4R2R b - - 5 28,e8e1 c3f6 h7g7 f6g7 h8g7 h1e1,1191,79,91,1747,advantage exposedKing fork hangingPiece long middlegame
61Yer,r3kbnr/3q1ppp/2n1p3/1Bp5/4P3/1Q6/PP1P1PPP/R1B2RK1 b kq - 0 14,a8b8 b5c6 b8b3 c6d7 e8d7 a2b3,1088,75,95,886,crushing long opening pin
SIYrz,r1br2k1/p4pp1/5n1p/1Npp4/8/P3PB1P/1P3PP1/R2R2K1 b - - 1 18,c8a6 b5c7 a6c4 c7a8,1014,77,89,534,crushing fork middlegame short
y5R8Z,4rrk1/pp1b2bp/1q4p1/3pP3/3N4/2PP1NP1/PP1QB1KP/5R2 b - - 0 21,g7e5 f3e5 e8e5 f1f8 g8f8 d2f4,1352,79,93,24696,advantage attraction discoveredAttack kingsideAttack long middlegame
vnYBc,1k3b1r/1p3p2/pBb2N2/4Pqp1/5Np1/6P1/5PQP/3R2K1 b - - 0 30,c6g2 d1d8 f5c8 f6d7 b8a8 d8c8,1433,78,96,29721,long mate mateIn3 middlegame pillsburysMate pin queensideAttack
rXODm,4r1k1/1p2rppp/p1b5/4n3/8/2P2P2/P1Q3PP/3R2BK w - - 1 33,h2h3 e5f3 g2f3 c6f3 h1h2 e7e2,1596,76,93,5932,advantage fork long middlegame
Qdv0y,2q1kbnr/nb3p1p/6p1/1p2P3/2pQ1P2/2P2N2/4B1PP/1NB2RK1 w k - 3 17,d4a7 f8c5 c1e3 c5a7,1136,74,97,5130,crushing fork middlegame short
KwJC6,r4rk1/pp2ppBp/3p2pq/5b2/1P2nP2/2PB4/PN4PP/1R1Q1RK1 b - - 0 18,g8g7 d3e4 f5e4 d1d4 g7g8 d4e4,1089,76,97,2905,clearance crushing fork long middlegame
1bt9e,3r1rk1/p1p1bpp1/1p2p2p/1P2P3/3q4/P2B1Q1P/5PP1/3RR1K1 b - - 2 21,e7a3 d3h7 g8h7 d1d4 d8d4 f3a3,1076,77,89,542,advantage discoveredAttack long middlegame
LQupT,6rk/2p4n/7b/1p1QNq2/3p1P2/3P3P/1PP3P1/5RK1 b - - 2 31,h7f8 e5f7 f5f7 d5f7,1117,78,93,1959,crushing fork middlegame short
qx08l,r1bq1r1k/pp5p/3b1p2/3Q1p2/1P3N2/2P1PN2/P5PP/R4RK1 w - - 1 19,f4e6 d6h2 f3h2 d8d5,1358,75,85,585,advantage discoveredAttack kingsideAttack middlegame short
j8rlv,8/6pk/7p/3Rpp2/7P/5PP1/r2NK2n/8 w - - 5 47,d5e5 a2d2 e2d2 h2f3 d2e3 f3e5,1187,78,88,1034,attraction crushing deflection endgame fork long master
YJX9y,rn1qr1k1/pp3ppp/8/2pP4/6bb/2N2N2/PP2B1PP/R1BQK2R w KQ - 4 13,g2g3 g4f3 e1g1 f3e2,1283,80,93,3150,advantage opening pin short
0yksp,2rq1r1k/1p4p1/p1n4p/5p2/B1QP4/4P1P1/P4PP1/1R2R1K1 w - - 3 22,b1b7 c6a5 c4c8 d8c8,1273,75,98,3589,advantage fork middlegame short
jDErx,r1b1k2r/p1p2ppp/2pp4/2b1n3/4P2q/2NB3P/PPP2PPK/R1BQ1R2 w kq - 3 11,f2f4 e5g4 d1g4 c8g4,1434,78,88,1203,crushing master middlegame pin short
EsySi,r4r2/ppp3kp/2n3p1/4N3/7q/1QPPR2B/PP3PPP/R5K1 w - - 1 20,e5c6 h4f2 g1h1 f2f1 a1f1 f8f1,1077,88,95,9373,backRankMate fork long mate mateIn3 middlegame sacrifice
43yRv,8/5p2/R1N1kn1p/3pB1p1/P2P4/4q2P/6PK/8 b - - 0 31,e6f5 c6e7 f5e4 a6f6,1574,76,93,1756,crushing deflection discoveredAttack endgame short
1Ylwx,r4rk1/p2b2p1/1pp2p2/q6Q/3p3R/2P1PNP1/PP3PP1/1K5R w - - 0 21,h5g6 d7f5 g6f5 a5f5,1112,75,97,2257,crushing fork middlegame short
A8qKE,r6r/p2nkppp/2p1p3/2PpP3/1P1Q1P2/q1N2R2/P5PP/R3K3 b Q - 2 18,a3b2 c3d5 e6d5 d4b2,1155,76,99,868,crushing discoveredAttack middlegame short
KxYVa,2rqr3/pp3pkp/3p2p1/4p3/2nP4/2Q2N2/PPR2PPP/2R3K1 b - - 2 20,e5d4 c3d4 c4e5 c2c8 d8c8 c1c8,1581,75,89,2105,crushing discoveredAttack long middlegame
9a4Ce,1R6/R5rk/3p4/8/2P1P3/4K1p1/7r/8 w - - 6 54,a7a8 g3g2 b8h8 h7g6 a8a1 h2h8,1388,75,100,1388,advancedPawn crushing discoveredAttack endgame long rookEndgame
H8ECD,r1bq1rk1/p4pp1/5n1p/2pp4/2P5/3B1Q2/P1P2PPP/R1B2RK1 w - - 0 13,f1d1 c8g4 f3g3 g4d1,1290,77,91,583,advantage middlegame short skewer
bsj0G,8/6kP/8/2K5/8/3B4/2n2p2/8 w - - 2 57,c5d5 c2b4 d5d4 b4d3 h7h8q g7h8,1113,76,97,999,crushing endgame fork long master masterVsMaster
jLICn,4r1k1/p1p2pp1/7p/1Q6/Nb1q4/1P3P2/P5PP/3R3K b - - 4 29,e8e1 d1e1 b4e1 b5e8 g8h7 e8e1,1125,75,97,1321,crushing endgame fork long
3EZRa,8/N2r2k1/1p1p2r1/3Pp2p/4Pp1P/Q3nP2/PP6/2K5 w - - 1 34,a7c6 g6g1 c1d2 e3c4 d2d3 c4a3,1202,77,99,3852,crushing endgame fork long master
paHSE,r4r1k/ppp2p1p/2n2qp1/3BP1Rn/4P3/P1P1BP1P/3Q1P2/R3K3 b Q - 0 16,c6e5 g5e5 f6e5 e3d4,1671,75,96,13189,crushing master masterVsMaster middlegame pin sacrifice short
O3iSc,4r3/p7/1p2Pkpp/2n2p2/3N1K2/1P3P1P/P3R1P1/8 w - - 3 34,e2e3 g6g5 f4g3 f5f4 g3f2 f4e3,1422,76,100,2380,crushing endgame fork long
xRkvq,r2q1rk1/pp2ppbp/3p1np1/3N4/2Q1P3/7P/PP3PP1/R1BR2K1 b - - 0 14,a8c8 c4c8 d8c8 d5e7 g8h8 e7c8,1520,75,93,974,advantage attraction fork long middlegame sacrifice
euq9i,r3r1k1/p5qp/2p3p1/np6/2pPB2Q/2P5/PP1B2PP/4R1K1 b - - 3 26,e8e6 e4d5 c6d5 e1e6,1965,76,100,582,crushing discoveredAttack master middlegame pin short
10JWG,2b2k2/p2n2pp/4Q3/2qp4/8/1P3NN1/P4PPP/6K1 w - - 1 29,f3g5 c5c1 g3f1 c1g5,1120,76,97,1857,advantage endgame fork master short
WWc7c,2n5/kp1q4/1p1p4/pP1Pp3/P1P1NrP1/3PQ1R1/4K3/8 b - - 0 36,f4g4 e4f6 g4g3 f6d7 g3e3 e2e3,1800,81,93,1769,crushing endgame fork long
9gNmw,3k3r/p1r2p1p/2R2p2/1B1p1b2/1b1P4/4P3/PP3PPP/4K1NR w K - 1 15,e1e2 f5d7 c6c7 d7b5 e2f3 d8c7,1926,73,95,12878,advantage long master middlegame sacrifice skewer
UxlGo,3r2k1/2p2pp1/1r3q1p/p7/1nRP4/2Q2N2/1P3PPP/5RK1 w - - 2 25,c4c7 b4d5 c3c5 d5c7,1335,77,90,5312,advantage fork middlegame short
L3Kox,r7/1n6/1p1p1qpk/p2Pp2p/1PP1P3/6RQ/3bBNPP/6K1 b - - 7 32,a5b4 f2g4 h6g7 g4f6,1105,77,94,7193,crushing master middlegame pin short
JOPoZ,8/pp6/5r1P/2p1k1p1/3nB3/3Pn1K1/PP6/2R4R w - - 3 42,h6h7 d4e2 g3h3 f6h6,1618,74,95,17128,endgame fork mate mateIn2 short
xEXy2,7k/2pr1qb1/2R3pp/1pR1p3/1P2Np2/1Q2nP1P/6P1/7K w - - 4 38,b3f7 d7d1 h1h2 e3f1 h2g1 f1g3 g1f2 d1f1,1672,75,88,973,discoveredAttack discoveredCheck hookMate mate mateIn4 middlegame veryLong
bomlc,6r1/1p3kpp/2q1pp2/8/1b3Q2/P3PN2/2r3PP/3RR1K1 b - - 1 27,b4e1 f3e5 f7e7 e5c6,1604,76,94,2759,advantage middlegame pin short
q3ErA,8/pp2R1p1/1k3pBn/7P/8/1KP1N3/1P3q2/8 b - - 1 29,h6g8 e3c4 b6c5 e7c7 c5d5 g6f7 d5e4 f7g8,1900,76,92,1753,advantage endgame exposedKing fork veryLong
RlUVb,3q1rk1/1p3ppp/p7/4p3/1P6/P2rP1P1/3PNPKP/R1BQ4 w - - 1 23,a1a2 d8d5 e3e4 d5a2,1177,81,93,4408,crushing fork middlegame short
imdYN,1r1qk2r/b3n1pp/b2p1p2/1pp1p3/2P1P3/NQ2BN2/PP3PPP/R3R1K1 b k - 0 16,b5c4 b3a4 d8d7 a4a6,1043,82,94,1332,crushing fork middlegame short
zN4Dg,r5k1/2q1rpp1/5nbp/2p5/2NpP2P/pP1Q2P1/P3RPB1/4R2K b - - 3 32,f6d5 e4d5 g6d3 e2e7 c7d8 d5d6,1894,79,91,778,crushing discoveredAttack long middlegame
i2f5b,1r2rk2/2Rn1ppQ/3p1b1p/1p1Pp3/5q2/1P2R2P/P4PP1/1B4K1 b - - 3 28,b8c8 c7c8 e8c8 h7h8 f8e7 h8c8,1981,76,95,9643,crushing long master middlegame skewer
LTUbA,8/8/8/kp6/1N6/P3q1p1/6P1/1RR2K2 w - - 0 51,b4c6 a5b6 c1c2 e3d3 f1e1 d3c2,1362,80,94,3083,crushing defensiveMove endgame fork long
tgeSK,4k3/p4pp1/2p5/2P3q1/1P2p3/P1Q5/4PR2/4KN1r w - - 3 30,c3d2 e4e3 d2d6 e3f2,1699,75,96,19177,advancedPawn attackingF2F7 crushing endgame fork short
XbTNU,3r1rk1/ppq3pp/4p3/5pN1/3Bn3/2P5/PP3PPP/R1Q3K1 b - - 2 21,d8d4 g5e6 c7e5 e6d4,1565,79,97,16855,advantage fork master middlegame short
7qWwp,rn1q1rk1/pb2bppB/1p2p3/4P3/3P1N2/4nR2/PP1N2PP/R2Q2K1 b - - 0 17,g8h7 f3h3 h7g8 d1h5 e7h4 h3h4 d8h4 h5h4,1309,74,94,3011,advantage clearance fork middlegame veryLong
yzJJp,r3k1nr/pp3ppb/1qn1p2p/2bpP2P/5PP1/2N1B3/PPP1N3/R2QKB1R w KQkq - 0 12,c3a4 b6a5 d1d2 c5e3 d2a5 c6a5,1970,74,94,8053,crushing fork long middlegame pin
yQxOL,1k1r4/pqn3p1/1pp3r1/2B1p3/4P1P1/1RP2P1p/P3Q2P/1R4K1 b - - 2 27,c7e6 c5b6 a7b6 b3b6 b7b6 b1b6,1913,78,96,10613,crushing long middlegame pin queensideAttack
Fn85k,3Q4/1b6/1P2B3/K4p2/4p1k1/4P3/5P2/q7 w - - 1 54,a5b5 a1e5 b5b4 e5e6,1892,75,95,1284,crushing endgame fork master short
z6mEi,4r1rk/ppbn1p1b/2p1q2P/3p1B2/5PQ1/2P1P2R/PP1N1B2/2K3R1 b - - 0 31,h7f5 g4g7 g8g7 h6g7 h8g8 h3h8,1508,80,93,549,advancedPawn collinearMove discoveredCheck doubleCheck exposedKing kingsideAttack long mate mateIn3 middlegame sacrifice
1O16S,2rr2k1/pb2bppp/1pn1p3/8/1P6/P3PN2/1BR1BPPP/5RK1 w - - 1 17,f3d4 c6d4 b2d4 c8c2,1166,79,93,796,capturingDefender crushing discoveredAttack middlegame short
dNJ38,Qbkr2r1/p2p1p2/bP2q3/1p1N4/5p2/P7/5PPP/R2K2NR b - - 1 22,a6b7 a1c1 b7c6 b6b7,1548,77,94,799,advancedPawn mate mateIn2 middlegame pin short
AV2z4,5r1k/6p1/p2p3p/1p1Q4/4Bqn1/1P4N1/P1R2PKP/8 w - - 2 32,f2f3 g4e3 g2h3 e3d5,1104,82,95,5483,crushing fork middlegame short
lON2x,r1b1k2r/p2p1ppp/1p2p3/1B2P3/7Q/4q3/P5PP/2RR3K b kq - 1 16,e3e5 c1c8 a8c8 b5d7 e8f8 d7c8,1597,78,91,8626,advantage attraction fork long middlegame
BeaUs,8/8/5kp1/pN2pB1p/4r3/8/3K4/7R b - - 0 46,f6f5 b5d6 f5g5 d6e4,1193,82,94,1730,crushing endgame fork short
aoFWF,5rk1/Q2R1pp1/p6p/6b1/1P2q3/P3P3/6PP/3R2K1 w - - 1 33,a7d4 g5e3 g1h1 e3d4,1111,79,88,552,advantage endgame fork short
0uA0h,r3k2r/pp3p1p/1q2p1pn/1N1pb3/8/2N2Q2/PPP3PP/4RR1K b kq - 3 16,e5g7 c3d5 e8g8 d5b6,1856,76,93,641,advantage middlegame pin short
hUczm,6R1/pkq2p2/2p1p3/2Pp3P/1P6/PN1K1r2/2P5/4Q3 w - - 0 32,d3d2 c7f4 d2d1 f3f1 e1f1 f4f1,1304,77,89,920,advantage endgame long pin
nBSDK,1r1b2k1/5qp1/ppQ1P1pp/3n4/3P4/8/P4PPP/2R2RK1 b - - 0 28,f7b7 c6b7 b8b7 c1c8 g8f8 c8d8,1928,74,97,1568,clearance crushing long middlegame pin
gP0er,8/R4pk1/4p1pp/8/4nKPP/1Br2P2/P7/8 b - - 4 49,e4f6 b3e6 g6g5 h4g5 h6g5 f4g5,1492,75,100,1079,advantage endgame long pin
6CvSW,rbbq2k1/1p3r1p/p5N1/3p3Q/3n4/2B5/PP3PPP/2R1R1K1 b - - 2 18,h7g6 h5g6 f7g7 e1e8 d8e8 g6e8,1360,75,96,3661,crushing exposedKing fork long middlegame
OuzTK,r1b1kb1r/ppp1q2p/5n2/4npB1/8/5N2/PPP2PPP/RN1QKB1R w KQkq - 0 10,g5f6 e5f3,1344,78,92,712,doubleCheck epauletteMate mate mateIn1 oneMove opening
YYJCv,r2qk1nr/ppp2pbp/3p2p1/8/2Q1PB2/8/PPP2PPP/RN2K2R b KQkq - 0 10,g7b2 c4b5 c7c6 b5b2,1345,77,88,523,advantage fork middlegame short
eQoZB,2r3k1/1R3pbp/6p1/1P6/2bPN3/4P1BP/2r1RPP1/5K2 w - - 1 27,e4c5 c2c1,1569,82,85,1185,mate mateIn1 middlegame oneMove pin
r0i5C,r4bnr/ppp2kpp/2nq4/4p3/5P2/2N2Q2/PPPP2PP/R1B2RK1 b - - 0 9,c6d4 f4e5 d4f3 f1f3 g8f6 e5d6,1496,78,94,656,advantage discoveredAttack discoveredCheck long opening sacrifice
QOv1g,r4rk1/pp2b1p1/1qp1p2B/4Np1P/3P4/3Q4/PPP2n2/1K4RR b - - 0 19,f2d3 g1g7 g8h8 e5g6,1500,76,96,30107,fork mate mateIn2 middlegame short
ZuZnl,1r1q2r1/p1p4p/4kp1b/2Q1n3/8/8/P3NPPP/RN3RK1 w - - 0 18,e2d4 d8d4 c5d4 e5f3 g1h1 f3d4,1601,76,100,620,advantage attraction long middlegame pin sacrifice
Z2jpR,r3k2r/ppp2ppp/3p4/4p2b/4P3/4PB2/PPPPK2q/R1BQ1R2 w kq - 5 17,f1f2 h5f3 e2f3 h2h5 f3g3 h5d1,1217,77,91,960,attraction crushing long middlegame pin skewer
UZ2xm,2rq1rk1/1p1n2bp/p1n1p1p1/4p3/3pP3/2PB3P/PPQBNPP1/2R2RK1 w - - 2 20,c2b3 d7c5 b3c2 d4c3,1934,77,93,1436,advantage fork middlegame short
Ydk3d,7k/R7/4B2p/P7/8/2b2P2/6PP/1r3K2 w - - 1 39,f1f2 c3d4 f2g3 d4a7,1391,78,91,1022,advantage endgame fork short
VmiFe,3r1rk1/p1p2ppp/1bN5/1p2N3/4n3/2P5/PP2K1PP/3R1R2 b - - 3 17,d8d6 c6e7 g8h8 e5f7 f8f7 f1f7,1652,74,85,828,crushing deflection fork long middlegame
7MnhT,3R4/1p4pk/p1b4R/P1B5/5r1P/8/1P4p1/6K1 b - - 0 37,h7h6 c5e3 h6h5 e3f4,1394,76,93,2579,advantage endgame pin short
Ee7ax,r3kb1r/ppp1pppp/3q4/3P4/1nP5/P4b2/1P3PPP/R1BQKB1R w KQkq - 0 10,d1f3 b4c2 e1d1 c2a1,1130,77,93,1509,crushing fork middlegame short
mux9F,rn1qk2r/pbp2ppp/1p1ppn2/8/2PP1B2/1QP1PP2/P5PP/R3KBNR b KQkq - 0 8,f6h5 b3b5 b8d7 b5h5,1417,79,93,3308,advantage fork opening short
183iQ,r1b2rk1/p1p2ppp/2p5/7Q/1PB2P2/2P5/P2q1bPP/3R3K b - - 1 16,d2c3 h5f7 f8f7 d1d8,1654,80,92,4584,kingsideAttack mate mateIn2 middlegame pin sacrifice short
u8IJX,r2qkb1r/2pb1p2/p1np1n2/1p2p1N1/3PP3/1BP4P/PP3PP1/RN1QR1K1 b kq - 0 12,h8g8 b3f7 e8e7 f7g8,1036,83,93,1015,advantage attackingF2F7 fork middlegame short
w5sB8,8/1b6/3k4/pP5B/P3p2R/r5P1/5K1P/8 w - - 0 58,h5e2 e4e3 f2e1 a3a1 e2d1 b7f3,1351,76,100,1163,crushing endgame long pin
iISt0,8/8/p1p2Rk1/PpN4p/1PnP2p1/3K2P1/5r2/4R3 b - - 0 43,g6f6 c5e4 f6f7 e4f2,1401,76,91,964,crushing endgame fork master masterVsMaster short
NvzXn,2r5/p5k1/3p2p1/1q3pNr/4p2P/3n4/PP4QR/1K4R1 b - - 3 37,d6d5 g5e6 g7f6 g2g6,1152,78,88,646,crushing discoveredAttack middlegame short
T6umh,2rq1rk1/pb4b1/1p2p1Q1/6N1/3P4/2P5/P4PP1/R3K2R b KQ - 2 19,f8f6 h1h8 g8h8 g6h7,1657,70,96,22507,attraction mate mateIn2 middlegame pin sacrifice short
baK2o,r6k/p2pq2p/1p3pp1/8/1P1n4/3QNb2/P1R2P1P/4R1K1 b - - 19 34,d4c2 e3c2 e7f7 d3f3,1451,75,88,662,advantage discoveredAttack master middlegame short
4oQQc,5rk1/pb3ppp/4pnq1/1BQ5/Pp2P3/5P2/6PP/3R2K1 b - - 0 28,f8c8 c5c8 b7c8 d1d8 f6e8 d8e8,1158,77,95,14226,backRankMate fork long mate mateIn3 middlegame sacrifice
YMm9c,r6r/3q1kb1/4pp2/1p1p2p1/p5Np/BP3Q1P/P1P2PP1/2K4R b - - 1 25,a4b3 g4e5 f7e8 e5d7,1166,75,97,3362,advantage middlegame pin short
5evjb,2rr2k1/1q1nbpp1/p3p2p/2p5/2P2B2/1PQB1P1P/P4P2/R3R1K1 b - - 0 24,b7f3 d3h7 g8h7 c3f3,1140,76,95,2520,crushing discoveredAttack middlegame short
iwVcA,3Q1bk1/1p3p1p/6p1/2pb4/R4PP1/2Pq1NKP/4r1B1/R7 w - - 5 35,a1f1 e2g2 g3g2 d5f3 f1f3 d3d8,1926,76,100,964,advantage attraction discoveredAttack long middlegame
EOF3M,2rq1rk1/p4ppp/1pP1p3/3pP3/nb1B4/1N5P/P3QPP1/2R2RK1 b - - 1 20,d8e8 e2b5 b4c5 b5a4,1819,75,89,2239,advantage fork master middlegame short
QQJOm,r3r1k1/p4pp1/3q2p1/1p2N3/2pP4/1nP2P1P/4R1P1/3QR1K1 b - - 1 26,e8e6 e5f7 g8f7 e2e6 d6e6 e1e6,1902,74,89,1589,crushing discoveredAttack long middlegame
AhfMV,r2q2k1/4b1p1/2n1p1Qp/p2pB3/2pP1P2/2n1P3/P5PP/R4RK1 b - - 3 23,e7f8 g6e6 g8h7 e6c6,1307,74,95,32054,advantage fork middlegame short
orDtE,r2q1rk1/3p1pb1/7p/p2N2p1/2Q1Pp2/5P2/PP4PP/3RR1K1 b - - 0 24,a8c8 c4c8 d8c8 d5e7 g8h7 e7c8,1472,75,88,503,attraction crushing fork long middlegame sacrifice
anaTi,r4rk1/ppq3pR/2p3p1/3Np1p1/8/1B3PP1/PPP3K1/7R b - - 0 27,c6d5 b3d5 c7f7 h7h8,1534,75,89,668,endgame kingsideAttack mate mateIn2 pin short
pltIq,4r1k1/p2r2bp/q5p1/2Bp4/1P1Pp3/PQ6/6PP/4RR1K b - - 1 30,g7h6 b3h3 a6e6 h3h6,1943,74,93,1829,crushing fork middlegame short
4Og6q,r1b1kr2/1p4Qp/p1n1p3/2b5/4q3/2P2N2/PP2BPPP/3RK2R b Kq - 1 17,f8f7 g7f7 e8f7 f3g5 f7e7 g5e4,1822,76,96,4175,advantage attackingF2F7 attraction exposedKing fork long middlegame sacrifice
afPvc,1r5k/5q2/b3p1pp/rpp1P3/2P4P/1K1QP3/2B3P1/R6R w - - 0 32,d3g6 b5c4 b3c3 b8b3 c2b3 f7g6,1902,76,89,885,crushing deflection discoveredCheck doubleCheck long middlegame
RWk8W,4rrk1/1bq3pp/p3pn2/1p1p1pN1/3P4/PPpB3Q/2P2PPP/4RRK1 b - - 5 24,h7h6 g5e6 e8e6 e1e6,1398,85,93,8996,advantage fork middlegame short
nD1pB,3r4/2r2pkp/p2p2p1/1p1R2Pn/4P3/2P2P1B/PP5P/1K5R w - - 3 22,h1d1 h5f4 h3f1 f4d5,1148,76,95,989,advantage endgame fork short
l7BmF,7k/6p1/1p1p3p/P7/1R2Bp2/1Pb2P1P/1r6/6K1 w - - 1 34,b4b6 c3d4 g1f1 d4b6 a5b6 b2b3,1341,74,95,1805,capturingDefender crushing endgame fork long
JNnPi,8/pp2r1p1/3R2kp/6p1/2P1N3/1P1K3P/P7/6b1 b - - 3 36,g6h5 e4g3 h5h4 g3f5 h4h3 f5e7,1199,81,93,589,advantage endgame fork long
Ukuom,r3k2r/1p2qppp/p3pn2/3p1b2/Q2P4/2N1P3/PP3PPP/2R1KB1R b Kkq - 3 13,e7d7 f1b5 a6b5 a4a8,1519,75,96,4063,crushing master middlegame pin short
BZvtG,r3r3/pp1k1ppp/1q1b4/3p4/4nP2/2N5/PPP3PP/R1BQ1R1K w - - 0 14,c3d5 e4f2 f1f2 b6f2 c1e3 e8e3,1433,76,90,3052,advantage fork long middlegame
wAwIh,1r3rk1/2p2pp1/p1bb1q1p/1p6/8/P3PN2/1PQB2PP/R3R1K1 w - - 0 19,c2c6 d6h2 f3h2 f6c6,1139,76,97,5704,crushing discoveredAttack middlegame short
QWWjr,5k2/5pp1/2p1p3/2K1P2p/3P1nPP/5r2/3R3R/8 w - - 2 35,h2f2 f3f2 d2f2 f4d3 c5c4 d3f2,1672,76,97,9263,attraction crushing endgame fork long
bFPAI,2r3k1/5pp1/3p4/1P3Pp1/2P3P1/8/3p2P1/1R4K1 w - - 1 41,b5b6 c8c4 b1d1 c4c1 g1f2 c1d1,1319,80,93,1286,crushing endgame long pin rookEndgame
p3j6T,q3r1k1/1b3Bp1/1n1b3p/1pp1N3/5n2/2PP3P/1P3PPN/3QR1K1 b - - 0 19,g8h8 e5g6 f4g6 e1e8 a8e8 f7e8,1537,79,95,49460,crushing discoveredAttack fork long middlegame
AIA0k,r5k1/1q3pbp/3B2p1/1p2p3/3pN3/1R1PnPP1/P3P2P/2Q3K1 b - - 2 25,a8a2 b3b5 b7a8 b5b8 a8b8 d6b8,1605,74,95,9515,crushing fork long master middlegame
INLW6,6k1/p4ppp/2pq1n2/1pb5/4P3/1P1N1P2/PBQ3PP/7K b - - 3 27,c5b6 e4e5 d6e6 e5f6,1427,75,87,3368,advantage endgame fork master short
rUm7L,r4rk1/1p3pp1/p1bp1q1p/5P1P/4PPQ1/1PP5/6R1/3R2K1 b - - 0 27,f8e8 d1d6 c6e4 d6f6,1390,77,95,22065,crushing master middlegame pin short
G5z92,Bn3qk1/3pp1b1/bp4p1/7p/3N2nP/2P3P1/PPQN2r1/R1B1R1K1 w - - 1 17,g1g2 f8f2 g2h3 f2h2,1307,76,96,6682,fork mate mateIn2 middlegame short
EDmNa,r3r1k1/ppp5/3p4/1P5p/P1PR2bq/7N/1Q3PBK/8 b - - 2 32,h4f6 d4g4 h5g4 b2f6,1305,80,92,1069,crushing discoveredAttack middlegame short
qXass,8/pp3kpp/2pr1pb1/3p4/P2P1P1P/1nN3P1/1P2BK2/3R4 b - - 0 29,g6e4 c3e4 d5e4 e2c4 f7e8 c4b3,1444,76,94,1711,crushing endgame fork long
0I9yg,6k1/6pp/8/p2b1P2/4r1P1/PR5P/8/6BK w - - 1 40,b3b8 e4e8 h1h2 e8b8,1620,78,93,1560,crushing discoveredAttack discoveredCheck endgame short
QDeIJ,r5k1/2p1bp2/p3p1pq/1p2P3/P2PNP2/2P1nQ1P/2B3P1/5RK1 b - - 2 25,e3c2 e4f6 e7f6 f3a8,1531,76,95,29727,crushing discoveredAttack middlegame short
HgBd9,r4rk1/6bp/p2p2p1/2p5/2P1PPp1/2N1Q1Pq/PP5P/1R3RK1 w - - 1 23,c3d5 g7d4 e3d4 c5d4,1016,79,93,553,advantage middlegame pin short
cacVg,rnbq1k1r/pp4pp/2p5/3p1p2/2PPnB2/1Q1BP3/P4PPP/R3K1NR w KQ - 0 11,c4d5 d8a5 e1f1 e4d2 f1e2 d2b3,1059,76,95,2676,crushing fork long opening
eng8b,2kr4/4RBpp/p4n2/1p6/r7/8/2P3PP/1R4K1 b - - 3 23,d8d7 f7e6 c8d8 e7d7 f6d7 b1d1,1755,75,96,3076,advantage endgame exposedKing long pin
JQCI1,r3qr1k/ppp3p1/4p2p/2bpPn2/5N2/3Q1PB1/PPP3PP/3RR2K w - - 8 21,c2c3 f5g3 h2g3 f8f4,1402,76,88,1447,crushing discoveredAttack kingsideAttack middlegame short
6ssjr,r3kb1r/ppqnnppp/4p3/P2pP3/3p2QP/2PB1N2/1P3P2/RNB1K2R w KQkq - 1 12,c3d4 c7c1 e1e2 c1h1,1107,81,92,861,crushing hangingPiece opening short skewer
7NlOc,r2qr1k1/pp3ppp/3p1bn1/3P4/5P2/3BR2P/PP2Q1P1/R1B3K1 w - - 5 17,a1b1 f6d4 g1h1 d4e3,1732,76,92,1595,crushing middlegame pin short
ELD6F,Q7/1p4pk/2p2n1p/p2p4/3Pb3/P2Bq3/1PP3P1/R4R1K w - - 0 24,a1e1 e3h3 h1g1 h3g2,1249,77,86,1416,kingsideAttack mate mateIn2 middlegame pin short
IPPQn,8/1p1R2bk/pP5p/Pp1b4/3P4/5rP1/1B3PKP/8 b - - 1 42,d5c6 d7g7 h7g7 d4d5,1534,76,96,13736,advantage discoveredAttack discoveredCheck endgame sacrifice short
mO4f7,8/4k1p1/P2R2p1/5p2/4p3/1Pnp3P/5PP1/6K1 w - - 1 38,d6d4 c3e2 g1h2 e2d4 a6a7 d3d2 a7a8q d2d1q,1179,76,95,2571,advancedPawn advantage endgame fork promotion veryLong
Td8Bs,1r4k1/1P3p2/6p1/3qP3/5P1p/6P1/1R3QKP/8 w - - 1 45,f2f3 h4h3 g2f2 d5d4 f3e3 d4b2,1507,75,87,1195,crushing endgame fork long
gwRJt,r4rk1/pp3ppp/2n5/3Q4/6b1/1Bq2N2/P4PPP/3RR1K1 b - - 1 18,a8d8 d5f7 g8h8 d1d8,1573,75,91,2210,crushing discoveredAttack kingsideAttack middlegame pin short
jbAou,3r4/6N1/8/p1R4p/P1P2kp1/1P6/3bK3/8 b - - 14 58,h5h4 g7e6 f4e4 e6d8,1305,77,91,655,crushing endgame fork short
3VT4z,r3bk1r/ppp3bp/5n2/q5B1/2BR1Q2/1Pn4N/P1PK1PPP/7R w - - 11 22,g5f6 c3d5 b3b4 a5b4,1438,79,93,1521,advantage discoveredAttack discoveredCheck middlegame short
wZa9o,6k1/p3bppp/B3pn2/1P6/P3b3/4PN2/2r3PP/R1R3K1 w - - 2 24,f3g5 c2g2 g1f1 g2g5 c1c8 e7f8,1326,76,100,666,advantage defensiveMove fork long middlegame
jVMsB,r3r1k1/pppq2pp/2b2p2/2b1P3/3pBP2/6PP/PPPBQ2K/4RR2 b - - 1 18,f6e5 e2c4 d7e6 c4c5 c6e4 e1e4,1731,78,92,3606,advantage fork long middlegame
Eu8ID,3r2k1/5pp1/7p/3q3P/p3RQ2/2P1p3/PP4P1/1K6 w - - 2 34,f4e3 d5d1 e3c1 d1d3 b1a1 d3e4,1288,75,100,1126,crushing endgame fork long
Z76ev,2rb2k1/1p3ppp/p2p4/P1n1p3/2N1P3/3P1P2/1P4PP/R1B3K1 w - - 1 25,b2b4 c5d3 c4d6 c8c1 a1c1 d3c1,1217,76,96,10056,crushing discoveredAttack endgame long
Nl21R,r2qkbnr/1p3ppp/p1n1p3/3pP3/3P2b1/3B1N2/PP1N1PPP/R1BQ1RK1 b kq - 0 9,c6d4 d1a4 d4c6 a4g4,1477,76,91,680,advantage fork opening short
xjH8P,8/2R1N1pp/5pk1/4p3/p3K1P1/r7/8/8 b - - 3 45,g6h6 e7f5 h6g5 c7g7,1138,78,93,1800,deflection discoveredAttack endgame mate mateIn2 short
syRBf,8/1p6/p4k2/5p1p/3q2p1/P1N2PP1/1P4KP/3R4 b - - 1 34,d4e3 c3d5 f6f7 d5e3,1143,84,92,1014,crushing endgame fork short
B4C2N,4r3/1q4kp/p4bp1/3R1p2/5P2/2PQ4/P6K/6B1 b - - 6 34,b7e7 d5d7 e7d7 d3d7,1117,76,96,1431,crushing endgame pin short
9IFIp,r2q1rk1/ppp1ppbp/2n5/8/2B5/2B2N2/PPb2PPP/R3QRK1 b - - 1 11,d8d6 c3g7 g8g7 e1c3 e7e5 c3c2,1440,75,96,25096,attraction crushing fork long master middlegame
cMJEx,5r1k/6pp/8/2p1n1q1/2Q5/7P/PP1rBPP1/R4RK1 w - - 6 24,c4c5 e5f3 e2f3 g5c5,1541,77,95,18060,crushing discoveredAttack master middlegame pin short
sze7k,4r1k1/1Q3ppp/8/p7/PpB2P1n/1P2r1qn/1B6/3R1R1K b - - 3 39,e8f8 b7f7 f8f7 d1d8 e3e8 d8e8,1680,74,96,16514,kingsideAttack long mate mateIn3 middlegame pin sacrifice
1Ua7V,r5k1/p2q1b1p/6p1/2bpRp2/7P/5P2/PPPQ2P1/2K1R3 b - - 0 23,c5d6 e5d5 f7d5 d2d5 g8g7 d5a8 d6f4 c1b1,1841,76,93,1434,crushing fork master middlegame veryLong
aFTCb,3r1rk1/pp3ppp/q1p1p3/3n4/4N3/1Q3P1P/PP1R2P1/3R2K1 b - - 7 21,d8d7 e4c5 a6b6 b3b6 a7b6 c5d7,1368,75,100,694,advantage fork long middlegame
nystO,5r2/p3r3/6p1/2pkP2p/3pNPn1/1P3KP1/P3R3/4R3 w - - 3 43,e1c1 g4e5 f3g2 e5d3,1758,76,94,2418,crushing endgame master pin short
xyOd4,r3k2r/2p2p2/3p3p/7R/P1P1q3/2P1p1bP/8/RNBQ2NK w kq - 1 23,g1f3 e3e2 d1e2 e4e2,1273,83,94,3951,advancedPawn crushing middlegame pin short
17HDX,8/5pkp/5p2/6p1/R3B1K1/6P1/Q4P1P/1r1q4 w - - 2 37,f2f3 d1d7 e4f5 h7h5 g4h3 d7f5,1701,75,96,1948,crushing deflection endgame long pin
968rO,2k4r/1pp1p3/p7/3pP2p/PP1P1R2/7q/2P5/R2Q2K1 w - - 0 24,d1f3 h8g8 g1f2 h3h2 f2e3 g8g3,1407,75,99,2271,advantage endgame exposedKing long pin
rGisG,2rq1rk1/pp1n1pp1/4pn1p/2b1N3/7B/3Q3P/PPP1NPP1/2KRR3 b - - 1 16,c8c7 h4f6 d8f6 e5d7 c7d7 d3d7,1361,78,88,2000,crushing fork long middlegame
bRtnd,8/1p5k/4bRqp/Q6N/P5Pn/7P/1P3P1K/2r5 b - - 4 35,g6e4 f6f7 e6f7 h5f6 h7g7 f6e4,1931,77,93,1210,crushing fork long middlegame sacrifice
0DjPh,6k1/3n1q1p/p1N1p2B/1p1pP3/1P1P4/2P2rPp/P3Q1K1/R7 w - - 0 29,g2h3 f7h5 h3g2 f3g3 g2g3 h5e2,1247,79,91,2675,advantage discoveredAttack fork long middlegame
vCxLP,r4k2/ppp3pp/2q2n2/n1b1Qp2/8/2P5/PP3PPP/RNB1R1K1 w - - 3 16,b2b4 c5f2 g1f2 f6g4 f2g1 g4e5,1752,77,92,1191,advantage attraction fork long middlegame sacrifice
xJyiY,r2q1k2/pppn2bB/3p1r2/3Pp1Q1/2Pn3p/2N4P/PP1N1P1B/R4RK1 w - - 1 23,d2e4 d4f3 g1h1 f3g5,1080,77,90,798,advantage fork master middlegame short
ej7Be,r1bq1rk1/pp4pp/2n2b2/2p5/4BNP1/2PP4/P6P/R1BQ1RK1 b - - 0 17,f6c3 d1b3 g8h8 b3c3,1579,77,92,1613,advantage fork opening short
772lK,r1r3k1/pb2q1pp/1p3p2/1N2pP2/1R1P2P1/P3Q3/7P/4R1K1 b - - 0 29,c8c2 e3b3 g8h8 b3c2,1551,74,90,1587,crushing fork middlegame short
vNd9c,4r1k1/5pb1/p1r3pp/1p2p2P/8/q2B2Q1/3BRPPK/8 b - - 0 30,g6g5 d3h7 g8h7 g3a3,1327,76,92,557,advantage discoveredAttack middlegame short
EqgUd,6k1/p4pbp/1pQ3p1/2p2p2/2P5/7P/PP1B1PPK/1q6 b - - 1 21,b1b2 c6e8 g7f8 d2h6 b2e5 e8e5,1823,78,88,718,crushing endgame long pin
I6kFq,2r3k1/5p1p/3b1p2/p2p1N2/8/7P/PP2QPP1/R1q3K1 w - - 3 26,a1c1 c8c1 e2f1 d6h2 g1h2 c1f1,1609,75,90,2159,crushing endgame long pin
GnQNy,7r/5Qp1/1qk1p3/1pPpP1P1/3n3p/7P/3N2P1/R5K1 b - - 0 32,b6c7 a1a6 c6b7 a6a7 b7a7 f7c7,1472,79,94,7239,attraction crushing deflection endgame long pin
c2qiJ,r1b2rk1/pp3ppp/2p5/2q5/4PQ2/1BP5/P1P2PPP/2KR3R b - - 2 14,c5c3 f4f7 f8f7 d1d8,1488,76,95,5870,kingsideAttack mate mateIn2 middlegame pin sacrifice short
LzJ5W,3r1rk1/5ppp/pp1Npn2/2n5/1PP2N2/P5P1/5P1P/3RR1K1 b - - 0 21,c5e4 d6e4 f6e4 d1d8,1274,80,91,1161,crushing discoveredAttack middlegame short
uwdkT,r4rk1/2pb1p2/7p/3Pp1P1/1p2Pp2/1BPq1P2/1P4Q1/2K3RR b - - 2 27,b4c3 g5h6 d7g4 g2g4 g8h8 g4g7,1116,75,97,2840,discoveredAttack discoveredCheck kingsideAttack long mate mateIn3 middlegame
derLZ,r4bk1/ppBr1pp1/8/3N4/2p1P3/3n2R1/PP4PP/6K1 b - - 1 24,d7c7 d5f6 g8h8 g3h3,1438,80,94,4080,endgame mate mateIn2 pin short
OMGNH,1r6/1p2Rp1k/p2q1Prp/2pp3Q/3p3P/P2P4/1PP5/6RK b - - 3 30,d6f6 g1g6 f6g6 e7f7 g6f7 h5f7,1611,76,95,1885,crushing endgame long pin xRayAttack
Qce5r,r2qr3/pp4bk/2n3pp/3Qn3/8/5NN1/PPP2PP1/R1B1R1K1 w - - 0 19,d5d8 e5f3 g2f3 e8e1,1620,77,93,1834,crushing discoveredAttack kingsideAttack middlegame short
x68eW,7k/1b2pp1p/8/p1p2P2/4P1P1/1P3Rq1/P3Q1p1/7K w - - 0 34,e2g2 g3g2 h1g2 b7e4 g2f2 e4f3,1735,75,94,574,advantage endgame long pin
2wwBS,8/p1q2pk1/6pp/2PQp3/3n4/6PP/5P2/4R1K1 w - - 4 40,d5e5 c7e5 e1e5 d4f3 g1f1 f3e5,1158,79,94,851,attraction crushing endgame fork long
lFQkT,5bk1/5p1p/6p1/2r3q1/1Q3B2/4P2P/5PP1/2R3K1 w - - 0 27,f4g5 c5c1 g1h2 f8b4,1045,87,93,952,advantage discoveredAttack endgame hangingPiece master short
baFib,8/4k3/1B2p3/P1P2pK1/6p1/4r1P1/8/8 b - - 0 50,e7d7 c5c6 d7c6 b6e3,1849,76,91,1930,crushing discoveredAttack endgame short
wgZx1,3r1rk1/ppp3pp/2n5/2p2b2/2P5/1P5P/PB2BPP1/R3K2R w KQ - 0 16,e1g1 d8d2 e2f3 d2b2,1323,75,89,1655,advantage fork middlegame short
HbHex,r1bq1rk1/2pp3p/p2b1pp1/1p1P4/6Q1/1BN4P/PPP2PP1/R3R1K1 w - - 0 16,c3e4 f6f5 g4g5 f5e4 g5d8 f8d8,1163,78,90,731,crushing fork long middlegame
0gabV,r5qk/pp1b3p/3p3B/4p3/1R1bp3/8/P1P2P2/3QRK2 w - - 0 27,b4d4 d7h3 f1e2 h3g4 e2e3 g4d1,1841,78,95,20161,crushing long middlegame skewer
DhY2z,r1b2r2/ppn3k1/2pp2p1/8/2B1P2q/P2PN1NP/1PP5/1K4RR b - - 5 21,h4f4 g3h5 g7h6 h5f4,1157,77,95,8706,advantage middlegame pin short
SC8Vi,8/4ppkp/3p2p1/3P4/4P3/4BPnP/p5P1/Rr3BK1 b - - 17 37,b1a1 e3d4 g7f8 d4a1 g3f1 g1f1,1108,75,100,1073,advantage endgame fork long
B3Hj7,r4r2/p4kp1/2pp1p2/1p2P2q/3P1P2/1P1B4/PBPK2Q1/8 b - - 0 32,d6d5 d3g6 h5g6 e5e6 f7e6 g2g6,1667,78,94,2901,crushing deflection endgame fork long sacrifice
jbQtL,r2q2k1/b4pp1/3r3p/Pp6/3P1p2/5N2/5PPP/R2Q1RK1 w - - 1 27,f3e5 a7d4 d1d4 d6d4,1598,75,91,2336,advantage fork middlegame short
6c3IY,1k1r2r1/pp3Qb1/8/2qp2P1/8/1B1P2R1/PPP4P/5RK1 w - - 1 25,f7f2 g7d4 g1g2 d4f2,1047,86,94,3045,crushing middlegame pin short
cNydH,r4rk1/3bppbp/p1np2p1/q2N4/1p1NnPP1/3QB2P/PPP1B3/1K1R3R b - - 1 15,e4c5 d4c6 d7c6 d5e7 g8h8 e7c6 c5d3 c6a5,1898,77,94,8205,capturingDefender crushing fork middlegame veryLong
gQNsG,r2q1r1k/pp3Bb1/2np2p1/4p1NP/4P1p1/4B3/PPP2PP1/R3K2R b KQ - 0 15,g7f6 h5g6 h8g7 g5e6,1348,77,92,2326,discoveredAttack discoveredCheck kingsideAttack mate mateIn2 middlegame short
aIiIg,r2qk1r1/bpp2p2/p2pb2p/3Np3/4Pp2/P1PP1P1P/BP1Q1P2/2K3RR b q - 0 18,e8d7 g1g8 d8g8 d5f6 d7e7 f6g8,1360,74,95,31609,attraction crushing fork long middlegame
x3c1R,r2k1b1r/pp1q1P2/3p2Qp/3Np3/3pP3/1P1P4/P5PP/6K1 b - - 0 20,a8c8 g6f6 d7e7 d5e7 f8e7 f6h8,1517,76,97,12935,crushing endgame fork long
CA8FT,8/k3p2p/P2rbp1b/6p1/4N3/1PP1P1P1/6PP/R5K1 b - - 3 29,d6a6 a1a6 a7a6 e4c5 a6b5 c5e6,1163,75,97,1545,advantage attraction endgame exposedKing fork long
uF1AU,r2qk2r/ppp3pp/4p3/3p4/2nP4/3Q3P/PPP1PP2/R3KB1R b KQkq - 1 13,c4b2 d3b5 c7c6 b5b2,1066,82,85,574,advantage fork middlegame short
3JV39,r6r/3nkpp1/p2qp2p/1p1b4/3N1P2/8/PPPQ2PP/2K1RB1R b - - 1 17,h8d8 d4f5 e7f8 f5d6,1296,75,100,2658,crushing middlegame pin short
El4N7,2kr3r/1pp1qpp1/p2p3p/2PPp3/1P1b4/P2P2nP/5PB1/1RBQ1RK1 b - - 0 18,d6c5 d1g4 f7f5 g4g3,1154,75,96,7831,advantage fork middlegame short
EwK6X,3r4/pp4kp/1q3n2/3n2p1/1P1Q2N1/6P1/P5BP/3R2K1 w - - 4 35,g2d5 d8d5 d4b6 d5d1,1617,78,96,3042,crushing master middlegame short skewer
N0SJO,4r1k1/R5pp/7r/8/3Pp3/4P1qP/5QP1/4R1K1 b - - 2 26,h6h3 f2f7 g8h8 f7e8,1179,89,94,1191,endgame fork mate mateIn2 short
TJz6d,2r3k1/pp4pp/5r2/4R3/1n1N2b1/8/PPP3PP/2K2B1R w - - 4 19,c2c3 f6f1 h1f1 b4d3 c1c2 d3e5,1647,75,95,15181,advantage fork long master middlegame pin sacrifice
sBTju,2r5/p1rqp1kp/1pNp1p2/1P1Pn1pn/P2QP3/7P/4NPP1/2R1R1K1 w - - 0 27,g2g4 e5f3 g1f1 f3d4,1076,84,95,2256,crushing fork middlegame short
3XqIM,r4r1k/1bqp2pp/p3p3/1pp1b1PP/4N3/P2P4/BPP1Q3/1K1R3R b - - 0 24,d7d5 e4c5 c7c5 e2e5,1783,77,93,4809,advantage deflection discoveredAttack middlegame short
9CkFJ,5rk1/p3pN1p/2p3n1/4qQ2/2P5/1P5P/P5P1/5R1K b - - 0 30,e5f5 f7h6 g8g7 h6f5,1241,78,91,1868,advantage endgame fork master short
2d9CZ,3Rr1k1/pb3rpp/1p6/1qp3Q1/8/P1B3P1/1P3P1P/3R2K1 b - - 3 28,b5c6 d8e8 c6e8 d1d8,1271,75,95,14109,clearance crushing kingsideAttack middlegame pin short
xl44z,3r2k1/1p2bQp1/p3p2p/4N3/4qn2/7P/BPP2PP1/5R1K b - - 0 27,g8h8 f7f4 e4f4 e5g6 h8h7 g6f4,1813,77,93,1161,advantage attraction fork long middlegame sacrifice
ZO7w9,1r1q1b1k/1p2npQ1/3p1n1P/p3p3/8/2NB1P2/PPP5/1K4RR b - - 4 25,f8g7 h6g7 h8g8 h1h8,1162,77,88,934,advancedPawn discoveredCheck doubleCheck kingsideAttack mate mateIn2 middlegame short
sdvkQ,r7/2p2p2/1p1p1qpk/pP1P1b1p/P1PN4/2Q4P/6P1/5R1K b - - 1 30,f6e5 d4f5 g6f5 c3e5 d6e5 f1f5 h6g6 f5e5,1577,83,93,13482,capturingDefender crushing discoveredAttack endgame veryLong
edj45,1r3qk1/p1pnb1pp/1p1p4/3Np3/1PP3n1/P2PP1p1/1B3PKP/R2QR3 w - - 0 18,d1g4 f8f2 g2h3 f2h2,1151,75,100,698,fork mate mateIn2 middlegame short
MppAl,6k1/2p3pn/1p2p1rp/p1p5/P3P2q/2PP1Q1P/1P3PP1/R4RK1 w - - 2 25,d3d4 h7g5 f3g3 g5h3 g1h2 g6g3,1668,76,95,4624,advantage discoveredAttack endgame kingsideAttack long
TZtGL,2kr4/p1p1Q3/6p1/1p1qPp1p/8/P1P2N2/1P3PPP/2K1R3 w - - 1 21,f3g5 d5d2 c1b1 d2e1,1130,75,100,597,advantage endgame fork short
1UxMT,1Q6/5pkp/4p1p1/3p4/8/1Pq2P1P/6P1/7K b - - 1 41,g7f6 b8h8 f6e7 h8c3,1517,75,87,865,crushing endgame queenEndgame short skewer
btori,8/p4rk1/1p4q1/5R1p/P3QpP1/5P2/6K1/8 w - - 2 61,e4f4 f7f5 f4f5 g6f5,1452,75,90,853,crushing endgame pin short
HJV0Q,5k2/pp5Q/3p2p1/3b4/5Pq1/1P6/P1R4P/3R2K1 w - - 1 33,g1f1 g4d1 f1f2 d1c2,1691,83,94,19341,crushing endgame fork hangingPiece short
rXvhI,r2q1r1k/1ppn2bp/p2p2p1/3B4/3P2bN/8/PPPN1PP1/R2QK2R b KQ - 4 15,g4d1 h4g6,1048,75,100,768,kingsideAttack mate mateIn1 middlegame oneMove pin
ZGQ77,r1bq1bkr/ppp3pp/8/3p4/3nP3/5QN1/PPP2PPP/R1B1K1NR w KQ - 1 10,f3c3 f8b4 c3b4 d4c2 e1f1 c2b4,1397,75,94,1451,attraction crushing deflection fork long opening pin sacrifice
FMgo0,r5r1/pp2bbkp/2q1pp2/2p1P2P/5B1Q/1PP1PP2/P3KP2/2R5 b - - 2 23,c6e8 e5f6 g7h8 f6e7,1943,75,96,1491,advancedPawn crushing fork middlegame short
9vVdw,rnb1k1nr/1pqp1ppp/p3p3/2b1P3/3N1P2/P1N5/1PP3PP/R1BQKB1R w KQkq - 1 9,b2b4 c5b4 a3b4 c7c3 c1d2 c3d4,1807,73,95,13421,advantage discoveredAttack exposedKing fork interference long opening pin
6xHRy,r1b2rk1/1p1p1ppp/1q2pn2/p3n1B1/3bP3/1PP2B2/P4PPP/RN1Q1RK1 w - - 0 12,g5f6 e5f3 d1f3 d4f6,1399,77,93,5372,crushing discoveredAttack opening short
lpIgx,r4r1k/ppp2p1p/2np2qp/2b1p3/2B1P2Q/2NP1P2/PPP1KP1P/R6R w - - 2 13,h1g1 c6d4 e2f1 g6g1 f1g1 d4f3 g1h1 f3h4,1549,75,100,1502,attraction crushing fork middlegame sacrifice veryLong
c9IBE,6k1/p2bq1bR/p3p1Q1/3pP1N1/3P4/P1N5/1r3rP1/R3K3 b Q - 3 20,f2g2 h7h8 g8h8 g6h7,1596,76,87,1069,attraction mate mateIn2 middlegame pin sacrifice short
pcSRB,r5k1/5pbp/p5p1/5q2/2N5/3r3P/1P1Q1P2/2R2BK1 w - - 0 28,d2d3 f5g5 d3g3 g5c1,1160,76,89,651,advantage fork master middlegame short
tCIrR,r6r/pp2q1p1/3kpnQp/1B1p4/8/8/PP3PPP/4R1K1 b - - 9 21,a7a6 g6g3 d6c5 g3a3 c5b5 a3e7,1796,74,96,9514,crushing long middlegame skewer
Yhbo9,5rk1/pp2R2p/3Q1P2/3p2p1/8/3q4/PP3PKP/8 b - - 1 30,d3f5 e7g7 g8h8 d6f8,1282,76,100,3345,deflection discoveredAttack endgame mate mateIn2 short
vbVzJ,r3rb2/p1q2ppk/2p2p1B/1p1n1P1P/3P2Q1/3B4/PPP2P2/2K3RR b - - 0 21,h7h6 g4g6 f7g6 h5g6 c7h2 h1h2,1557,75,95,6533,discoveredAttack discoveredCheck exposedKing long mate mateIn3 middlegame sacrifice
175xk,6k1/p6R/2b2r1b/2p3N1/5r1P/2P2P2/PP4P1/2K4R w - - 5 30,h7a7 f4h4 h1h4 h6g5 c1b1 g5h4,1609,76,88,3048,advantage attraction capturingDefender fork long middlegame pin
XtdJQ,5r2/1p2kp1R/p5p1/2N1p3/3r4/P2K3P/1P6/6R1 w - - 0 34,d3c3 f8c8 b2b4 b7b6 g1g6 b6c5,1372,80,93,1167,advantage endgame long pin
tXRqc,r3k1nr/pp1bbppp/1qn1p3/1N1pP3/3P4/1Q3N2/PP1B1PPP/R3KB1R b KQkq - 12 12,a7a6 b5d6 e7d6 b3b6,1258,75,93,1380,crushing discoveredAttack middlegame short
1A9pW,1q6/2p5/2n3k1/n1P1p2p/p1NpP1pP/P2Q2P1/1PK5/2N5 w - - 6 42,c1a2 b8b3 d3b3 a4b3,1719,77,96,12657,crushing endgame fork short
chNKZ,8/1Q3p1p/P1p1N1pk/3nP3/3P4/6P1/4qPKP/8 w - - 1 37,b7f7 d5e3 g2h3 e2g4,1478,75,86,628,endgame mate mateIn2 pin short
dsNjr,6k1/3p1p1p/2n3p1/pR2p3/4P3/1BP2P2/Pr4PP/6K1 b - - 1 27,a5a4 b3f7 g8f8 b5b2,1602,78,89,1351,crushing discoveredAttack endgame short
N9rla,4rr2/pp3p1k/3p2p1/2pP2qn/6P1/2PQ1P2/P4K2/R6R b - - 3 27,e8e5 h1h5 g5h5 g4h5,1190,77,95,2830,advantage middlegame pin short
I1RM2,R7/2r2ppk/4p2p/2Pn4/2KP4/6PP/2N2P2/8 w - - 2 36,c2b4 d5b6 c4b5 b6a8,1230,77,91,1691,advantage endgame pin short
fl0l4,rn2kb1r/pb3pp1/1p3q1p/2pP4/2p5/P1N2P2/1P3KPP/R2Q1BNR w kq - 0 12,f1c4 f6h4 g2g3 h4c4,1492,77,93,1623,crushing fork opening short
VlqYX,r2q1rk1/1pp2ppp/2n1bn2/p1b1p3/3pP3/2PP1N1P/PPQB1PP1/R3KBNR b KQ - 1 10,b7b5 c3d4 c5d4 c2c6 d4b2 a1b1,1692,74,95,16746,advantage discoveredAttack long opening
gxzQF,2k4r/p1pp2pp/1p6/3q3n/3b4/8/PP3PPP/R1BQR1K1 w - - 0 17,e1e2 d4f2 e2f2 d5d1,1095,78,89,2488,crushing discoveredAttack kingsideAttack middlegame short
f72EA,r5k1/pp3pP1/2p1r2p/8/3nN2q/3P3P/PPPQ2B1/R4RK1 w - - 1 23,f1f4 h4f4 d2f4 d4e2 g1h2 e2f4,1579,79,94,4276,advantage attraction exposedKing fork long middlegame sacrifice
NjPLo,6k1/1b3p2/pp2pQ2/4R3/2P5/2q4P/5PPK/7r w - - 3 30,h2h1 c3h3 h1g1 h3g2,1721,76,87,504,endgame master mate mateIn2 pin short
fXUpB,r1b1k2r/pp2nppp/1b3q2/2pPp3/1PP5/3P1N2/P3BPPP/RN1Q1RK1 w kq c6 0 12,b4b5 e5e4 d3e4 f6a1 d1d2 a1f6,1585,76,94,631,advantage discoveredAttack long middlegame trappedPiece
51MPt,6k1/p4p1p/6pP/2p5/2N5/KP3q2/P7/4R3 b - - 1 35,f7f5 e1e8 g8f7 c4e5 f7e8 e5f3,1655,75,100,1563,crushing endgame fork long master
jskfC,3r1rk1/2p2ppq/1p2p2p/p3N3/1nPP1PQ1/4P1R1/P4KP1/2R5 b - - 6 26,f7f6 g4e6 g8h8 e5g6 h7g6 g3g6,1838,77,95,11876,crushing fork long middlegame
Twaww,8/5ppk/2R2q1p/p1Q5/8/3p2P1/5PKP/r7 b - - 3 40,f6d8 c5f5 h7g8 c6c8 d8c8 f5c8,1163,76,93,1530,advantage endgame long pin
0g8xp,r1b1kb1r/pppp2pp/4pq2/8/5P2/5QP1/PPP1P1BP/R1B1K2R b KQkq - 1 12,f8c5 f3h5 f6f7 h5c5,1060,77,94,2512,crushing fork middlegame short
MuZRl,r1b1k2r/1pp2qpp/1b3n2/pP1n4/P1B5/2P2Q2/3P1PPP/RNBKR3 b kq - 1 13,c8e6 c4d5 f6d5 f3d5 e8g8 d5e6 f7e6 e1e6,1689,74,94,2713,advantage middlegame pin veryLong
vLsJU,r3kb1r/ppq1pppp/2n2n2/1B3b2/8/8/PPPP1PPP/RNBQK1NR w KQkq - 2 6,d2d3 c7e5 g1e2 e5b5,1729,80,95,17269,advantage fork opening short
z68vx,8/1pr1kpQ1/p3p3/3p4/3P1P2/P3q3/1R4PP/1R4K1 w - - 1 27,g1f1 c7c1 b1c1 e3c1 f1e2 c1b2,1269,76,100,1548,advantage endgame fork long
8mjrN,2b1k2r/4qpp1/1pp1pn1p/2Pp4/1P1Pn3/2NBPN2/5PPP/Q3K2R w Kk - 2 16,c3e4 d5e4 d3e4 f6e4,1192,76,88,2172,advantage fork middlegame short
ics2f,rn3rk1/ppp3pp/5p2/1N1p1P1q/3P3B/3B1Nbn/PPP3R1/R2Q3K w - - 10 20,h4g3 h3f2 h1g1 f2d1,1050,76,96,1017,advantage doubleCheck middlegame short
jsdB5,8/1p4p1/p1b2k2/4p1qp/8/P5P1/1P2RP2/5QK1 w - - 8 36,f1h3 g5c1 h3f1 c1f1 g1f1 c6b5 f1e1 b5e2,1258,75,97,2995,crushing endgame pin veryLong
fuheX,2r5/ppp3k1/2n1p1q1/3n1pp1/3P4/PQ4B1/4PPP1/R3KB2 b Q - 1 19,c6d4 g3e5 g7f7 e5d4,1181,76,94,4351,advantage fork middlegame short
Jh3Kn,r1b2rk1/pp2Rpbp/1qp3p1/8/6n1/2P2N2/PP1NQPPP/R1B3K1 b - - 0 12,c8e6 e7e6 f7e6 e2e6 g8h8 e6g4,1670,77,94,7266,crushing fork long middlegame
A8EMY,r3r1k1/pQp2ppp/1b3q2/3b4/8/2P5/PP3PPP/R1B2RK1 w - - 0 18,b7d5 f6f2 f1f2 e8e1,1512,76,100,701,kingsideAttack mate mateIn2 middlegame pin sacrifice short
fpYYS,2N3k1/5p2/n3p1p1/2N4p/3n4/2R4P/r1P2PP1/6K1 w - - 1 32,c5a6 d4e2 g1h2 e2c3,1257,83,93,938,crushing endgame fork master short
D19uI,8/7p/6p1/1p2B1P1/1P1K1P2/8/6kP/5b2 b - - 2 47,g2h2 f4f5 h2h3 f5f6,1255,76,100,666,bishopEndgame crushing discoveredAttack discoveredCheck endgame short
J3kos,4r3/p4pk1/1p4p1/2pPr1P1/2PnBR1P/1P3K2/P7/4R3 w - - 5 37,f3e3 d4c2 e3d2 c2e1,1004,78,85,515,crushing endgame master pin short
aB5Tf,rn2k2r/pppq1ppp/3pbn2/2b1p3/2P1PP2/3P3P/PPB3P1/RNBQK1NR b KQkq - 0 7,d7c6 c2a4 e6d7 a4c6,1169,79,91,2226,crushing opening pin short
Pg2Jn,r4rk1/pp4p1/1q2p2p/7B/4Q1nP/1NP2nP1/PP3P2/4RRK1 w - - 9 25,g1h1 g4f2 f1f2 b6f2,1369,77,97,6987,crushing fork middlegame short
P1xgq,r1q2r2/1p2p3/p2p2k1/2pP1bPp/P1BbN1n1/2N4Q/1P1B4/R4R1K w - - 2 28,e4g3 g4f2 f1f2 f5h3 c4d3 g6g7,1695,78,94,10615,crushing defensiveMove discoveredAttack fork long middlegame
sx0s7,6k1/1b6/p1r1pb2/1p1p2P1/1P1P4/P2B1K2/1B5R/8 b - - 0 46,f6g5 h2g2 g8f8 g2g5,1567,78,94,3527,advantage endgame pin short
bXyfR,8/6p1/4k2p/p1r5/1n2K3/1R3N1P/5PP1/8 w - - 3 53,b3a3 c5c4 f3d4 c4d4 e4d4 b4c2 d4c3 c2a3,1505,75,90,1221,attraction crushing endgame fork sacrifice veryLong
FzeGh,r4r2/pp3pbk/1q1pb1pp/2p1p3/2P1P2N/1P1PnNQP/P3B1P1/2R1R1K1 b - - 1 20,f7f5 g3g6 h7h8 g6e6,1368,80,93,2003,crushing fork middlegame short
fuJP0,8/1kp2pp1/6bp/1N4n1/NP6/P3P3/2r3PP/R4K2 w - - 3 26,a4c5 c2c5 b4c5 g6d3 f1g1 d3b5,1707,77,92,1340,advantage endgame fork long sacrifice
dtTRd,5rk1/pp4p1/3p1b2/1PpP1Br1/P1n5/2B5/5QPP/6K1 b - - 3 30,f6c3 f5e6 g8h7 f2f8,1768,79,93,909,advantage deflection discoveredAttack endgame short
fFjpO,r2qr3/p4kp1/b1pb1n1p/8/1Pn5/1BPQB3/P4PPP/RN2K2R b KQ - 2 17,d6f4 b3c4 a6c4 d3c4 f6d5 e1g1,1741,79,96,24889,advantage castling defensiveMove fork long middlegame
jrl2M,6k1/5p1p/3p2p1/1B1P2r1/P3PQ2/5P2/1PR3P1/5K1q w - - 1 32,f1f2 g5g2 f2e3 g2c2,1903,75,94,4173,crushing endgame short skewer
a8Bso,1q3rk1/2p1p2p/3p2pQ/4Pb1P/3P4/rp3PN1/nP6/K2R1BNR w - - 0 23,g3f5 a2c3 b2a3 b3b2,1525,74,96,3689,advancedPawn discoveredAttack discoveredCheck mate mateIn2 middlegame sacrifice short
akeY6,4rrk1/ppp3p1/2nb4/1R3bN1/5P1Q/2NnB3/q6P/5RK1 b - - 3 22,a2c4 b5f5 f8f5 h4h7 g8f8 h7f5,1705,74,96,8239,attraction crushing fork long middlegame sacrifice
Y8nUi,r1b2rk1/pppq1p2/1nn3pQ/6p1/8/3B4/PP1R1PPP/RN4K1 b - - 1 18,b6c4 d3g6 f7g6 d2d7 c8d7 h6g6,1871,77,95,14074,crushing discoveredAttack kingsideAttack long middlegame
vFHCK,2kr4/1q6/pp6/2pn1R2/3r1P1p/3p3N/PP4PP/3RQ1K1 b - - 0 32,d8g8 e1e6 b7d7 e6g8,1150,89,93,836,crushing fork middlegame short
84g0r,Qn5k/p1b2Bpp/2p5/4r3/3q1Bn1/2N5/PP4PP/R4R1K w - - 3 18,a1d1 g4f2 f1f2 d4d1 c3d1 e5e1 f2f1 e1f1,1996,77,95,3360,backRankMate deflection fork mate mateIn4 middlegame sacrifice veryLong
U85vA,8/8/p1p3p1/2kp3p/8/R1P1r2P/P5P1/6K1 b - - 1 50,c5b5 c3c4 b5c4 a3e3,1256,76,95,23203,crushing discoveredAttack endgame rookEndgame short
h3cOU,r4rk1/pR4pp/n1p3b1/4p3/4p3/2P1B1P1/PPK2NBP/7R w - - 0 16,g2e4 f8f2 e3f2 g6e4,1477,75,93,2048,advantage intermezzo middlegame pin short
bRLMB,8/8/8/2p5/k1P4p/5B1P/4rP2/5K2 b - - 0 55,e2c2 f3d1 a4b4 d1c2,1062,76,97,1206,crushing endgame pin short
t9pKi,4r2r/pb2q1pk/1p5p/3PpQ2/2P5/8/PP3RPP/4R1K1 b - - 7 27,g7g6 f5f7 e7f7 f2f7 h7g8 f7b7 h8h7 b7h7,1314,75,100,1153,advantage fork middlegame veryLong
OwnxP,8/3r3p/6pP/6P1/8/5bB1/1KR5/4k3 b - - 10 51,e1f1 c2f2 f1g1 f2f3,1321,75,97,4954,crushing endgame fork short
8qCUO,r2qk1nr/pppbb1pp/2n1p3/1B1pp3/3P1B2/2P2N2/PP3PPP/RN1QK2R w KQkq - 0 8,f4e5 c6e5 f3e5 d7b5 d1h5 g7g6,1257,90,93,501,crushing discoveredAttack long opening
C5llN,4r1k1/1p2pp1p/pP1pn1p1/2rN4/2P1PPq1/P2Q2P1/6KP/2R1R3 w - - 1 31,a3a4 c5d5 d3d5 e6f4,1583,75,95,13003,crushing fork master middlegame pin short
Ym2aZ,8/R7/p5rp/1p1kP1b1/1P6/2B2K2/1P5P/8 w - - 15 42,f3g4 g5e3 g4f5 g6g5 f5f6 e3a7,1454,74,100,1049,crushing discoveredAttack endgame long
jmStm,1k5r/pp3Qpp/2q5/8/8/2P2N1P/PPK3P1/3Nr3 w - - 0 26,f3e1 c6e4 e1d3 e4e2 c2c1 e2d3,1371,76,93,532,advantage deflection endgame fork long
PW6Uz,2r3k1/4qppp/p3p3/1p1r4/3Pp1Q1/P1P1R2P/RP3PP1/6K1 w - - 1 21,e3e4 f7f5 g4h4 g7g5 e4e6 e7e6,1834,74,94,10959,crushing endgame fork long
Ggtdu,4r1k1/3qP1pp/p1b5/3n1N2/2n5/2P4P/P1Q1R1P1/3R2K1 w - - 2 35,c2b3 d7f5 b3c4 c6b5 c4c5 b5e2,1989,87,91,964,advantage long middlegame skewer
KymBZ,8/4n3/8/6p1/PR5p/1PK4k/3N3P/4r3 w - - 5 37,a4a5 e7d5 c3d4 d5b4,1177,83,95,4024,crushing endgame fork short
FEvnj,1b4rk/pp3p2/2p2q1N/2Pp3Q/1P2pP2/4P2P/P6K/6R1 b - - 0 34,g8g1 h6g4 h8g7 g4f6,1859,75,95,17845,crushing discoveredAttack discoveredCheck endgame short
X3Zn4,2r4r/4bkpp/q2p1p2/3PpN2/Pp2Pn2/1Q6/1B3PPP/2R2RK1 w - - 0 22,b3b4 f4e2 g1h1 e2c1,1890,79,93,3906,crushing fork middlegame short
Hswgi,r2qkb1r/ppp1pp1p/8/3P1bp1/3np3/2N5/PP1PBPPP/R1BQ1RK1 b kq - 2 9,d8d6 d1a4 f5d7 a4d4,1458,75,94,1869,advantage fork opening short
ATJsX,3r4/8/p2r2k1/1p1N1p2/1Pp2Ppb/P3P3/3R2K1/3R4 b - - 4 47,h4e1 d5e7 g6f7 d2d6 d8d6 d1d6 f7e7 d6a6,1251,76,95,11973,crushing discoveredAttack endgame veryLong
Xm9Kr,4k2r/r1p2p2/Ppn1pp1p/7P/2pPp3/R1P5/3NKPP1/1R6 b k - 1 23,c6a5 a3a5 b6a5 b1b8 e8e7 b8h8,1284,74,95,4093,advantage endgame long sacrifice skewer
rgShU,2k5/pppq1p2/3b2p1/4r3/5pb1/1P3N2/P1P3Q1/2KR3B w - - 0 22,f3e5 d6a3 c1b1 d7d1,1352,75,97,1594,deflection discoveredAttack mate mateIn2 middlegame queensideAttack short
25UXu,1r1q1rk1/p3R1bp/2pN2p1/2Pp1bQ1/1P1p4/6P1/P4PBP/5RK1 w - - 5 25,f1e1 g7f6 g5d2 f6e7,1382,76,92,2591,crushing fork master middlegame short
qc0Hb,1k4r1/pp2qp2/2pn4/3p4/3P1PB1/4P3/PP2Q3/1K1N2R1 w - - 1 26,g1h1 e7e4 b1a1 e4h1,1147,76,98,565,advantage fork master middlegame short
kwBky,r4rk1/ppp2ppp/2n4q/P7/1P2QPb1/2P1B3/6PP/RN3RK1 w - - 1 17,b1d2 f8e8 e4c4 e8e3,1682,75,89,2741,advantage master middlegame short skewer
pFeG9,8/pp2Q3/2p2Npk/8/8/5P1P/PP3K2/1r4r1 w - - 5 47,h3h4 b1f1 f2e3 f1e1 e3d3 e1e7,1179,77,96,18885,crushing endgame long skewer
VqHKf,4r1k1/pp3p2/7p/6p1/P2p2Pn/1P6/2P1rP1P/2RRNK2 w - - 0 31,d1d4 e2e1 c1e1 e8e1 f1e1 h4f3 e1e2 f3d4,1423,76,96,3095,advantage attraction endgame fork sacrifice veryLong
EN2pv,r2q1rk1/pb3ppp/3b1n2/1B6/3Q4/2N5/PPP2PPP/R1B1K2R w KQ - 0 11,e1g1 d6h2 g1h2 d8d4,1045,76,99,1602,advantage discoveredAttack kingsideAttack master opening short
rBxkJ,7k/pp6/5RQ1/3q2P1/7P/8/P4PK1/3r4 w - - 3 40,g2g3 d1g1 g3f4 d5d4 g6e4 g1g4 f4g4 d4e4,1587,76,90,2322,advantage attraction deflection endgame pin veryLong
D9j5x,5b1k/1r4pP/3pp2P/2p5/2P1PP2/3q4/1B4Q1/1K4R1 w - - 1 39,g2c2 b7b2 b1b2 d3d4,1215,76,91,2330,attraction crushing endgame pin sacrifice short
Nuo2U,1k6/3Q4/2n5/2P1p2B/4P2N/7P/5PPK/1qq5 w - - 3 47,d7c6 c1f4 g2g3 f4f2 h4g2 f2g1,1356,75,99,3104,endgame fork long master mate mateIn3
kl1hQ,5rk1/3p2pp/bq2p3/3NP3/p2b1p2/5QP1/PP3rBP/1RB1R1K1 w - - 0 24,d5b6 f2f1,1951,75,100,1322,collinearMove doubleCheck master mate mateIn1 middlegame oneMove
uCK5Z,6k1/pp3p1p/6p1/4r3/8/2P1pQ2/P3R1PP/3qNK2 w - - 3 27,e2e3 e5f5 e3e8 g8g7 f3f5 g6f5,1691,75,94,3165,advantage endgame long pin
NvYow,Q5k1/3n1p1p/p3p1p1/1p2P1N1/1q1P3P/1Pr3PK/P4R2/6r1 b - - 4 31,g8g7 f2f7 g7h6 f7h7,1282,76,100,978,fork hookMate mate mateIn2 middlegame short
3ZKMC,7k/2r5/p4p2/4p1p1/4PnP1/1B3R2/P2K1P2/8 w - - 0 38,d2e3 c7c3 e3d2 c3f3,1133,76,89,572,crushing deflection endgame short skewer
gthSZ,r2r2k1/1p1qb1p1/4p2p/3p4/pp2R3/1B4BP/P1PQ1PP1/4R1K1 b - - 0 23,d5e4 d2d7 d8d7 b3e6 g8f8 e6d7,1306,75,96,5885,advantage attraction capturingDefender fork long middlegame pin
0cfjD,4r3/pp3q1k/2pbp1pP/3r2B1/3P1P2/6Q1/PPP3P1/2KRR3 w - - 1 26,g3e3 d5g5 f4g5 d6f4 c1b1 f4e3,1634,74,97,8814,advantage long middlegame pin sacrifice
qcV3L,4r1k1/p1p1rp1p/1p1p1qpQ/n7/P2P4/2P2PRP/B1P2P1K/6R1 b - - 1 22,e7e2 g3g6 h7g6 g1g6 f6g6 h6g6,1356,75,96,5215,crushing kingsideAttack long middlegame pin sacrifice
ZKMUs,5Q1k/1p2R1r1/5n1p/3r4/p7/2P3qP/PP4P1/4R1K1 b - - 1 38,h8h7 e7g7 g3g7 e1e7,1371,77,96,18423,advantage fork middlegame pin short
nQMcV,4r1k1/3n1Np1/2p2n2/1pq2Q1b/pb3P1P/2NP4/PPPB4/1K4RR b - - 0 22,c5f5 f7h6 g8h7 h6f5,1004,78,97,2039,crushing kingsideAttack master middlegame pin short
iz2ib,r1bqkb1r/pp2nppp/2n5/1Bp5/3p4/3PBN2/PPP2PPP/RN1QK2R w KQkq - 0 8,e3f4 d8a5 b1d2 a5b5,1472,75,96,18726,crushing fork opening short
kTZMH,2r3k1/pp1Q2bp/q3r3/4Npp1/5B2/2P5/P1P1RPPP/5K2 b - - 1 30,b7b5 d7f7 g8h8 e5g6 h7g6 e2e6,1336,75,95,21313,crushing discoveredAttack kingsideAttack long middlegame
DWwqF,1k1r2r1/ppB3pp/4Q3/8/4R3/P7/P1qp2PP/3R3K b - - 0 21,b8c7 e4c4 c2c4 e6c4,1192,76,95,20050,crushing endgame fork short
7Juv6,7r/pbp1k1p1/1p1p2B1/1P3P2/2PPP2b/2B2P1r/P4R1P/4R1K1 w - - 3 32,e4e5 h4f2 g1f2 h3f3 f2g1 f3c3,1790,75,96,2183,advantage attraction fork long middlegame
kNnbU,3r1rk1/1b3ppp/p3p3/1p2P3/3NPPPP/P2K4/1P5R/6R1 w - - 1 23,g1d1 d8d4 d3d4 f8d8 d4c5 d8d1,1414,80,90,685,advantage attraction endgame long sacrifice skewer
NKWml,2kr1b1r/p1p1qppp/b1pPn3/8/2P3Q1/1P5P/PB3PP1/RN2KB1R b KQ - 0 13,e7d6 c4c5 d6c5 f1a6,1547,74,88,1144,advantage discoveredAttack opening pin queensideAttack short
3A4pi,8/kp1Q2p1/p6p/8/5n2/8/1q3PPP/3R2K1 w - - 2 32,d7d4 b2d4 d1d4 f4e2 g1f1 e2d4,1081,80,92,553,attraction crushing endgame fork long
Uy8bk,4r3/2R5/2p5/ppN3k1/3P1n2/1P6/P1PK3P/8 w - - 6 37,d2c3 f4d5 c3d3 d5c7,1654,76,93,2495,advantage endgame fork short
P57sh,7r/3R1pk1/4p1p1/qBr1Pn1p/Pp3P1P/1Qp5/5P2/3R2K1 b - - 3 33,h8c8 b3e6 c8f8 e6f6,1784,77,93,4041,advantage master middlegame pin short
D1it7,3rr1k1/bp1P1ppp/p1p3n1/P7/4N1q1/2BQ2P1/1P3P1P/R3R1K1 b - - 0 23,g4d7 d3d7 d8d7 e4f6 g7f6 e1e8,1639,76,95,14183,advantage discoveredAttack kingsideAttack long middlegame
55PXu,r4rk1/1ppn1ppp/8/pQ1Pp3/2P1b2q/P2B4/1PKP3P/R1B3R1 w - - 0 16,b5d7 e4d3 c2d3 h4d4 d3c2 d4g1,1462,78,93,2305,attraction crushing fork long middlegame
aW7kE,r1b1k1nr/pppp1ppp/8/3NP3/2Bb4/8/PPP3PP/R4KNR b kq - 1 12,d4e5 a1e1 e8d8 e1e5,1371,76,97,5463,advantage middlegame pin short
3feN1,r1b1kb1r/1p3pp1/p1np1q1p/4p3/2P1P3/2N2N2/PP2BPPP/R2QK2R b KQkq - 1 10,f8e7 c3d5 f6g6 d5c7 e8f8 c7a8,1198,75,94,691,crushing fork long opening
TyTbB,6k1/5p2/4q1p1/p4n2/5Q1P/8/P4P1K/5R2 w - - 0 45,f2f3 e6e2 h2g1 f5e3 f4e3 e2e3,1572,75,96,23260,crushing endgame fork long
pKOLe,r5k1/7p/3Bp3/5p2/p2P4/1n2P2P/5PP1/R4K2 w - - 4 42,a1a3 b3d2 f1e1 d2c4 a3a2 c4d6,1274,75,98,902,advantage endgame fork long
SNEvv,2r1r1k1/ppN2pp1/4b2p/2Q1n2q/4B2N/6P1/PPP2P1P/R4RK1 w - - 1 19,f2f4 e5f3 g1h1 h5c5,1548,78,94,4896,advantage discoveredAttack middlegame short
p3uza,8/p1r5/1kp4R/Np2Pr2/1PP5/8/PK6/8 b - - 0 32,b5c4 a5c4 b6a6 b4b5 a6b5 c4d6,1814,74,88,538,attraction crushing endgame long pin
Ax2me,8/7p/p2B1R2/1p6/3kB3/P7/1KP3qP/8 b - - 0 38,g2e4 f6f4 e4f4 d6f4,1108,89,95,2546,crushing endgame pin short
Wsp8L,5b1r/p1Qnkppp/2r1p3/8/3Pb3/4B3/PPP2P1P/2KR2R1 w - - 0 21,c7a7 c6c2 c1b1 c2c7 b1a1 c7a7,1083,83,89,1158,crushing discoveredAttack discoveredCheck long middlegame
LB5Fg,5rk1/4p2p/3qp1p1/3p4/3Nn3/1P1QB3/P3B1Pb/R6K w - - 0 22,e2g4 e4g3 h1h2 g3f1 h2g1 d6h2,1786,74,100,844,doubleCheck long mate mateIn3 middlegame sacrifice
WxOrV,2q2r1k/p5np/1p6/2pBR3/2P2p2/5Q1r/PP2RP1P/7K w - - 5 33,f3g2 f4f3 d5f3 h3f3,1866,75,87,503,advantage fork middlegame short
5l7RV,r1b2rk1/p2n1ppp/1p6/8/3q4/3B4/P5PP/R2Q1KNR b - - 3 18,d7e5 d3h7 g8h7 d1d4,1154,76,98,6411,advantage discoveredAttack kingsideAttack middlegame short
wt63n,8/1b6/p3kp1R/Pp1ppp2/1P4P1/r1P1R3/5P1P/6K1 w - - 0 33,g4g5 a3a1 g1g2 d5d4 g2h3 d4e3,1196,76,97,2395,advantage discoveredAttack discoveredCheck endgame long
iesyt,3r3r/p4ppp/1pkb4/2pb4/8/1P1NB3/P4PPP/2R1R1K1 b - - 2 21,h7h6 d3b4 c6b5 b4d5,1431,75,94,23416,advantage deflection middlegame pin short
v5qAU,r2q1rk1/4b1pp/p1nN4/1ppn1p2/3p1PB1/P2P1Q2/1PPB2PP/R4RK1 b - - 1 19,f5g4 f3d5 g8h8 d6f7,1160,76,91,2148,advantage fork hangingPiece middlegame short
jWaIm,r2qk2r/pp2bpp1/4p2p/3pN3/3P4/4P2P/PPP3P1/R2Q1RK1 b kq - 1 16,e7d6 e5f7 e8g8 f7d8,1342,81,88,886,attackingF2F7 crushing fork middlegame short
h66ak,r4r1k/pp3pR1/4p2P/3pP1B1/b1p1P3/5P2/1P2B2P/n6K b - - 1 30,a4e8 g5f6 f8g8 g7f7,1528,77,97,17249,crushing discoveredAttack discoveredCheck kingsideAttack middlegame quietMove short
Ddn6L,8/4kp2/3p3b/1q2pPpB/2n1Q2P/8/NrP5/K1NR4 w - - 2 36,c1b3 b2a2 a1a2 b5a4 a2b1 c4a3 b1b2 a4e4,1955,81,94,10698,attraction crushing discoveredAttack exposedKing master middlegame sacrifice veryLong
J8pYf,5k2/8/6Rp/1p3pp1/4r3/2B1n2P/P1P3P1/5K2 w - - 12 50,f1f2 e3d1 f2g1 d1c3,1185,77,93,1128,crushing endgame fork master short
48Upn,2r1r1k1/1p4p1/7p/N1p1qn2/2P1p3/P3P2P/1PQ3P1/3R1RK1 w - - 0 28,d1d5 f5e3 d5e5 e3c2 e5e8 c8e8,1175,77,91,742,advantage fork long middlegame
ZqZcR,r3kb1r/5p1p/1p3p2/2Np1b2/3P4/p3P3/Pq1Q1PPP/2R1KB1R w Kkq - 0 16,c5d3 f5d3 f1d3 f8b4,1631,76,94,1011,advantage middlegame pin short
D8Od2,8/7p/q5rk/P4Qp1/8/7P/1R5K/8 b - - 5 50,g6f6 f5f6 a6f6 b2b6 h6g7 b6f6,1581,78,92,15809,attraction crushing endgame long pin sacrifice
v1fUm,r1b2r1k/1pp3pB/p2q2QR/4p1N1/3P1p2/2P2RP1/PP3PK1/8 b - - 0 25,g7h6 g5f7 f8f7 g6g8,1490,78,92,8367,fork mate mateIn2 middlegame sacrifice short
blUmk,8/8/8/8/3k4/8/7r/2R1K3 w - - 8 61,e1d1 d4d3 d1e1 h2h1 e1f2 h1c1,1493,76,95,14516,crushing endgame exposedKing long rookEndgame skewer
7bY88,r4rk1/p4ppp/4p3/6q1/2N2n2/1P4PP/P3QP2/2R2RK1 w - - 1 21,e2g4 g5g4 h3g4 f4e2 g1g2 e2c1,1571,76,94,25153,advantage fork long middlegame pin
8kGKx,6k1/1R2pp2/4b1p1/7p/2q1B3/2b1BPP1/1P5P/2KR4 w - - 2 25,b2c3 c4c3 c1b1 c3e3,1194,87,94,1655,crushing endgame fork short
QVQrN,3r4/R1pk1rp1/nB1p3p/3Ppp2/p1P2n2/P6P/5PP1/1R4K1 b - - 1 27,a6c5 a7c7 d7e8 c7f7 e8f7 b6d8,1169,75,96,5314,advantage attackingF2F7 discoveredAttack long middlegame
GGONW,r3kb1r/ppp2ppb/6P1/3Bqp1p/3nN3/3P3P/PPP3Q1/R1B1K1NR b KQkq - 0 16,e5d5 e4f6 g7f6 g2d5,1265,81,92,3075,advantage discoveredAttack opening short
oFLdj,8/1p4Qp/2k3p1/1bpq1p1r/4pP2/1PBnP1RB/3P1PK1/8 b - - 11 33,d5d7 g3g6 h7g6 g7g6 c6c7 g6h5,1816,77,93,1627,advantage fork long master middlegame sacrifice
oxSBw,r5k1/p1p2ppp/2p1r3/1q6/3P4/2P2Q2/PP4PP/R1B2K1R w - - 1 17,f1g1 e6e1 g1f2 e1h1,1194,78,94,2067,crushing deflection kingsideAttack middlegame short skewer
oB8vq,3Rr2k/p3Q1pp/5pq1/8/8/8/P4KP1/8 b - - 2 30,g6f5 f2g1 f5c5 e7c5,1484,78,94,1349,crushing defensiveMove endgame master masterVsMaster pin short
NJDtQ,8/p3B2k/1p2P1rp/3P1Qp1/P1r5/4qP2/2PRn1P1/3R3K w - - 1 36,g2g4 e2g3 h1g2 g3f5,1114,81,95,1085,crushing fork master middlegame short
1FA5K,1rb1k2r/p1q1nppp/2n1p3/b2pP3/3P4/P1N2N2/2Q1BPPP/R1B1R1K1 w k - 3 15,e2d3 c6d4 f3d4 c7c3,1780,76,93,2344,advantage discoveredAttack opening short
8fCaQ,4bnk1/pp3p1p/2p3PQ/2Pp4/1P1q1N2/3B1PK1/P5P1/8 b - - 1 32,f7g6 h6f8 g8f8 f4e6 f8f7 e6d4,1611,74,97,992,advantage attraction endgame fork long sacrifice
E4U0c,2krr3/pbp1q2p/1p6/2b1B1p1/6Q1/P7/1PP2PPP/3RR1K1 b - - 2 20,e7e6 d1d8 c8d8 e5c7 d8d7 e1e6,1686,79,94,531,advantage attraction discoveredAttack long middlegame queensideAttack
Es10Q,8/pp3QNk/2p4p/4B2n/3P4/1P5P/P3rPPK/4q3 b - - 0 33,e1f2 g7f5 h5g7 f7g7,1798,75,99,1604,discoveredAttack endgame mate mateIn2 short
OiD6L,r4r2/ppp3kp/8/4NnpB/3Pb3/2P1P3/P3KRP1/7R w - - 8 25,h5f3 f5g3 e2e1 g3h1,1157,79,92,1428,crushing fork middlegame short
mUUZP,6r1/8/k7/P6p/5K2/R5P1/8/8 w - - 3 50,a3a4 g8g4 f4f5 g4a4,1208,74,96,10374,crushing endgame master rookEndgame short skewer
jxkUY,1k6/1p1r1pp1/p2bp1p1/8/P1Rp1q2/1R1P3r/1P2QPB1/6K1 w - - 2 25,g2h3 f4h2 g1f1 h2h1,1442,77,97,18442,fork mate mateIn2 middlegame short
wCsqH,2r1r2k/Q7/3p1q1p/3B1p2/5N2/2P3P1/P4P1P/5K2 b - - 0 25,e8e7 a7e7 f6e7 f4g6 h8h7 g6e7,1565,75,89,1025,attraction crushing endgame exposedKing fork long sacrifice
Hv3w1,r2q1rk1/pb3ppp/2nbp3/1p1pN3/2pP4/1Pn1PNB1/P1Q1BPPP/R3K2R w KQ - 0 13,c2c3 d6b4 c3b4 c6b4,1328,78,92,734,advantage middlegame pin short
4trl1,r1b3k1/ppp1n2p/3p1rp1/2P5/7R/4PP2/q2BBK1P/3Q3R b - - 0 20,d6c5 e2c4 a2c4 h4c4,1001,77,98,897,crushing fork middlegame short
haULz,1k6/p1p2p2/1p6/7q/6rn/2P3N1/P4PP1/3R1RK1 w - - 0 30,g3h5 h4f3 g1h1 g4h4,1796,77,91,551,endgame mate mateIn2 pin short
EdRF3,5r2/pp2pp1k/2pqb1pp/3r4/4R1P1/1P1B1Q2/P1P2PP1/3R2K1 b - - 2 26,d5d4 e4d4 d6d4 d3g6 f7g6 d1d4 f8f3 g2f3,1327,76,95,9110,advantage discoveredAttack middlegame veryLong
KTQX8,8/7k/P7/4b3/1P6/6p1/6K1/8 b - - 0 55,e5d4 g2g3 h7g6 g3f4,1701,76,94,14664,bishopEndgame crushing defensiveMove endgame short
iByW7,rnb1k2r/pp3pp1/4pn1p/3pN2P/3P4/2P5/Pq1NPKP1/R2Q1B1R b kq - 1 11,b2c3 a1c1 c3d4 e2e3 f6e4 d2e4,1920,76,89,1353,advantage defensiveMove long opening
PE66n,4QR2/1p4pk/2n1p2p/p1p5/P2p4/1P2q3/1B4K1/8 b - - 9 51,e3g5 g2f1 g5f5 f8f5,1934,80,92,823,crushing defensiveMove endgame master short
9WcCp,r2qr3/p1pbn1kp/3p1pp1/2b2NB1/4P3/2Q5/PPP2PPP/R4RK1 b - - 1 16,g6f5 c3f6 g7g8 g5h6 c5d4 f6d4 g8f7 d4g7,1511,77,90,1929,advantage middlegame quietMove veryLong
lWiza,2r2rk1/p2q1pp1/1pn1p2p/3p4/Q2P4/P1R1P3/1P1N1PPP/5RK1 b - - 1 18,f8d8 f1c1 b6b5 a4b5,1611,74,92,2518,crushing middlegame quietMove short
HDxzO,r4r1k/6p1/p6p/1p1B4/1P1pp3/P2n3P/3R3K/6R1 b - - 1 35,f8f2 d2f2 a8d8 f2f5,1854,77,88,1117,advantage defensiveMove endgame short
MAboE,8/8/8/p7/P1pk4/5K2/6P1/8 b - - 1 52,c4c3 f3e2 d4c4 e2d1 c4b3 d1c1,1519,75,96,2064,crushing defensiveMove endgame long pawnEndgame
v5qO2,2b2r1k/p1p1b1pp/5p2/3q4/N4Bn1/8/P1Q2PPP/R4RK1 w - - 0 18,c2c7 c8b7 f2f3 d5d4,1771,75,90,3608,advantage middlegame quietMove short
ShFKt,8/5kp1/p4p2/2Bp3P/8/4KP1P/Pb6/8 w - - 2 36,c5d4 b2d4 e3d4 f7e6,1298,78,93,1924,bishopEndgame crushing defensiveMove endgame master short
n9tND,8/2r5/K1P5/1Bk5/P7/8/8/8 b - - 2 48,c7c8 a6b7 c8f8 c6c7 f8f7 b7b8,1479,79,90,5841,advancedPawn crushing defensiveMove endgame long
WWL7X,8/p2R2pk/1p6/5KP1/r7/8/8/8 b - - 2 44,a7a5 g5g6 h7h6 d7d8 a4f4 f5f4,1502,78,94,11071,crushing endgame long quietMove rookEndgame
vuccd,rn2k2r/pp3ppp/2pQ4/8/N3p1b1/4BNP1/PPP1K1P1/R4B1q b kq - 1 15,e4f3 e2f2 f3g2 f1g2 h1g2 f2g2,1917,82,91,3494,crushing defensiveMove long middlegame
I8ex7,4Qbk1/5pp1/3Np1qp/8/1n6/3r2BP/5PP1/2R3K1 b - - 3 35,b4d5 c1c8 g8h7 e8f8,1487,76,99,3514,crushing middlegame quietMove short
5nTWA,r3r3/5kpp/1pn1p3/3p1p2/q1nP1B2/1NPQ1P2/P3R1PP/R5K1 b - - 8 21,a4b3 a2b3 a8a1 g1f2,1480,78,94,1946,crushing defensiveMove middlegame short
d4EhR,8/5p2/p1k1p3/1p1pP3/P2P1P2/8/1P3K2/8 w - - 0 43,a4a5 b5b4 f2f3 c6b5 b2b3 b5a5,1007,84,85,660,crushing endgame long master pawnEndgame quietMove
cXaux,8/8/4p1k1/1p1pP3/p1pP2K1/P1P5/1P6/8 b - - 7 46,g6f7 g4h5 f7g7 h5g5,1967,75,93,8649,crushing defensiveMove endgame pawnEndgame short zugzwang
1Wxpy,5r1k/pp3p1p/5P1Q/2p4n/7p/2PP3P/PP2r2K/5R2 w - - 2 32,h2h1 h5g3 h1g1 f8g8,1691,77,94,608,advantage defensiveMove endgame fork short
A9zqJ,8/1p1k4/6p1/2P4p/3K1P2/6P1/8/8 b - - 0 60,d7c6 d4c4 c6d7 c4d5,1982,76,100,819,crushing defensiveMove endgame pawnEndgame short zugzwang
AInzo,8/7p/2k1p1p1/2p2pP1/P4P2/2K1P2P/8/8 w - - 1 38,a4a5 c6b5 c3b3 b5a5 b3c4 a5b6 h3h4 b6c6,1295,83,94,13745,crushing defensiveMove endgame pawnEndgame veryLong
0PuSm,r1bq2k1/ppp2r2/6p1/3pB3/2nP1p2/3NbB2/P1P1K3/R2Q3R b - - 3 25,f7h7 h1h7 c4e5 d1h1,1854,80,94,5330,clearance crushing defensiveMove middlegame short
CUykg,8/p7/2pk4/3p1p2/PP1K2p1/4P1P1/5P2/8 b - - 0 38,a7a6 a4a5 d6e6 d4c5,1632,74,97,2132,crushing endgame pawnEndgame quietMove short zugzwang
B0NOj,5n2/1Q4k1/1p3p1p/1P2p1p1/1P2P3/4KPPq/3B4/8 b - - 1 43,f8d7 g3g4 h3f1 b7d7,1392,81,94,1062,crushing endgame interference pin quietMove short
LIzZw,r5k1/3b2b1/p3p1Qp/1p1p2p1/3P4/PPq3P1/R5PP/1B3NK1 b - - 1 27,c3d4 a2f2 d4f2 g1f2,1801,78,93,674,advantage defensiveMove middlegame short
0V8P1,8/1p6/p7/7k/1PPR2pp/P2P1b2/7K/8 w - - 0 45,d4d7 g4g3 h2g1 h4h3 d7h7 h5g4,1208,82,94,17288,crushing defensiveMove endgame long
zVCpf,8/p6p/3p4/4k1p1/P2p2P1/1P3K2/2P5/8 b - - 0 49,d6d5 b3b4 d4d3 c2d3,1423,80,94,3262,advantage endgame pawnEndgame quietMove short
nCXdu,1r3rk1/1p1b1pb1/p2p2pp/3P4/2P1NpP1/P4B2/1q3PP1/1R1QK2R b K - 1 20,g7c3 e1f1 b2a2 e4c3 a2c4 c3e2,1966,75,91,501,advantage defensiveMove long middlegame
fw5Ku,8/8/2k2b2/2Bp4/3P2K1/1P6/8/8 b - - 12 67,f6d4 c5d4 c6b5 d4c3,1454,77,95,9513,bishopEndgame crushing defensiveMove endgame hangingPiece short
GipU1,8/6p1/1K2k3/p7/P1P5/8/8/8 b - - 1 54,g7g5 c4c5 e6d7 b6b7 g5g4 c5c6 d7d6 c6c7,1552,75,95,15742,advancedPawn crushing endgame exposedKing pawnEndgame quietMove veryLong
c4HHb,8/5p2/6k1/1p4p1/7p/2K1P2P/3R1PP1/1r6 w - - 2 35,d2b2 b1b2 c3b2 g6f5,1814,77,93,3228,crushing defensiveMove endgame rookEndgame short
pU0D5,8/8/8/p4PKp/1p1k3P/8/P7/8 b - - 0 51,d4e5 f5f6 e5e6 g5g6 a5a4 f6f7 e6e7 g6g7,1692,80,93,1281,advancedPawn crushing defensiveMove endgame master pawnEndgame veryLong
a3dTV,8/6bk/2q3rp/4pQ2/4Pp2/5P2/5BP1/3R2K1 b - - 4 45,c6c2 d1d6 c2c1 g1h2,1641,77,93,503,crushing defensiveMove endgame pin short
aWNq8,8/7p/6p1/2p5/b7/4NKP1/Pk3P1P/8 w - - 2 36,e3d5 a4c6 f3e4 c5c4 e4e5 c6d5,1867,77,93,2705,crushing endgame long pin quietMove
FoEbq,8/R5B1/6pk/P4b2/5K2/7r/8/8 b - - 0 40,h6h5 g7f6 h3f3 f4f3,1465,77,93,1887,crushing endgame quietMove short
SCHJ6,7k/6p1/p4P2/P5P1/3B4/1p2PK2/2r5/8 b - - 0 47,b3b2 f6f7 c2c8 d4b2 h8h7 b2a3,1955,76,93,3080,advancedPawn crushing defensiveMove endgame long
4RSHT,8/4k3/4pp1p/1q3p2/5P2/4PPKP/3Q4/8 b - - 1 43,b5d7 d2d7 e7d7 g3h4,1704,76,94,2050,crushing defensiveMove endgame queenEndgame short
tDpVV,8/1p4p1/2p2k2/2P4p/1P2K2P/5P2/8/8 w - - 0 46,e4f4 g7g6 f4e4 g6g5 h4g5 f6g5,1982,80,92,1761,crushing endgame long pawnEndgame quietMove zugzwang
JU2gw,8/5k1p/3p1pp1/5P2/1pK3P1/4P3/1PP5/8 w - - 0 32,c4b4 g6f5 g4f5 h7h5,1633,82,94,12966,advantage defensiveMove endgame pawnEndgame short
oIWPH,8/8/p5p1/1p6/1P3Ppk/P7/6K1/8 b - - 0 51,g6g5 f4f5 h4h5 g2g3 h5h6 g3g4,1761,73,95,3642,crushing endgame long pawnEndgame quietMove zugzwang
5kfnT,rn3rk1/pppq1ppp/3b1n2/3P4/2B1p3/1QN1P3/PP3PPP/R1B1K2R b KQ - 0 13,a7a6 b3b7 d7g4 b7a8 g4g2 h1f1,1541,79,94,8459,advantage defensiveMove long opening trappedPiece
hg8zy,8/8/2k2ppp/pp1p2P1/3P1P1P/PP2K3/8/8 b - - 0 38,h6g5 f4f5 g6f5 h4h5 c6d6 h5h6,1746,77,93,924,crushing endgame long pawnEndgame quietMove
lRHhX,8/8/ppb1kp1p/2p2Np1/6P1/1PP1KP1P/P7/8 b - - 3 41,c6e8 f5g7 e6e7 g7e8 e7e8 e3e4,1156,87,91,6806,crushing defensiveMove endgame fork long
ylFtO,6k1/2bP1p2/4pPp1/1B5p/P6P/8/6K1/8 b - - 0 48,g8f8 g2f3 c7d8 f3e4,1615,75,98,1083,bishopEndgame crushing defensiveMove endgame short
5fsc2,8/3R4/8/P3kp2/4p3/5n2/3p1PKP/8 w - - 1 40,g2f1 f3d4 d7d4 e5d4 f1e2 d4c3,1687,74,95,7769,crushing defensiveMove endgame long master quietMove
jlRKa,r5k1/p4pp1/1p2p2p/3pP3/P1rP2P1/2P1qPKP/1Q6/2R1N3 b - - 2 30,e3g1 e1g2 g1c1 b2c1,1124,79,97,5517,advantage defensiveMove endgame short trappedPiece
2hfjn,6k1/3q1p2/4p2p/1pP3p1/rPnp4/5PBP/6P1/3RQ1K1 b - - 2 35,c4e3 e1e3 d4e3 d1d7 a4a1 g1h2,1415,76,100,2165,advantage defensiveMove endgame long
2QPLc,2k4r/ppp2pQ1/4p3/2Pp4/3Pb3/4P3/PP5r/4K1R1 b - - 1 30,h8h7 g7f8 c8d7 g1g8 h2h1 e1d2 h7h2 d2c3,1925,75,93,2073,clearance crushing endgame quietMove veryLong
GLVZR,8/1b2rpk1/2pR2p1/2P1p2p/1Q2B2P/6P1/P4PK1/2q5 w - - 1 39,e4g6 f7g6 b4e4 c1h6,1790,75,100,697,advantage defensiveMove endgame short
oR1rV,rnb1kb1r/pppp1ppp/8/4q3/2B5/8/PPPP1QPP/RNBK3R b kq - 1 7,d7d5 h1e1 c8g4 c4e2 e5e2 e1e2,1540,74,92,2508,crushing defensiveMove long opening pin
29ZAA,8/8/4P2k/p7/5K2/8/8/8 b - - 0 46,h6g6 f4e5 g6g7 e5d6 a5a4 e6e7 g7f7 d6d7,1751,76,94,1028,advancedPawn crushing defensiveMove endgame pawnEndgame veryLong
E334m,3r1rk1/4qppp/Q1p2n2/4p3/P3P3/2B5/1PP3PP/3RR1K1 b - - 0 19,f6e4 d1d8 f8d8 e1e4 e7c5 g1f1,1574,77,94,5319,crushing defensiveMove intermezzo long middlegame
Pcajp,r6k/pp5p/6p1/2qPr3/8/1P6/PQ2p1PP/R3R2K b - - 3 34,a8e8 e1e2 c5d5 a1e1 h8g8 e2e5 e8e5 b2e5,1995,71,95,14883,crushing endgame pin quietMove veryLong
xR18Z,4r1k1/ppp3R1/3p3p/8/2P1rP1q/2P1Q3/P2K3P/6R1 b - - 0 25,g8h8 e3e4 h4f2 d2d3,1983,77,91,797,crushing defensiveMove endgame short
3hCTq,3b4/5k2/8/p4p1K/2P4P/8/3B4/8 w - - 0 53,d2a5 d8a5 h5g5 f7e6,1171,83,93,751,bishopEndgame crushing defensiveMove endgame hangingPiece master short
md35G,8/8/3p4/p4K2/1pR5/1P6/Pkp3P1/8 b - - 5 55,c2c1q c4c1 b2c1 g2g4 c1b2 g4g5,1139,77,95,4916,crushing defensiveMove endgame long quietMove
azVcP,1k6/1p1R1R2/p1p1p3/P2p4/1P6/2q4P/8/6K1 b - - 1 34,c3b4 d7b7 b4b7 f7b7 b8b7 h3h4,1612,75,95,8662,crushing defensiveMove endgame fork long queenRookEndgame
dx8B6,2r3k1/1b3pBp/p4PpQ/2p2q2/1p1p1P2/P3r2P/1P4P1/2RR2K1 b - - 1 27,e3e2 g7h8 e2g2 g1f1 f5f4 h6f4,1963,75,100,602,crushing long middlegame quietMove
xw4Ht,8/8/8/6p1/r5Pk/PR6/5K2/8 b - - 1 48,a4g4 b3b4 h4h5 b4g4 h5g4 a3a4 g4f5 a4a5,1484,76,96,3725,crushing defensiveMove endgame quietMove rookEndgame veryLong
9zjGw,6k1/4bp2/b2p1n1B/3PpQN1/p3P3/4R3/1q3PPK/2r5 b - - 2 30,a6c8 g5e6 c1h1 h2h1 b2c1 h1h2,1802,76,92,1501,crushing long middlegame quietMove
81hXA,8/4kp2/4p1p1/3pP2p/4rP1P/1PR3P1/2R3K1/r7 b - - 0 35,a1b1 c3c8 e4c4 b3c4,1893,75,94,4984,crushing endgame quietMove rookEndgame short
BqRtA,8/7k/7p/5p1P/1q3p1P/p4N2/P2RK3/8 b - - 10 60,b4b2 d2b2 a3b2 f3d2,1182,75,87,631,crushing defensiveMove endgame master masterVsMaster short
cafnS,r1qr4/5pk1/p1n1p1p1/R1N4p/2P4P/3P4/2P1QPP1/R5K1 w - - 1 33,a5a4 c6d4 e2e5 f7f6 e5e4 c8c5,1489,75,96,29228,advantage defensiveMove long master middlegame
fhFN9,8/8/6K1/5p2/5Pkp/4B3/8/8 w - - 0 76,g6h6 h4h3 e3g1 g4f4 h6h5 f4g3,1593,74,89,1038,bishopEndgame crushing defensiveMove endgame long
jA7CD,8/8/7p/5Kp1/6Pk/8/5P2/8 b - - 1 45,h6h5 f2f3 h5g4 f3g4 h4g3 f5g5,1785,75,99,2186,crushing endgame long pawnEndgame quietMove zugzwang
2b7jh,8/8/7p/1p3p2/2p1kPp1/P1P3P1/1P1K3P/8 w - - 2 38,d2e2 h6h5 e2e1 e4e3,1903,76,95,7174,crushing endgame pawnEndgame quietMove short zugzwang
lRPv7,r4rk1/1p2R1n1/p5Q1/2p5/4P3/2qP4/P5PP/3R3K b - - 3 26,a8d8 e4e5 c3e5 e7e5,1850,78,92,3950,crushing middlegame quietMove short
uDml1,8/5pp1/1pk4p/2p2n2/2P5/PK3PP1/4N2P/8 b - - 0 31,f5d4 e2d4 c5d4 b3c2,1405,76,95,1424,advantage defensiveMove endgame knightEndgame short
xjuid,r2qk2r/pp2bppp/3p1n2/3NpPB1/2Pn4/8/PP3PPP/R2QKB1R w KQkq - 3 11,d1a4 b7b5 c4b5 f6d5,1946,76,93,2400,advantage defensiveMove deflection middlegame short
PWs0U,8/4k3/8/3R1Kp1/p5P1/P2p3r/8/8 w - - 2 41,f5g5 e7e6 d5d8 e6e5,1973,79,94,15050,crushing defensiveMove endgame rookEndgame short
uV031,1r5k/6p1/p6p/8/1Pp5/2K1PB1P/5PP1/8 b - - 3 46,a6a5 b4a5 b8b5 a5a6 b5a5 f3b7,1564,76,94,9349,crushing defensiveMove endgame long
TSFSh,2k5/8/KPP1p3/8/4np2/8/8/8 b - - 1 48,e4c5 a6a7 c8d8 b6b7 d8c7 b7b8q,1595,77,94,3124,advancedPawn crushing defensiveMove endgame knightEndgame long promotion
RbATl,8/8/8/1p1pk2p/6pP/1PPK2P1/8/8 b - - 1 44,e5e6 d3d4 e6d6 b3b4 d6e6 d4c5 e6e5 c5b5,1562,77,94,2046,crushing endgame pawnEndgame quietMove veryLong zugzwang
QbrTP,8/5p1k/p2N2pp/4P3/2PnQ3/1P6/5qPK/8 w - - 0 36,d6f7 d4e2 e4e2 f2e2,1827,77,92,1890,crushing endgame quietMove short
XFZIm,8/8/8/p7/1nk3K1/6P1/8/4B3 w - - 0 53,g4f5 a5a4 e1d2 a4a3,1389,77,92,760,crushing endgame quietMove short
YcNkm,2r1r1k1/4bppp/6b1/p7/P2p1PP1/1BqP3P/1KP1RB2/3Q3R w - - 3 29,b2b1 e7a3 f2d4 c3d4 e2e8 c8e8,1277,73,95,25834,crushing long middlegame quietMove
VNWyr,rn1q1rk1/pbpp2pp/1p3n2/3P2B1/8/2P5/P1B2PPP/R2QK1NR b KQ - 0 11,b7d5 g5f6 d8e8 g1e2,1545,77,93,2973,crushing defensiveMove opening short
Pvayv,rnbqk2r/ppp2ppp/3p1n2/2b1N3/4P3/2N5/PPPP1PPP/R1BQKB1R w KQkq - 0 5,f1b5 c7c6 e5f7 e8f7,1114,86,88,2926,advantage defensiveMove opening short
Ib8BQ,8/4B3/4P1K1/8/5k1P/3r4/8/6b1 b - - 0 64,d3g3 e7g5 g3g5 h4g5 g1c5 g6f6,1441,75,96,1321,crushing defensiveMove endgame long
OKQDY,2krr3/ppp2ppp/2n5/3P4/Q2b1B2/6P1/PP4K1/5R2 b - - 0 18,e8e2 g2f3 e2b2 d5c6,1988,77,92,5992,advantage defensiveMove middlegame short
03mei,r1bk3r/ppp2ppp/8/8/8/4P1P1/PP1P1bBP/R1Bn1K1R b - - 0 11,h8e8 f1e2 c8g4 g2f3,1195,76,93,5638,advantage defensiveMove middlegame short
8nHci,8/8/8/1R6/3k4/2pn2P1/7K/8 w - - 0 46,b5b8 c3c2 b8c8 d3c5,1657,77,95,22201,advancedPawn crushing defensiveMove endgame short
tv7SK,8/8/6k1/4K3/4p1r1/4Pp2/3P1R2/8 w - - 4 55,e5d4 g4g2 f2f1 g6f5,1950,75,94,5887,crushing defensiveMove endgame rookEndgame short
BxPRU,3k1b1r/p1rnn2p/3Nqp2/3R4/2Q1P2B/8/PP3PPP/3R2K1 w - - 1 21,c4a6 e7d5 d6b7 d8e7,1952,78,92,8520,advantage defensiveMove middlegame short
Ai1js,8/8/2R4R/5P2/3p4/3P1kP1/1rPK3P/r7 w - - 1 37,f5f6 b2b1 c2c3 b1b2,1946,80,93,8218,endgame mate mateIn2 quietMove rookEndgame short
gZ1AH,3r2k1/1R4p1/4pp1p/2P1q3/pP6/P4Q1P/5PP1/6K1 w - - 1 30,g2g3 e5e1 g1g2 d8d1 f3d1 e1d1,1666,75,95,9205,crushing endgame long quietMove
Zrcok,3r3r/Bk1n1ppp/1ppR4/4p3/8/P7/1PP2PPP/2K4R b - - 0 19,b7a7 h1d1 a7b8 d6d7 d8d7 d1d7,1500,76,96,3159,advantage endgame long quietMove
cGGnb,5rk1/pp3p1p/4nQp1/8/1B6/4b3/PPPNq1PP/5R1K b - - 10 24,e3c5 b4c3 c5d4 c3d4,1650,76,89,609,advantage middlegame quietMove short
kvg31,4R3/1pp2Rpk/1b1q2r1/7r/3p2pP/P2Q4/1BP2P2/6K1 b - - 0 30,h5h4 f7f8 d6f8 e8f8,1963,74,92,842,crushing middlegame quietMove short
taMsN,8/8/7P/p1K3n1/P7/8/1k6/8 b - - 0 69,b2a3 c5b5 a3b3 b5a5 b3c4 a5b6,1155,76,94,5921,crushing defensiveMove endgame knightEndgame long
Ih9Ik,5r2/2P4k/7p/5p2/PP6/8/6PP/6K1 b - - 0 39,h7g7 b4b5 g7f6 b5b6,1145,78,94,529,crushing endgame quietMove rookEndgame short
c5PTn,8/pp3p2/8/2p1kBK1/3pn1P1/7P/PPP3P1/8 w - - 2 35,f5e4 e5e4 b2b3 b7b5 g5f6 c5c4,1995,74,89,580,crushing endgame long quietMove
JJzQB,8/8/7p/3k4/1p4P1/1P1K4/8/8 b - - 3 63,d5c5 d3e4 c5d6 e4f5 h6h5 g4h5,1433,89,93,13640,crushing endgame long pawnEndgame quietMove
VkNfr,1kbr4/p1p2pp1/1p1p1b2/P2Pp3/1PP1P1q1/4KN1r/2Q1N3/R4R2 b - - 1 24,g4f3 f1f3 f6g5 e3f2,1304,76,92,1010,advantage defensiveMove middlegame short
iq83g,r2qkbnr/pQ1n1ppp/4p3/1B1pP3/3p4/5P2/PPPB1P1P/RN2K2R w KQkq - 4 11,d2a5 d8a5 b1d2 a8d8,1994,77,92,2263,crushing defensiveMove hangingPiece opening short
gg78r,rn1qkb1r/1b2npp1/p1p1p2p/1p2P3/2pP3B/2N2N2/PP2BPPP/R2Q1RK1 b kq - 1 10,b8d7 c3e4 d8b6 e4d6,1734,78,92,785,advantage opening quietMove short
sFYkw,8/8/3k3p/R6P/3K4/6p1/4r1P1/8 b - - 4 52,d6e7 a5e5 e2e5 d4e5 e7f7 e5f5,1432,76,85,1352,crushing defensiveMove endgame long rookEndgame zugzwang
3bKcw,4r1k1/5p1p/q5p1/5p2/1RpP4/7P/2Q2PP1/6K1 w - - 0 34,b4c4 e8e1 g1h2 a6d6 g2g3 d6d5 c4c8 g8g7,1574,76,93,4202,crushing defensiveMove endgame veryLong
FSyAL,8/8/5K2/7p/8/6kP/8/8 w - - 0 58,f6g5 h5h4 g5f5 g3h3 f5f4 h3g2,1234,87,90,2036,crushing endgame long master pawnEndgame quietMove
UIVfR,8/3R2pp/4R3/2QpPnk1/8/8/r3qPPP/6K1 w - - 1 29,c5c1 a2d2 c1d2 e2d2,1712,80,93,10582,crushing defensiveMove endgame short
oqkTF,8/8/4pk2/6p1/5P2/6K1/8/8 w - - 0 61,f4g5 f6g5 g3f2 g5f4 f2e2 f4e4,1685,75,99,2875,crushing defensiveMove endgame long pawnEndgame zugzwang
9yYdZ,3Q4/4Rpk1/1pqP2r1/8/pP4p1/P5P1/4P2P/6K1 w - - 7 33,d6d7 c6c1 g1g2 g6f6 d8g8 g7g8,1988,78,90,626,crushing endgame long quietMove
x3dMl,8/6p1/5p2/3k4/1Pp2P2/p5P1/P3K3/8 b - - 3 60,d5d4 e2d2 c4c3 d2c2,1809,75,85,840,crushing defensiveMove endgame pawnEndgame short
wLpR7,2krr3/pppn1ppp/8/3pP3/8/1N2R3/PPP2PPP/2K4R b - - 5 17,d7e5 h1e1 f7f6 f2f4,1524,76,94,8642,advantage endgame quietMove short
e8FYz,r3r1k1/p2bpp1p/2pp2pQ/q7/3RP3/1B6/PPP2PPP/R5K1 w - - 1 22,b3f7 g8f7 h6h7 f7f6,1720,75,93,4305,advantage defensiveMove middlegame short
7Cu4c,5k1Q/2p5/3p4/3q3p/6pP/1P3pP1/P4P1K/8 b - - 1 47,d5g8 h8g8 f8g8 a2a4 g8f7 a4a5 f7e7 a5a6,1620,79,92,1656,crushing endgame queenEndgame quietMove veryLong
IaCWz,8/8/6p1/p7/8/1P1K1k2/P7/8 w - - 3 50,d3d2 g6g5 a2a3 g5g4,1140,78,89,1061,crushing defensiveMove endgame master pawnEndgame quietMove short
HhIS1,rn4k1/p1pp2pp/1p4r1/3b1P2/6q1/2PB2P1/P1QB1P1P/R4RK1 w - - 0 17,f5g6 g4f3 g6h7 g8h8 d3e4 d5e4 c2e4 f3e4,1469,77,87,1058,advantage defensiveMove middlegame veryLong
TtG0C,1r4k1/p4pp1/b1p1p3/2p1PPQ1/q1p5/3P4/6PP/5RK1 b - - 0 29,c4d3 f5f6 a4d4 g1h1,1341,77,96,3836,crushing defensiveMove endgame short
rPPLi,8/2p5/1p1p3k/1B1Pp1pp/P3P3/6PK/2Q4P/6q1 w - - 2 44,c2e2 g5g4 h3h4 g1c1 e2g4 h5g4,1760,74,86,612,crushing endgame long quietMove
AYhqu,8/p7/4p3/7P/2pk4/8/5PP1/5K2 b - - 0 31,d4d3 f1e1 c4c3 e1d1,1828,79,92,4524,crushing defensiveMove endgame pawnEndgame short
U1QKw,8/8/2pb2p1/1pNk2K1/p1pP1P2/P1P5/1P6/8 b - - 3 47,d6c5 d4c5 d5e4 g5g6 e4d3 f4f5,1632,75,90,907,crushing defensiveMove endgame long
qBits,r7/pQnk3p/3p2p1/2p5/2N1p3/PP2P2q/1B3Pp1/3R2K1 w - - 0 29,c4e5 d7e6 f2f3 h3h1 g1f2 h1d1,1557,76,90,721,crushing defensiveMove long middlegame skewer
ZyFPT,8/8/2K1pkp1/2bpp2p/4P3/5P1P/4N1P1/8 b - - 1 48,d5d4 c6c5 d4d3 e2c3,1296,80,93,1261,crushing defensiveMove endgame hangingPiece short
QYlku,8/p6p/8/1p4P1/1Pk5/7P/2K5/8 b - - 0 44,c4b4 h3h4 b4c5 h4h5,1251,86,94,6673,crushing defensiveMove endgame pawnEndgame quietMove short
SoioJ,8/pp2r3/6p1/4r2p/P2p2P1/1PkP3P/2P2R2/1R3K2 b - - 0 36,h5g4 b3b4 e5e1 b1e1 e7e1 f1e1,1880,73,94,6640,crushing endgame long quietMove rookEndgame
JEsrm,8/3R4/6P1/8/8/6K1/2kpr2P/8 b - - 0 49,d2d1q d7d1 c2d1 h2h4,1986,76,91,1646,crushing defensiveMove endgame short
43NYG,2r4r/p2k1pp1/2pbp2p/1q6/Q2P4/4B1P1/PP3P1P/2R2RK1 w - - 7 21,a4a7 c8c7 d4d5 c7a7,1363,75,100,995,advantage defensiveMove middlegame short trappedPiece
IisgP,3r2k1/R4ppp/4n3/1P2p3/1qp5/3PB3/4QPPP/6K1 w - - 1 24,d3c4 b4b1 e2f1 d8d1 a7a8 e6f8,1208,80,91,1401,crushing defensiveMove endgame long pin
ckqs6,Q7/8/p2p4/3k4/2pq1P1P/8/2K5/8 b - - 7 57,d5c5 a8a7 c5d5 a7d4 d5d4 h4h5 d4e4 h5h6,1339,75,96,7586,crushing endgame queenEndgame quietMove veryLong
FkBrC,8/8/pp5p/2k5/P1P1p1p1/1K2P1P1/7P/8 b - - 0 36,b6b5 c4b5 a6b5 a4a5 c5c6 b3b4,1597,77,98,4770,crushing endgame long master pawnEndgame quietMove
9W2BH,8/6kp/p1b2q2/Pp1pN3/2pQ4/8/6P1/6K1 w - - 0 44,e5c6 f6d4 c6d4 b5b4,1854,74,92,1262,crushing defensiveMove endgame master masterVsMaster short
psGr8,6k1/1p2r2p/p4Rp1/3pP3/PR1P4/r1n1BK2/5P2/8 b - - 12 41,a3a4 e3h6 e7e8 b4b7,1763,74,88,2291,advantage endgame quietMove short
ZCPdc,8/7Q/2r1p2p/3k1ppP/8/3p2P1/5PK1/8 w - - 0 50,h7h6 d3d2 h6g5 d2d1q g5d8 c6d6,1196,77,94,2273,advancedPawn advantage defensiveMove endgame long promotion queenRookEndgame
5OmQ8,8/8/8/3k1p2/5P1p/3K3P/8/8 b - - 2 49,d5e6 d3c4 e6d6 c4d4,1965,74,95,1970,crushing defensiveMove endgame pawnEndgame short zugzwang
R4ogc,5r1k/6p1/Q6p/4Rp2/2P2n2/1P2N2P/5PP1/1q4K1 w - - 1 36,g1h2 f4e2 e3f1 b1f1 e5e2 f1e2,1669,76,95,7560,crushing endgame long quietMove
mw9Jn,5rk1/p5bp/2p3p1/2p1p3/1qP1n2Q/1P5P/P1P1N1P1/R1B3K1 w - - 0 23,h4e4 b4e1 g1h2 f8f1 e2g3 f1h1 g3h1 e1e4,1692,76,89,598,crushing deflection kingsideAttack middlegame quietMove veryLong
mYyvd,r3k1nr/2p2ppp/p1n1p3/1B1P4/Qb2P3/5P2/1P2NKPP/1qB4R b kq - 0 12,a6b5 a4a8 c6d8 c1g5 b4c5 f2g3,1813,77,92,2798,advantage defensiveMove fork hangingPiece long middlegame
SRNFu,4r3/pp1kP1p1/2p3p1/8/2Pq4/8/PPQ2RP1/5K2 b - - 4 31,e8e7 f2d2 e7f7 f1e1 d4d2 c2d2,1267,83,93,17007,advantage defensiveMove endgame long pin
n3SbR,8/2p5/5k2/2PP3p/1P4p1/p5K1/P7/8 w - - 5 47,g3h4 f6e5 d5d6 c7d6 c5c6 e5e6,1727,75,96,2135,crushing defensiveMove endgame long master pawnEndgame
pYoy9,8/7p/1p1P4/p1k3K1/8/7R/PP1r4/8 b - - 2 40,d2b2 h3d3 b2a2 d6d7,1890,77,91,1038,advancedPawn advantage endgame quietMove rookEndgame short
XJOA5,4r3/Qp4kp/3prpq1/5R2/2P5/1P4P1/P6P/4R2K w - - 0 33,a7b7 e8e7 e1e6 e7b7,1950,76,93,4060,advantage defensiveMove endgame master short
S0eFB,6k1/4pp1p/1q1p2p1/8/2P1P3/rp6/1QR2PPP/3R2K1 w - - 0 29,d1a1 a3a1 b2a1 b3c2 a1a8 g8g7,1261,75,100,1472,advancedPawn crushing defensiveMove endgame long
30Z4Q,8/8/3k4/6p1/1PKp1P2/8/8/8 b - - 0 68,g5g4 c4d4 g4g3 d4e3,1614,75,95,8633,crushing defensiveMove endgame pawnEndgame short
d266v,8/8/3k3p/2p3p1/p2pK1P1/P1P4P/1P6/8 b - - 1 38,d4c3 b2c3 d6e6 c3c4 e6d6 e4f5,1414,81,91,4456,crushing endgame long pawnEndgame quietMove zugzwang
gxd8y,8/8/8/1p1p4/1P1P1k2/3Kp1p1/R4rR1/8 w - - 5 56,a2f2 e3f2 d3e2 f4g4,1887,77,93,575,advancedPawn crushing defensiveMove endgame rookEndgame short
MaeMY,2r5/8/8/1p1r4/6P1/2kp1RP1/5K2/3R4 w - - 0 59,d1c1 c3b2 c1c8 d3d2 f2g2 d2d1q,1535,76,97,6093,advancedPawn advantage defensiveMove endgame long promotion rookEndgame sacrifice
bMKkI,8/6pp/3k1p2/1p2pP2/1P2K1P1/2P4P/8/8 b - - 0 46,g7g5 f5g6 h7g6 h3h4,1396,80,95,3701,crushing defensiveMove enPassant endgame pawnEndgame short
pYp3K,6k1/7p/6p1/1p6/1P2R3/2r5/5K2/8 b - - 1 45,c3c4 e4c4 b5c4 b4b5,1793,76,91,2044,crushing defensiveMove endgame rookEndgame short
QgisG,1b6/1P6/8/7p/2K4B/4p2k/PP6/8 w - - 0 50,c4d3 h3h4 d3e3 h4g3 e3e2 g3g2,1644,77,94,2028,bishopEndgame crushing defensiveMove endgame long
i6uWa,8/4k3/4b2p/pB1pK1p1/P5P1/7P/8/8 b - - 1 40,e6d7 b5d7 e7d7 e5d5 d7c7 d5c5,1834,77,97,5039,bishopEndgame crushing defensiveMove endgame long
erWtt,r4rk1/ppqb1ppp/8/2bQP3/2B2p2/P4N1P/1P3PP1/R3R1K1 w - - 1 20,a1d1 d7e6 d5e4 e6c4 f3g5 g7g6,1915,76,89,1519,advantage defensiveMove long middlegame
7GqKS,4rrk1/6pp/p7/1p6/1PpP2q1/P1B1bN2/2Q1p1P1/4R2K b - - 3 32,g4h4 f3h4 f8f1 h1h2 e3g1 h2h3,1922,74,94,3030,advantage defensiveMove hangingPiece long middlegame
nERAr,8/8/5pk1/1p1p2p1/1P1P3p/3KpP1P/6P1/8 w - - 0 77,d3e3 g6f5 e3e2 f5f4 e2f2 f6f5 f2e2 f4g3,1406,76,94,2388,crushing endgame pawnEndgame quietMove veryLong zugzwang
ChlBL,8/pp6/4k2p/6p1/1PpP2P1/P1K5/8/8 b - - 3 46,e6d5 a3a4 a7a5 b4a5,1653,82,94,3646,advantage endgame pawnEndgame quietMove short zugzwang
xdU7i,3r1r1k/1p3p1P/p1p2np1/8/3P4/1BP3PR/P4PK1/2R5 b - - 2 30,f6h7 c1h1 h8g7 h3h7,1383,76,95,19185,crushing endgame quietMove short
8zMFX,3r1rk1/p4pb1/1pQ1p3/7p/3p2N1/1P4qP/PB4P1/2R2R1K w - - 0 28,g4f2 g7e5 f2g4 h5g4,1342,78,92,1185,crushing middlegame quietMove short
47hQz,4r3/1p4R1/p3P3/k3nP2/B7/2p5/P5P1/6K1 w - - 5 35,a4e8 c3c2 g7c7 e5c6 e8c6 c2c1q,1504,76,95,26303,advancedPawn crushing endgame long promotion quietMove
q1hEc,r7/pp1n1kpp/2p2n2/qPb1pb2/P7/2P1P3/3B1PPP/RN1Q1RK1 b - - 1 14,f5d3 d1b3 f7f8 c3c4 a5c7 b3d3,1958,77,94,8718,advantage discoveredAttack long middlegame quietMove
XVx5I,r4rk1/p5b1/2pp2R1/4p2p/4P1nQ/2NpB3/Pq4PP/5R1K w - - 2 21,f1f8 a8f8 g6g7 g8g7 h4g5 g7f7 g5h5 f7e7,1923,77,92,617,advantage defensiveMove middlegame veryLong
xIO4c,8/8/8/p1p2Kp1/1pPbP3/1P3P1k/P7/8 b - - 9 57,d4e3 e4e5 e3f4 e5e6 f4d6 f5g5,1325,79,92,1815,bishopEndgame crushing endgame long quietMove
lP20f,8/3R2p1/7p/8/5P2/6P1/PKp4r/4k3 w - - 3 54,d7g7 e1d1 g7d7 h2d2 d7d2 d1d2,1458,75,100,896,crushing defensiveMove endgame long rookEndgame
2xi5c,8/8/3kP1R1/p1pB4/2P5/6P1/1r1r1PKP/8 w - - 1 39,g6f6 a5a4 e6e7 d6e7,1892,75,93,519,advantage endgame quietMove short
BSCYd,8/2r2p1k/2p2Qp1/1qPb3p/7P/6P1/5P1K/4R3 b - - 1 42,b5c5 e1e8 c5f2 f6f2,1557,76,92,1854,crushing endgame quietMove short
Xp9v9,r4rk1/1pq2pp1/p1n1p1p1/2b1P1N1/6P1/4p1Q1/PPP1B2P/3R1RK1 b - - 5 20,c7e5 g3h4 e5g5 h4g5,1427,80,93,4081,advantage master middlegame quietMove short
y2TkD,8/1p5p/p2P2k1/2p1R3/P3K3/1r6/8/8 b - - 0 44,b3b1 d6d7 b1e1 e4d5,1549,74,86,1093,advancedPawn crushing defensiveMove endgame rookEndgame short
LS1zL,rnbr2k1/ppp2ppp/4p3/2qPQ3/8/1P3N2/PKP2PPP/3R1B1R w - - 1 14,d5e6 c5e5 f3e5 d8d1 e6e7 c8d7,1483,76,99,1813,advantage defensiveMove long middlegame
MvOyr,4rrk1/1pq4p/p5p1/2PQ1p2/1P6/P4P2/1B5P/1R4K1 b - - 0 26,c7f7 d5d4 f7f6 d4f6 f8f6 b2f6,1570,74,96,6327,advantage endgame long quietMove
mNCWL,r1bq1k1r/pppn1Bpp/8/2b1P3/3Q4/8/PPP3PP/RNB2RK1 w - - 1 12,f7e6 f8e7 d4c5 d7c5 c1g5 e7e6 g5d8 h8d8,1756,74,89,645,crushing defensiveMove opening pin veryLong
njIFb,5qk1/6pp/8/1p1R4/2p5/4P3/4K3/4R3 b - - 2 41,b5b4 e1d1 f8f6 d5d8,1797,78,92,1815,advantage endgame queenRookEndgame quietMove short
jIeoB,r1b1r1k1/pppp1pp1/5q1p/4P2Q/P4P2/2P5/B2N1bPP/R1B4K b - - 0 19,f6f4 d2f3 f4c1 a1c1,1756,76,93,1412,crushing master middlegame quietMove short
DHcQU,8/8/8/1P6/R1P3k1/5p2/2r5/4K3 w - - 0 59,c4c5 g4g3 a4a7 f3f2,1389,77,93,6857,advancedPawn crushing defensiveMove endgame rookEndgame short
bbShx,2r5/pp1kp2R/1r2p3/3pP3/8/2PQ4/PP3qP1/1K5R w - - 3 31,h7e7 d7e7 h1h7 e7d8,1345,76,94,3686,crushing defensiveMove endgame hangingPiece master short
FVxMP,R7/P7/4pk2/6p1/3PK3/r7/8/8 b - - 0 39,f6f7 a8h8 a3a7 h8h7 f7g6 h7a7,1809,76,90,654,crushing endgame long quietMove rookEndgame skewer
ZVWya,2B1b3/4k1p1/8/1p1pP2P/pPp3P1/K1P5/8/8 b - - 3 39,e8d7 c8d7 e7d7 g4g5,1290,76,91,1892,bishopEndgame crushing defensiveMove endgame short
KEy3Q,8/2p4p/p3k3/2p5/2P1pP2/1P6/P3K2P/8 w - - 1 29,e2e3 e6f5 a2a3 a6a5,1781,76,93,2265,crushing defensiveMove endgame pawnEndgame short zugzwang
XoQzT,4r1k1/2b2ppp/p1p5/1p1n1b1q/3PN1P1/1BP2P2/PP1B1Q1P/R5K1 b - - 0 24,f5g4 f3g4 h5g4 e4g3,1940,77,92,1613,advantage defensiveMove middlegame short
QVfrI,1r1q1rk1/5ppp/p2b4/3Pp3/b1P4P/4BP2/PP1Q2P1/1K1R1B1R w - - 1 21,b2b3 a4b3 a2b3 b8b3 b1c2 d8b8,1958,81,92,3333,advantage defensiveMove long middlegame queensideAttack
pWOjG,8/2r2p2/8/2Pk1Pp1/1R4P1/2K5/8/8 w - - 1 61,b4c4 c7c5 c4c5 d5c5 c3d3 c5d5,1012,88,91,1074,crushing defensiveMove endgame long master rookEndgame
Ju5AZ,8/pp1Rr3/5k1p/2P5/4p3/7P/PPK5/8 w - - 5 33,d7e7 f6e7 c2c3 e7e6 c3d4 e6f5,1540,76,93,8154,advantage defensiveMove endgame long
mHIeT,8/8/3k4/pppp4/P2P1K2/1PP5/8/8 w - - 0 44,a4b5 c5c4 b3c4 a5a4,1653,75,95,2983,crushing defensiveMove endgame master pawnEndgame short
iMEk2,r3k1nr/pppn1p1p/1q1bp1p1/1N6/4P3/P3BP2/1P3P1P/2RQKB2 b kq - 4 16,b6a5 b2b4 d6b4 a3b4,1888,77,93,813,advantage defensiveMove opening short
JOkgF,8/8/7p/kN6/7n/6KP/8/8 b - - 0 57,a5b5 g3h4 b5c4 h4h5 c4d5 h5h6 d5e6 h6g6,1863,76,97,2161,crushing defensiveMove endgame hangingPiece veryLong
z4dy5,r6r/ppp2p1P/1b2pk2/8/1P2PN2/P2P4/2PR4/2K4R w - - 1 29,d2h2 b6e3 c1b2 e3f4 h2f2 e6e5,1340,79,92,738,advantage defensiveMove endgame fork long
t20GM,8/2N1k3/2p5/4Kp1p/P4P2/1P1b4/8/8 w - - 0 40,a4a5 h5h4 a5a6 d3a6,1655,74,88,788,crushing endgame quietMove short
V9vhI,8/p7/3pk1K1/P4p1p/1P3P2/6P1/8/8 w - - 1 41,g6h5 d6d5 g3g4 d5d4,1952,78,96,2052,advantage defensiveMove endgame pawnEndgame quietMove short
a3888,8/6pk/2P4p/4R3/8/6P1/p5r1/K7 b - - 0 45,g2g3 e5c5 g3f3 c6c7,1724,72,94,12350,advancedPawn crushing endgame quietMove rookEndgame short
B2jo6,8/B2n4/8/1KP2k2/8/6p1/8/8 b - - 2 39,d7b8 a7b8 g3g2 b8h2 g2g1r h2g1,1058,77,97,1154,crushing endgame hangingPiece long quietMove
q8dLq,8/8/4k1p1/3p2P1/3K3P/8/8/8 w - - 1 53,h4h5 g6h5 g5g6 h5h4 g6g7 e6f7 g7g8r f7g8,1838,76,91,931,crushing endgame pawnEndgame quietMove veryLong
WswE3,6k1/RP3p2/6p1/7p/1K1p3P/8/8/2r5 b - - 0 37,g8g7 a7a3 c1b1 a3b3,1884,76,93,2968,crushing defensiveMove endgame master quietMove rookEndgame short
3Sx7v,1r1qk2r/1bp2pb1/p2ppn1p/6p1/2PP2P1/4QNBP/PR2BP2/4K2R b Kk - 0 17,f6e4 b2b7 e4g3 b7b8 d8b8 f2g3 b8b1 e2d1,1638,75,96,14451,advantage defensiveMove middlegame pin veryLong
cL7ss,8/5pp1/4k3/r1pR4/8/1P6/4PK1P/8 w - - 2 34,b3b4 e6d5 b4a5 d5c6,1992,79,90,1114,crushing defensiveMove endgame master rookEndgame short
WpkXO,8/p5k1/7p/1B5K/Pn5P/8/8/8 w - - 2 47,b5e8 b4d5 h5g4 d5f6 g4g3 f6e8,1499,78,94,8258,crushing endgame fork long quietMove
eFGHg,3R4/8/8/4p3/8/2K1kp2/3p4/8 w - - 0 86,c3c2 f3f2 d8f8 e3e2,1421,81,90,724,advancedPawn crushing defensiveMove endgame rookEndgame short
BljGE,3R4/8/8/7P/8/2p1k3/7r/4K3 w - - 3 51,d8e8 e3d3 e8d8 d3c2,1398,76,97,13808,crushing defensiveMove endgame rookEndgame short
xVZij,4qn1k/pp3b1p/2p2p2/3p1P2/3P1NQP/3B4/PPP2R1K/4r3 b - - 5 28,e8e3 f2g2 e3g1 g2g1,1756,74,95,16776,crushing middlegame quietMove short
MyLSd,6k1/p6p/2nb4/1pp1p3/2P1P3/1P6/PB1N1r2/2K4R b - - 0 26,b5b4 h1h6 d6e7 h6c6 e7g5 c6d6,1830,73,95,7153,crushing defensiveMove endgame long
N8h6Y,8/8/2k5/2brp3/2R2p2/5P2/5B1r/4KR2 w - - 0 58,f2c5 d5c5 c4c5 c6c5 f1g1 c5d4,1455,75,92,699,crushing defensiveMove endgame long master
MaVnQ,3n2k1/3P1p1p/4p1p1/p7/PP3P2/2P3P1/7P/5K2 b - - 0 32,a5b4 c3b4 g8f8 a4a5 f8e7 a5a6,1358,76,96,1908,crushing endgame knightEndgame long quietMove
ybeuc,8/p1k5/2p5/2P1p3/KP2r2p/P2R3P/8/8 b - - 1 47,e4d4 d3d4 e5d4 a4b3,1301,81,93,10039,crushing defensiveMove endgame rookEndgame short
FM3Gt,8/P5pp/8/4k1P1/5RKP/r7/3p1B2/8 w - - 2 48,f2d4 e5d5 f4f1 d5d4,1318,77,94,1989,advantage defensiveMove endgame short
D3Nh7,8/1p4p1/p6p/1P6/2P2P2/8/k5PK/8 b - - 0 33,a2b3 b5a6 b7a6 c4c5 a6a5 c5c6 a5a4 c6c7,1230,76,95,27745,advancedPawn crushing endgame pawnEndgame quietMove veryLong
ueR8E,4r1k1/1b3ppp/p7/1p6/8/P3N2P/1Prp1PP1/1R1R2K1 b - - 3 31,e8d8 e3c2 b7e4 c2e3 e4b1 d1b1,1867,79,92,4424,advantage endgame hangingPiece long quietMove
teNQh,1b6/1K6/8/P2N2p1/8/5k2/8/8 b - - 5 49,b8h2 a5a6 h2g1 d5b6 g5g4 a6a7,1338,85,93,1850,advancedPawn crushing endgame long quietMove
gsWOJ,2r2r1k/6R1/p2R4/4pp1p/4Pb1q/2P2P2/PP5P/6QK b - - 0 32,f8g8 d6d7 h4h2 g1h2 g8g7 h2h5,1998,81,91,688,advantage long middlegame quietMove
PTTO4,8/8/1K3p2/p3p3/4k3/2P5/1P3P2/8 b - - 0 47,f6f5 c3c4 e4f3 c4c5 f3f2 c5c6,1611,75,90,1806,crushing endgame long pawnEndgame quietMove
Yc77Z,r2qk2r/4bpp1/p2p4/1pp1p1Pb/4P3/P1NPPn2/BPP3Q1/2KR3R b kq - 0 19,e7g5 h1h5 g5e3 c1b1,1409,75,89,1105,advantage defensiveMove middlegame short
ANyR3,8/5B2/3p1p1p/2k2KnP/8/1P6/8/8 w - - 7 44,f5f6 g5f7 f6f7 d6d5 f7g7 d5d4,1418,75,96,1616,crushing defensiveMove endgame long quietMove
tpT8R,8/5kp1/1p5p/3P2p1/P2p4/1P6/3r2PP/4R2K b - - 2 38,d2d3 d5d6 d3e3 e1e3 d4e3 h1g1,1967,76,93,805,crushing defensiveMove endgame long rookEndgame
KsZ8F,5k2/3N2pp/pq6/1p1n4/8/P1N4P/1P4P1/7K b - - 1 27,f8e7 c3d5 e7d7 d5b6 d7c6 b6c8,1535,78,94,17806,advantage defensiveMove endgame exposedKing fork hangingPiece long
wySKA,3k4/p2pR3/1p1Pb3/4p3/P2pB3/1P4r1/2PK4/8 b - - 2 35,g3c3 e4g6 d8c8 e7e8 c8b7 g6e4,1890,76,95,898,crushing endgame long master quietMove
QQ55U,4K3/2k5/2P2p1p/4p1b1/4B1P1/5P2/8/8 w - - 15 52,e8e7 f6f5 e7e6 f5e4 f3e4 g5f4 g4g5 h6g5,1825,79,93,2394,bishopEndgame crushing discoveredAttack discoveredCheck endgame quietMove veryLong
W9F9V,8/p3kp2/3P4/2P3p1/2K5/2B3PP/P7/1r6 b - - 0 44,e7d7 c4d5 b1d1 c3d4,1493,77,98,2353,crushing defensiveMove endgame short
RWNyp,8/8/p7/1p3k2/3P1p2/2P1q3/PP3R2/5K2 b - - 9 70,f5e4 f2e2 e4d3 e2e3 f4e3 f1e1,1613,77,96,7749,crushing defensiveMove endgame long pin queenRookEndgame
EkH0e,8/8/5pp1/3k4/5PP1/4K3/8/8 w - - 3 67,e3f3 d5d4 f4f5 g6g5,1985,77,94,18172,crushing defensiveMove endgame pawnEndgame short
iDrd4,7k/p5bp/6p1/PQr1pb2/4p3/2N5/1P1PBqPP/R1B4K w - - 7 23,b5b8 c5c8 b8a7 f2a7,1823,77,92,605,advantage defensiveMove master masterVsMaster middlegame short
93Gjz,4r3/8/4N3/4KR2/6pk/8/8/8 w - - 2 73,e5f4 e8e6 f5f7 e6h6 f7g7 h6f6,1960,76,95,2620,crushing endgame hangingPiece long quietMove
QnpnR,8/8/8/2k1N3/2n1P3/2p1K1P1/7P/8 w - - 1 49,e5c4 c5c4 e4e5 c4b3,1823,76,94,15227,crushing defensiveMove endgame short
NUR3E,8/8/1R3rk1/7p/6pP/6P1/7K/8 w - - 4 50,b6f6 g6f6 h2g1 f6e5 g1f1 e5d4 f1e2 d4e4,1989,76,92,1054,crushing defensiveMove endgame veryLong zugzwang
6e6a6,8/R7/2p1B2k/1p2nr2/4n1rP/2P5/PKP5/R7 b - - 4 35,g4g7 a7g7 f5f6 g7e7,1687,75,86,773,advantage defensiveMove middlegame short
bVKRd,1R6/3q2pk/4p2p/2R2p1Q/8/r5P1/r3PPKP/8 b - - 5 33,d7d6 c5c8 d6b8 c8b8,1844,75,95,2910,crushing endgame master quietMove short
sT01S,r4r2/p1q2pk1/4pp2/1pp5/3P1b1Q/1BP2P2/PP3P1P/R3R1K1 w - - 3 19,b3c2 f8h8 h4g4 g7f8,1943,78,95,7147,crushing defensiveMove middlegame short
Y4Jk1,r5k1/pq3pp1/1p4np/5R2/2pP4/P1P5/1P1Q1PPP/4RK2 w - - 2 28,f1g1 g6h4 f5g5 h6g5 d2g5 h4g6,1586,74,96,2918,advantage defensiveMove endgame long
jXTKj,r4rk1/pp3ppp/1q2pRn1/2p3BQ/8/3P4/PPP3PP/R6K b - - 0 18,g7f6 g5f6 e6e5 a1f1 f8e8 h5h6 b6f6 f1f6,1991,76,92,2299,advantage middlegame quietMove veryLong
Q9bI8,8/8/4k3/8/6K1/6PR/7r/8 b - - 0 55,h2h3 g4h3 e6f5 h3h4 f5g6 h4g4,1551,76,96,5407,crushing defensiveMove endgame long zugzwang
vp6CP,r6r/ppk3p1/2n4p/1B1Q4/4n3/4q3/PPP1N1PP/R3K2R w KQ - 3 18,d5f7 c7b6 f7f4 e3f4 e2f4 b6b5,1626,76,94,5211,advantage defensiveMove long middlegame
gMrzU,5k2/5p2/8/7p/PK2p3/6P1/8/8 b - - 0 54,f7f5 a4a5 f8e7 a5a6 e4e3 b4c3 e3e2 c3d2,1807,76,93,2147,crushing endgame pawnEndgame quietMove veryLong
ondqQ,8/8/8/5P2/4K2k/6p1/8/8 w - - 0 64,e4f3 h4h3 f5f6 g3g2 f3f2 h3h2,1001,78,97,659,advancedPawn crushing defensiveMove endgame long pawnEndgame
GptqZ,4q3/R1Q3pk/3p4/3P1p1n/1PP1pP1p/2B1P1rP/6P1/6K1 w - - 1 35,c3d4 e8g6 a7a2 g3h3,1887,80,91,1630,crushing endgame master pin quietMove short
CCpPr,1b2r2k/1p4pp/1p2Pp2/4n3/r2NR3/P1P3PP/1P3RP1/7K b - - 0 28,e8e6 b2b3 a4a3 d4e6 a3a1 h1h2,1928,74,96,2016,advantage defensiveMove intermezzo long middlegame
NQV2Z,r5k1/p1pq1rpp/2p5/3n1b2/2B2p2/1Pb5/PBP1QPPP/3RR1K1 w - - 0 21,b2c3 d5c3 d1d7 c3e2 e1e2 f5d7 e2e7 d7e8,1976,75,95,10648,advantage defensiveMove fork middlegame veryLong
5BJAS,8/6k1/1p1p2pp/1PpPpb2/2P5/2Q1N1P1/4qPKP/8 w - - 4 35,c3a1 f5e4 g2g1 e2f3 a1a7 g7f6,1212,77,92,2035,crushing defensiveMove endgame long
psKBm,6rk/6pp/p2bPrR1/1p2pP1P/2p1Pq2/7Q/PP2B1R1/7K b - - 8 35,h7g6 h5g6 f4h6 g2h2,1891,75,94,1324,crushing defensiveMove discoveredAttack discoveredCheck master middlegame short
BqIs5,r1b1r1k1/ppp2ppp/2n5/2bq4/8/3BBN2/PPP2PPP/R2QK2R b KQ - 3 11,c5e3 d3h7 g8h7 d1d5 e3h6 e1f1,1437,75,94,2263,advantage defensiveMove discoveredAttack long opening
D7Sp5,8/6p1/1k3b1p/p5p1/P7/1KB2P1P/6P1/8 w - - 4 48,g2g3 f6c3 b3c3 b6c5,1156,87,93,2595,bishopEndgame crushing defensiveMove endgame short zugzwang
Hrz9q,8/8/8/4p1p1/1k2P3/1Bp1P1P1/4K1P1/8 w - - 8 43,b3g8 b4a3 e2d3 a3b2,1647,74,90,2028,bishopEndgame crushing defensiveMove endgame short
1Bbjt,8/8/p3p3/4K1p1/k5P1/8/2P5/8 w - - 0 54,e5e6 a4b4 e6f6 a6a5,1554,79,91,2210,crushing defensiveMove endgame pawnEndgame quietMove short
woaeQ,8/8/6p1/p7/P1P1p2p/4p1kP/4K1P1/8 b - - 0 44,g3g2 c4c5 g6g5 c5c6 g5g4 c6c7 g4g3 c7c8q,1834,77,92,1808,advancedPawn crushing endgame pawnEndgame promotion quietMove veryLong
awHV3,3Q4/5pk1/6p1/p2P4/q7/P3P1K1/5PR1/1r6 b - - 0 31,a4a3 g2h2 a3f8 h2h7 g7h7 d8f8,1679,76,96,6109,crushing deflection endgame long quietMove
p5Qc0,8/8/5pk1/pp1Pqppp/2pQ4/P1P2PPP/1P3K2/8 w - - 2 42,d5d6 e5d4 c3d4 g6f7,1346,80,93,3386,advantage defensiveMove endgame queenEndgame short
YkidA,8/1K2k3/P3P2p/5p2/8/1B5P/3p1b2/8 w - - 2 55,a6a7 f2a7 b7a7 f5f4 b3d1 e7e6,1576,75,87,1720,bishopEndgame crushing endgame long quietMove sacrifice
DjEpO,r3r3/ppq1pQ1k/n2p2pp/2bP4/4N3/2P5/5PPP/1R2R1K1 b - - 0 23,h7h8 e4f6 e7f6 e1e8 a8e8 f7e8 h8h7 b1e1,1949,78,95,3431,advantage defensiveMove discoveredAttack exposedKing kingsideAttack middlegame veryLong
hZyfa,8/2p5/2p1p2p/p2kp1p1/P3P1P1/1P5P/2P1K3/8 b - - 0 38,d5e4 b3b4 a5b4 a4a5 e4d5 a5a6,1791,74,87,1184,crushing endgame long pawnEndgame quietMove
r3rKj,3R4/P7/8/2p5/8/2kp4/1r6/2K5 b - - 2 66,b2a2 a7a8q d3d2 c1d1 a2a8 d8a8,1759,78,92,936,advancedPawn crushing defensiveMove endgame long promotion
6WGAa,8/5p2/3k2p1/4p1P1/4KP2/8/8/8 w - - 0 53,f4e5 d6e6 e4f4 e6d5,1491,80,94,1609,crushing defensiveMove endgame pawnEndgame short zugzwang
rhqxB,8/8/7P/1R6/p3k3/1r2B3/r4PPK/8 w - - 1 47,b5b3 a4b3 h6h7 a2a8 e3c1 a8h8,1449,79,97,13262,crushing endgame long quietMove
nqgeg,r1b2rk1/pp2ppbp/3p2p1/q1p5/4PP2/2PPQN2/PP2B1PP/R3K2R b KQ - 0 12,g7c3 b2c3 a5c3 e1f2,1585,76,90,1150,advantage defensiveMove middlegame short
yOgqG,8/8/8/2K1k2p/5pp1/N5P1/7P/8 w - - 0 48,a3c2 f4f3 c2e3 e5e4 e3d1 e4d3,1604,75,94,1579,crushing defensiveMove endgame knightEndgame long
oApcm,6k1/2p2p2/p2b2p1/1p4Pp/2rB4/2P1R2P/P4PK1/8 b - - 0 40,d6c5 e3e8 c5f8 d4f6,1748,74,89,3265,advantage defensiveMove endgame short
PLxD8,5R2/8/8/4k3/6p1/6P1/1r4K1/8 w - - 14 69,f8f2 b2f2 g2f2 e5d4 f2e2 d4e4,1973,75,96,1802,crushing defensiveMove endgame long rookEndgame zugzwang
xjxGW,1k3r2/1p4pp/pq4b1/8/1P2p1P1/1Q2N3/PP3P2/2R3K1 b - - 0 27,f8f3 b3g8 b8a7 c1c8,1558,75,90,2419,crushing defensiveMove endgame short
cFe7A,5qk1/5p1p/p4Qp1/1p6/8/2r4P/P4PP1/R5K1 b - - 3 28,c3a3 a1d1 a3a2 d1d8 f8d8 f6d8,1598,74,90,2305,crushing endgame long pin quietMove
zkUzC,5b2/8/4P3/3k1PK1/8/8/8/8 b - - 0 65,d5d6 g5f6 f8e7 f6f7 e7d8 f5f6 d8b6 e6e7,1485,77,98,2503,advancedPawn bishopEndgame crushing defensiveMove endgame veryLong
7bZ7Q,6k1/2p2ppp/p3p3/1p2P3/1P6/2n2P2/P2r1BPP/2R2K2 b - - 1 25,d2d1 c1d1 c3d1 f2d4,1618,79,94,4170,advantage defensiveMove endgame master short
hElWS,3rr3/p1k2pR1/1p3Q1p/3bPB2/P1pP4/2q5/6PP/5RK1 w - - 2 33,g7f7 d5f7 f6f7 c7b8,1617,74,98,2376,advantage defensiveMove middlegame short
WpSok,8/8/p7/1pK1k3/2p5/8/PP4P1/8 w - - 2 59,c5b6 b5b4 b6c5 c4c3 b2c3 b4c3,1659,76,94,3259,crushing endgame long pawnEndgame quietMove
LDxtB,5R2/8/pk4K1/5NP1/P3q2P/2p5/8/8 b - - 2 57,e4e6 f8f6 e6f6 g5f6,1784,76,94,1051,crushing defensiveMove endgame master pin short
omztp,rnb2b1r/pp2nkpp/1q3p2/3p4/3P4/1QNBBN2/PP3PPP/R4RK1 w - - 4 12,c3d5 b6b3 a2b3 e7d5 d3c4 c8e6,1686,78,94,3509,advantage capturingDefender defensiveMove intermezzo long middlegame
XPzgl,8/7p/5n2/pNP5/1k6/8/5KPP/8 w - - 1 36,c5c6 b4b5 c6c7 f6e4 f2e3 e4d6,1907,75,94,2609,crushing defensiveMove endgame hangingPiece knightEndgame long master
6pIgY,8/6pp/5p2/4p3/4P3/1N4P1/7k/3K4 w - - 0 45,d1e2 h2g3 b3c5 h7h5,1580,78,94,21389,crushing defensiveMove endgame knightEndgame short
mKOit,8/p7/1b4R1/3k4/7P/2p3P1/P6K/8 w - - 1 46,g6g8 c3c2 g8c8 b6c5,1162,77,95,8183,advancedPawn advantage defensiveMove endgame short
iZ22a,8/2p2R2/1p1p4/3P2k1/6pp/2B5/1Pr5/5K2 w - - 0 45,c3f6 g5g6 f7c7 c2c7,1594,75,89,595,crushing defensiveMove endgame short
eeqrP,4R3/8/5p2/6p1/4p1k1/4B3/r7/5K2 w - - 12 54,e8e4 g4f3 e4c4 f3e3,1447,81,95,7609,crushing defensiveMove endgame master short
K12eD,8/6pp/p1p1p1k1/P1P1P3/6P1/5K2/7P/8 w - - 1 32,h2h4 h7h5 f3f4 h5g4 f4g4 g6h6,1245,76,92,1558,crushing defensiveMove endgame long pawnEndgame
uxaW6,8/p7/8/2p2K2/8/8/P2kp3/7R w - - 0 67,f5e5 c5c4 h1h2 c4c3,1597,77,94,5761,crushing endgame quietMove rookEndgame short
qUBR1,8/5p2/5b2/2PK1P2/1p6/4k3/3p4/1R6 w - - 0 67,c5c6 f6d8 d5c4 e3e2,1996,75,95,1392,crushing defensiveMove endgame quietMove short
RDjGf,r1bq2k1/p2pn1bp/2p1p1p1/5rB1/4QP2/2NB4/PPP3PP/R4RK1 b - - 0 14,d8a5 g5e7 a5b6 g1h1,1298,77,91,2624,crushing defensiveMove hangingPiece middlegame short
cckvb,r5k1/5pp1/qRn1p1p1/3p4/3P4/2P2N1P/5PP1/1Q4K1 b - - 8 30,a6a1 b1a1 a8a1 g1h2,1680,76,93,861,advantage defensiveMove endgame short
CU44I,2rr2k1/4Rppp/pp6/8/2N2B2/1P1n2Pq/P4P2/1QR3K1 w - - 1 26,e7e3 d3c1 b1c1 b6b5 c1e1 b5c4 f4c7 d8f8,1938,76,93,4358,advantage defensiveMove master middlegame veryLong
zqevc,2R5/1r3pkp/4p1p1/2p1P1P1/P1P1b2P/7r/3R1K2/3B4 b - - 0 35,h7h6 d2d8 b7b2 d1e2,1907,76,92,2580,crushing defensiveMove endgame master quietMove short
NeNVO,5k2/5P2/4K3/3p4/3P4/2n5/1pB5/8 w - - 1 46,c2g6 c3e4 e6d5 b2b1q,1496,77,92,754,advancedPawn crushing endgame promotion quietMove short
AFWqE,8/p7/1p3kpK/1P6/7P/8/P7/8 w - - 3 45,h6h7 g6g5 h4g5 f6g5 h7g7 g5f5,1786,75,95,4402,crushing defensiveMove endgame long pawnEndgame
SuLb0,r4r2/5pk1/p2p2p1/1pp1n3/4P1q1/P2P2N1/1PPK1QP1/5R2 b - - 13 27,a8e8 f2f6 g7g8 f1h1 g4g5 f6g5,1538,75,93,1477,crushing long middlegame quietMove
EiS9A,1Q6/p4kpp/1p2p1r1/5p2/1P1P4/P3qb2/1B4RP/5B1K w - - 13 35,b8a7 f7f6 d4d5 e6e5,1153,79,95,3249,crushing defensiveMove middlegame pin short
RBo40,2rr2k1/1Q3pp1/4p2p/1p2P3/P7/2b2N1P/4RPPK/1q6 b - - 0 28,d8d1 b7c8 g8h7 c8c3 d1h1 h2g3 b1g6 g3f4,1660,75,94,1782,advantage defensiveMove fork hangingPiece middlegame veryLong
RFIkf,6k1/2n2ppp/r1Bp1b2/2p5/5B2/1P5P/2P1RPPK/8 w - - 11 24,f4d6 c7e6 d6c5 a6c6,1995,80,91,1042,advantage endgame quietMove short
Gpeqw,8/7p/4pK2/3kP1p1/8/7P/6P1/8 w - - 0 46,g2g4 h7h6 f6g7 d5e5 g7h6 e5f4,1643,75,88,620,crushing endgame long pawnEndgame quietMove zugzwang
6x22g,8/6pk/1bNpN2p/8/p3n1P1/8/PKP3r1/4R3 b - - 3 39,g2g3 e1e4 a4a3 b2c1,1571,76,91,980,advantage defensiveMove endgame hangingPiece short
HE9SP,6k1/q4p2/7Q/pP6/P7/2Pr3P/3r1RP1/R5K1 w - - 3 37,a1f1 d2f2 h6g5 g8f8,1294,76,93,540,crushing defensiveMove endgame short
KXNDX,7R/pp5P/3k4/5p2/3p1n2/8/PPP1p3/7K w - - 0 39,h8e8 f4e6 h7h8q e2e1q,1461,76,97,3303,advancedPawn advantage endgame master promotion quietMove short
NTDRw,8/rq5Q/p1R1pkp1/5p2/5P2/6P1/PPP3KP/8 w - - 1 30,h7h4 f6g7 g2h3 b7c6,1611,75,97,4037,advantage defensiveMove endgame pin short
6bSUr,3r4/p4pk1/7p/2pN1p1Q/8/4P1P1/P5PK/1r6 w - - 3 32,d5f4 d8d1 g3g4 d1h1 h2g3 h1h5,1300,78,90,1266,crushing endgame long quietMove skewer
nragd,8/K7/1p4P1/1P6/3bBk2/1P6/7p/8 w - - 1 54,g6g7 d4g7 e4d5 g7d4,1658,75,94,2368,bishopEndgame crushing defensiveMove endgame short
E69EH,7k/1q4p1/4P2p/2pr4/2Qp4/1P4P1/P3RPK1/8 w - - 3 44,g2g1 d5h5 f2f3 b7f3,1502,77,95,4669,crushing endgame quietMove short
Cp9mh,8/6p1/8/7p/2B2k2/4p3/2K5/8 w - - 2 49,c2d3 f4f3 c4d5 f3f2,1044,78,96,7429,bishopEndgame crushing defensiveMove endgame short
bNi2m,r1bqk1nr/4bppp/p2p4/1pp5/3QP3/1B6/PPP2PPP/RNB2RK1 w kq - 0 10,d4d5 c8e6 d5c6 e6d7,1541,75,88,1668,advantage defensiveMove opening short
sZnep,8/3B4/1k2P2p/8/2KP3r/8/8/8 b - - 0 49,h4e4 c4d5 e4e3 d5d6,1287,75,90,2775,crushing defensiveMove endgame short
UXRnS,2br2rk/pp2p2p/5b2/q1pPpP1Q/2P1B3/4B3/P6P/2R2R1K b - - 8 25,a5a3 f1f3 a3a4 f3h3,1818,74,87,952,crushing defensiveMove master masterVsMaster middlegame quietMove short
Vma6O,3r1rk1/pp2ppbp/2p1q1p1/2n5/2P2P1B/3B4/2Q1N1PP/3R1RK1 b - - 3 25,e6e3 h4f2 e3d3 d1d3,1387,76,87,753,advantage defensiveMove middlegame short
F5m0j,1Q6/p1Pk3p/3r2p1/6P1/7P/P7/3r4/1K6 b - - 2 38,d6b6 b1c1 b6b8 c7b8q,1789,75,100,1595,advancedPawn crushing defensiveMove endgame promotion queenRookEndgame short
Q9iUm,r2qk2r/pb1np1b1/1ppp1nQ1/7p/2PP1B1P/2N1PN2/PP3PP1/R3K2R b KQkq - 0 11,e8f8 f3g5 d8e8 g5e6 f8g8 g6g7,1438,73,96,21167,long mate mateIn3 middlegame quietMove
WyjDY,8/4P1kP/5N2/3K4/8/p7/b7/8 w - - 0 60,d5d6 a2f7 e7e8q f7e8 h7h8q g7h8,1481,80,93,2244,crushing endgame long quietMove
I9NX2,4R1n1/5pk1/4p1p1/1Pp1P1P1/3r4/8/1r3PB1/R5K1 b - - 3 44,d4d2 a1a8 g8e7 e8e7,1636,74,87,1252,crushing endgame master quietMove short
ExN6K,8/8/p3k2p/1p2pp2/1P2P3/P5PK/7P/8 w - - 0 35,e4f5 e6f5 h3g2 f5e4 g2f2 e4d3,1612,76,97,3693,crushing defensiveMove endgame long pawnEndgame
JxNkW,8/6p1/3N1p2/7p/8/5P2/4K1k1/8 w - - 0 48,d6e8 h5h4 e8g7 h4h3 g7h5 h3h2 h5f4 g2g3,1584,78,95,19057,advancedPawn crushing defensiveMove endgame knightEndgame quietMove veryLong
WHook,8/6p1/7p/1p3P2/k4P2/6P1/1K6/8 b - - 6 59,b5b4 g3g4 a4b5 g4g5 h6g5 f4g5,1319,77,94,2775,crushing endgame long pawnEndgame quietMove
Nwupl,rnb1kb1r/pp3ppp/2pP3q/4N3/2BP4/2N1p3/PPP3PP/R2Q1K1R b kq - 1 11,h6f4 d1f3 f4f3 g2f3,1947,77,93,1832,advantage defensiveMove opening short
ZD1ix,5r2/1pp3k1/p2p2p1/3P1BP1/2P5/8/PP1K4/5R2 b - - 0 29,f8f5 f1f5 g6f5 d2e3,1060,79,95,1380,crushing defensiveMove endgame rookEndgame short
7SLdC,8/5ppk/n1PPb2p/1p6/4P3/5P2/p5PP/R5K1 b - - 0 44,b5b4 d6d7 b4b3 d7d8q b3b2 d8d1 b2a1r d1a1,1555,77,96,12122,advancedPawn advantage endgame promotion quietMove veryLong
Zn2mE,2N3k1/5pp1/2p4p/1p2P2P/P2P4/3b4/5PP1/6K1 w - - 0 32,c8e7 g8f8 e7c6 b5a4,1425,76,88,1421,advantage defensiveMove endgame master short
yUI3a,8/2N1bPk1/1p1p3p/p1pP4/P7/1P5P/6P1/7K w - - 1 47,c7a8 e7d8 f7f8r g7f8,1802,77,91,1415,crushing endgame quietMove short
mPq3z,rr4k1/2q2p2/2p3p1/p5R1/2P1R1P1/pPQ4P/5P2/5K2 b - - 0 33,c7h2 g5g6 f7g6 e4e7 h2h1 f1e2 h1e4 e7e4,1992,77,91,762,advantage endgame quietMove sacrifice veryLong
YzTsz,3Q4/p1P2ppk/bp6/1Np3p1/q7/6PP/1P3P2/6K1 w - - 0 30,b5a7 a4a1 g1h2 a6b7 d8d3 g7g6,1852,76,93,1490,advantage defensiveMove endgame long quietMove
LKGC3,6k1/1b1p1rpp/pq2p3/2B5/2pP4/P4nN1/1P4PP/R2Q2K1 w - - 4 23,d1f3 b6b2 f3f7 g8f7 a1f1 f7g6,1937,74,95,3181,crushing defensiveMove long middlegame
z2MyE,rn6/pN5Q/1p2R1R1/3p4/3b1q2/kP1P4/P5PP/7K w - - 1 35,h7e7 d4c5 g6f6 f4c1 e6e1 c5e7 e1c1 e7f6,1791,77,96,10293,advantage defensiveMove middlegame pin veryLong
qRGdG,8/8/1p6/2k5/P3K3/8/8/8 w - - 4 51,e4d3 c5b4 a4a5 b4a5 d3c4 a5a4,1908,79,92,1412,crushing defensiveMove endgame long pawnEndgame
PrP3m,4r3/p3rpp1/2R5/7p/4n3/k3P3/5PPP/2R3K1 b - - 1 36,a3b4 c1b1 b4a5 c6c2 e4c3 c2c3,1664,74,94,5205,advantage endgame long quietMove
qZVE1,8/6kp/2PpQ1pn/2pNp3/2P1P1n1/5q2/5P1P/5RK1 w - - 6 32,c6c7 f3h3 e6d7 h6f7 d7g4 h3g4,1673,74,95,16213,crushing defensiveMove endgame long master
gauM9,8/8/8/3kpK2/5p2/8/5PP1/8 w - - 4 56,f5f6 e5e4 f6g5 e4e3 f2e3 f4e3,1818,75,96,3239,crushing endgame long pawnEndgame quietMove
Su87b,1k4r1/ppR5/1r4q1/NN1P4/P5np/4p2Q/1P2K1P1/2R5 w - - 0 32,c7b7 b6b7 a5c6 b8a8,1571,76,100,1496,advantage defensiveMove middlegame short
cuqJy,8/1k6/p1p5/2K5/PP6/8/8/8 b - - 0 50,b7c7 a4a5 c7d7 c5b6,1568,76,91,5310,crushing endgame pawnEndgame quietMove short zugzwang
5KfFz,r1b2rk1/ppQ3pp/2n5/5p2/8/2PB1P1P/2PKNqP1/3R3R b - - 2 17,f8f7 d3c4 c8e6 c4e6 a8d8 d2c1,1467,76,93,1637,advantage defensiveMove long middlegame pin
vdvCJ,2kr3r/2p1qpb1/1p2p3/3PP3/QPP3pp/6P1/4NB1P/R3K2b b Q - 0 23,e6d5 a4c6 e7b4 e1f1 b4a5 a1a5,1991,75,100,1420,advantage defensiveMove long middlegame
iDzHt,8/4pB2/bp1p4/p2P2p1/P3k3/1P4P1/5K1P/8 b - - 3 38,a6d3 f7g6 e4d4 g6d3 d4d3 h2h4 d3e4 h4h5,1802,77,92,1324,bishopEndgame crushing defensiveMove endgame veryLong
6HNj2,6k1/p7/7P/5K2/8/8/8/8 w - - 1 68,f5g6 a7a5 h6h7 g8h8,1618,79,94,3410,crushing endgame master pawnEndgame quietMove short
10dKU,6k1/R6p/2K5/6p1/8/5p2/8/8 w - - 0 49,a7a4 f3f2 a4a1 g5g4 c6d5 g4g3,1026,79,100,582,advancedPawn crushing endgame long quietMove rookEndgame
YZKtn,8/8/8/p1K3p1/PP4k1/8/8/8 b - - 0 51,g4f4 b4b5 g5g4 b5b6 g4g3 b6b7 g3g2 b7b8q,1363,79,93,1975,advancedPawn crushing endgame pawnEndgame promotion quietMove veryLong
WiPIl,8/7p/4kP2/p5K1/1p6/1P6/8/8 b - - 0 42,h7h6 g5g6 a5a4 f6f7 e6e7 g6g7,1620,76,95,16653,advancedPawn crushing defensiveMove endgame long pawnEndgame
SK6J0,r3kb1r/ppBb2p1/4p2p/3p4/3Pp2P/2P1P3/PP1N1Pq1/R2QK2R w KQkq - 0 15,d1h5 g7g6 h1h2 g2g1,1630,75,89,951,crushing defensiveMove middlegame short
JOms4,8/8/3k4/p3R3/8/5KP1/r7/8 w - - 2 46,f3f4 a2f2 f4e3 d6e5 e3f2 a5a4,1729,79,93,4872,crushing defensiveMove deflection endgame long rookEndgame
4NLFz,8/8/2k5/2p2p1p/2Pb1PpP/6P1/3BK3/8 w - - 3 53,d2e3 d4e3 e2e3 c6b6 e3d2 b6a5 d2c3 a5a4,1752,75,96,3221,bishopEndgame crushing defensiveMove endgame master veryLong
CiUQ9,8/8/1k2K1p1/8/3P4/8/8/8 b - - 3 60,g6g5 d4d5 b6c7 e6e7 g5g4 d5d6 c7c6 d6d7,1729,79,94,4262,advancedPawn crushing endgame exposedKing master pawnEndgame quietMove veryLong
eScTf,3b3k/6pp/2Q5/3N1p2/2p5/5P1P/6PK/4q3 b - - 7 45,e1e5 f3f4 e5e4 c6d7 h7h6 d7d8,1971,76,95,2173,crushing defensiveMove endgame long
HcBRD,6k1/p7/6p1/1PK4p/5R1P/6r1/P7/8 b - - 0 46,g3g4 f4g4 h5g4 c5d4,1678,75,89,523,crushing defensiveMove endgame rookEndgame short
H1Fau,8/8/1p2B3/p5P1/3p4/P1p1k3/2K2p2/8 w - - 0 55,e6h3 d4d3 c2c3 d3d2 c3c2 e3e2,1617,75,87,647,advancedPawn bishopEndgame crushing defensiveMove endgame long
1LZKf,8/8/3k1K1P/1p6/8/Pb5N/6p1/8 b - - 0 51,b3e6 h3g1 e6g8 f6g7 g8c4 h6h7,1974,73,95,10251,advancedPawn crushing endgame long quietMove
aMDWY,8/8/p7/1pkp2q1/3N4/2P5/PPK2R2/8 b - - 8 52,g5g1 f2f6 g1h2 c2b3,1898,72,94,13458,crushing defensiveMove endgame short
lzC3i,8/7p/1p6/1p1p3P/5pPk/P1P1pP2/1P6/4K3 b - - 7 42,h4g3 g4g5 g3f3 g5g6 h7g6 h5g6,1921,76,95,4747,crushing endgame long pawnEndgame quietMove
TNrMe,8/1r6/1P3p2/p1k5/3pKP2/P1p5/2P5/1R6 b - - 0 52,b7b6 b1b6 c5b6 e4d4 b6b5 d4c3 b5a4 c3b2,1583,79,96,19501,crushing defensiveMove endgame rookEndgame veryLong
eZwPY,5r1k/1p4R1/8/p4N2/P2pP3/5n1P/1P6/7K w - - 1 45,g7d7 f8g8 d7d8 g8d8,1575,75,90,1394,crushing endgame master masterVsMaster quietMove short
RH7aI,8/8/5p2/3Pb3/4P2P/8/1p1k1p2/1B3K2 b - - 4 81,d2c1 b1a2 b2b1q a2b1,1977,77,90,2128,bishopEndgame crushing endgame master quietMove short
kY7kK,1rb3k1/1pp2r1p/3p4/p2QnPqB/2P1P3/6P1/PP6/1K1R3R b - - 4 22,b7b6 h5f7 e5f7 h1h7 g5f6 d1h1,1669,80,92,3648,clearance crushing defensiveMove discoveredAttack kingsideAttack long middlegame
CkC7t,r3k1r1/pppb3p/3p4/3P4/3q1P1Q/2N1p1P1/PPP4P/4RR1K w q - 0 21,c3e2 d4d5 h1g1 d7c6 h4h5 d5h5,1859,75,96,1632,crushing long middlegame quietMove
jgmeq,1b3r1k/p5Rp/8/8/P4P2/1P2Pn2/1B1PqP1P/RN5K w - - 1 25,g7g3 b8e5 b2e5 f3e5 b1c3 e2d2,1920,76,93,4001,advantage defensiveMove long middlegame
33q7w,8/6N1/7p/7P/K4pk1/P7/8/8 w - - 0 45,g7e6 f4f3 e6c7 f3f2 c7d5 g4f3,1824,75,92,3568,advancedPawn crushing defensiveMove endgame knightEndgame long
F4qh5,2k2r2/ppp5/4p3/8/1P5p/PNbP2qP/2P3P1/1R1Q2K1 w - - 3 28,d1e2 c3e5 e2e5 g3e5,1807,74,93,5402,crushing endgame quietMove short
I9cAq,5k2/2r4p/p1P3p1/1B3b2/5P2/1P6/P7/3R2K1 w - - 0 42,d1d8 f8e7 d8b8 a6b5,1432,79,93,642,advantage defensiveMove endgame short
mFY0x,2q1r1k1/1p3p2/1p1R3p/2p1R3/2P3pP/2Q5/1rP2PP1/6K1 b - - 0 24,b2b1 g1h2 e8e5 c3e5,1230,76,98,1565,advantage defensiveMove endgame short
Cvpt6,r1b1r1k1/1pq2ppp/p2b1n2/3pn3/P7/2PB1NB1/1P1N1PPP/R2QR1K1 w - - 0 14,f3d4 e5d3 e1e8 f6e8 d1e2 d3e5,1879,77,93,1811,crushing defensiveMove hangingPiece long master opening
VmKsr,r1bqr1k1/pp3ppp/2n1p3/3n4/3P3P/2PB1N2/P2B1PP1/R2QK2R w KQ - 1 12,d3h7 g8h7 f3g5 h7g8,1168,76,87,860,advantage defensiveMove hangingPiece master opening short
bGrl7,8/1k3p2/4p1p1/pPK1P2p/5P2/6P1/7P/8 w - - 1 52,b5b6 a5a4 c5b4 b7b6,1178,78,88,513,crushing endgame master pawnEndgame quietMove short
W8ITi,8/4k3/1K6/4p1p1/8/8/4PP2/8 b - - 0 45,e7d6 e2e4 g5g4 b6b5,1625,75,91,1675,crushing defensiveMove endgame pawnEndgame quietMove short
NeL6u,rn1qk2r/ppp2ppp/3bb3/4Q3/2BP4/5N2/PPP2PnP/RNB2K1R w kq - 2 9,e5g7 e6c4 f1g2 e8d7,1965,80,92,1828,advantage defensiveMove opening short
0hpl0,r2qk1nr/pbp3pp/1p1b4/3pN3/8/1P2P3/P1PPB1PP/RN1QK2R w KQkq - 1 10,e2h5 g7g6 e5g6 h7g6,1094,81,93,1394,advantage defensiveMove opening short
9dPdh,2bk4/5p1p/1Rp2Nr1/8/2r1P3/B5Pn/P4P1P/1R5K w - - 0 37,b1d1 d8c7 b6b2 g6f6,1545,78,92,658,advantage defensiveMove middlegame short
iXQE8,3R4/8/8/4r3/4k2P/3p4/6PK/8 w - - 2 45,d8f8 d3d2 f8f1 e4d3,1867,81,91,725,advancedPawn crushing defensiveMove endgame rookEndgame short
UqY1F,8/3k4/r1p5/2Rp4/3P1Bp1/4P1Pp/6r1/2R4K w - - 4 40,c1c2 a6a1 c2c1 a1a2,1938,74,96,819,crushing defensiveMove endgame short
vMsNl,8/bp6/p3pQpp/3pP2k/5Pq1/6P1/1P4BK/8 b - - 1 38,a7f2 g2f3 f2g3 h2g2 g3h4 f3g4,1737,76,98,1259,crushing defensiveMove endgame long master pin
sb0hC,8/8/Rbpp3q/1p2p1k1/1P2PpPp/2PP1P1K/1P6/5R2 b - - 0 31,b6e3 a6c6 h6f8 f1a1,1776,75,89,1506,crushing defensiveMove endgame short
lxqiP,r5k1/p1nn1pp1/4p2Q/1q6/2pP4/6R1/2P2PPP/4R1K1 b - - 0 25,g7g6 g3h3 b5h5 h3h5,1824,77,93,2935,crushing middlegame quietMove short
Xb7oA,r1b1kb2/pp3pp1/5q2/2ppp3/1nP1Q2P/P3P3/1P1P1P2/R1B1KB1R w KQq - 0 14,c4d5 c8f5 f1b5 e8d8 e4g2 b4c2,1620,76,93,673,advantage defensiveMove long middlegame
poRNV,8/8/1pp2k1p/3p3P/P4K2/4P3/6P1/8 b - - 3 44,b6b5 a4a5 b5b4 a5a6 b4b3 a6a7 b3b2 a7a8q,1143,77,89,722,advancedPawn crushing endgame pawnEndgame promotion quietMove veryLong
ujU6J,3q2k1/p4r1p/1pp3pP/8/2P1QP2/2B3P1/PP4K1/8 b - - 0 34,d8e7 e4d4 e7e2 g2g1,1977,75,93,4290,crushing defensiveMove endgame master short
cMf5m,2r3k1/5ppp/3Rp3/8/1P6/2p2N2/5PPP/6K1 w - - 0 39,d6d1 c3c2 d1c1 c8d8 g1f1 d8d1 f1e2 d1c1,1502,76,98,4379,advancedPawn advantage endgame quietMove veryLong
YZtXi,r1bq1r2/pp3pp1/2n1p1k1/3pPnN1/3P2P1/P2Q4/2P2P2/R1B2RK1 b - - 0 15,f8h8 g4f5 e6f5 d3g3,1636,76,92,1482,crushing defensiveMove middlegame short
3A1C2,8/2Pq2nk/p2p3b/P2Pp3/4Pp2/2N2P2/4KB2/2R5 b - - 1 40,d7c8 c3a4 g7e8 a4b6 c8c7 c1c7,1725,78,94,4837,advantage endgame long quietMove
bJMIx,N1bk2r1/pp3p2/3p4/3Bn2q/3pP3/4PNp1/PPP3P1/R3Q1K1 w - - 2 20,e1a5 b7b6 a8b6 e5f3,1824,78,93,1112,crushing defensiveMove middlegame short
7IUkJ,8/2B5/p5p1/7p/2P4b/1P3P1k/4K3/8 b - - 0 40,h4g3 c7g3 h3g3 c4c5 g3f4 c5c6 f4f5 c6c7,1226,75,100,1028,advancedPawn bishopEndgame crushing endgame quietMove veryLong
f3wRr,2r3r1/1k6/p2R4/4P2P/7R/2p2pp1/P1K3P1/8 w - - 0 37,g2f3 g3g2 h4b4 b7a7 d6d7 a7a8,1694,74,91,7396,advancedPawn crushing defensiveMove endgame long rookEndgame
aCqoY,3q2k1/1Q3p1p/6p1/4b3/1pr1P3/5B2/5PPP/1R4K1 w - - 1 30,g2g3 d8d3 b7a8 g8g7,1618,76,93,2679,advantage defensiveMove endgame fork short
ZdYhI,8/8/5bp1/2Pk1p1p/p1n4P/2PB4/P1P1KB2/8 b - - 0 39,f6c3 d3c4 d5c4 c5c6 c3e5 f2b6,1605,76,88,555,clearance crushing defensiveMove endgame long master
mF9Vh,8/pp6/8/3PK1k1/8/P7/1P2n3/8 b - - 2 46,e2f4 d5d6 f4d3 e5e6,1141,77,88,558,crushing defensiveMove endgame knightEndgame short
7cqCT,6k1/7p/1PK5/2B2p2/8/7r/8/8 b - - 0 45,g8f7 b6b7 h3b3 c5b6,1313,80,93,1608,advancedPawn clearance crushing defensiveMove endgame short
nDKVw,r1bq1rk1/1p4pp/p1np3b/3Npp1Q/2P1P2P/2NB2P1/PP3P2/R3K2R b KQ - 1 15,f5f4 g3g4 c8g4 h5g4,1810,77,93,3246,advantage master middlegame quietMove short
TaXmP,8/8/6p1/1p2k1Kp/1P5P/2Nb2P1/8/8 w - - 11 66,c3b5 d3b5 g5g6 b5e2,1822,77,92,3433,crushing defensiveMove endgame short
zklTN,2R5/8/8/8/3r3p/2kr1p2/5P1P/4RK2 b - - 5 52,c3d2 c8c1 h4h3 e1d1,1707,75,96,6218,blindSwineMate endgame mate mateIn2 quietMove rookEndgame short
BQBjp,4r2k/2p2R2/p1p3R1/4N1Kp/6b1/1PP1P3/6r1/8 b - - 13 33,e8e5 g5h6 h5h4 f7h7,1571,75,89,1060,defensiveMove endgame mate mateIn2 short
NWVsW,r2r3k/1p4pp/2pBQ1n1/2P5/1P3P2/6P1/2q4P/3RR1K1 w - - 7 41,d1d4 a8a2 e6a2 c2a2,1957,75,89,903,advantage master middlegame quietMove short
fkcKG,1k6/1p6/4p3/4q1p1/6P1/3Q3P/6K1/8 b - - 3 46,e5d5 d3d5 e6d5 h3h4 b8c7 h4h5,1791,76,90,1821,crushing defensiveMove endgame long queenEndgame
Lr6tF,8/1p6/p2k1pp1/3Pp3/PP2K1P1/8/7P/8 b - - 0 38,b7b6 h2h4 g6g5 h4h5,1623,75,94,4302,crushing defensiveMove endgame pawnEndgame quietMove short
Kbn3M,r4rk1/pp1q1p1p/3p1p2/4p3/1NP1P3/3B1P1b/PP3P1P/R2Q1RK1 w - - 0 15,f1e1 g8h8 g1h1 f8g8 e1g1 g8g1 d1g1 a8g8,1686,75,93,1717,advantage clearance middlegame quietMove veryLong
x7CX2,8/p7/1p3k2/1Pp2pp1/2P2P2/2P3P1/4K3/8 w - - 0 43,e2d3 g5f4 g3f4 f6g6 d3e2 g6h5 e2f3 h5h4,1781,76,93,567,crushing defensiveMove endgame master pawnEndgame veryLong
mkfxs,2r4k/1p4pp/3QB1p1/6q1/p7/P5r1/KP6/7R b - - 0 33,c8d8 h1f1 h7h5 f1f8,1884,74,94,11577,advantage endgame quietMove short
EpZvH,1r4k1/pq3ppp/8/r5P1/2p1nR2/P2Q3P/1PP1P3/K1B4R w - - 0 26,d3e4 a5a3 a1b1 b7a6,1784,74,96,3937,crushing defensiveMove middlegame pin short
1VxAh,8/6p1/3b4/2pPk3/P1K5/1P5P/8/8 b - - 2 45,g7g5 a4a5 d6c7 a5a6 c7b6 c4b5 c5c4 b3c4,1702,74,97,1785,bishopEndgame crushing endgame quietMove veryLong
R7zwa,8/8/p1p5/1p6/1P3K1p/2k2P1P/6P1/8 w - - 0 44,f4g4 c3b4 f3f4 b4c5,1906,77,95,5042,crushing defensiveMove endgame pawnEndgame short
omPna,7r/1kp5/p4P2/2p5/2Pp2b1/3P3p/PP1K1R2/6N1 w - - 2 33,f6f7 h3h2 f2h2 h8h2 d2e1 h2h8,1548,74,97,5081,advancedPawn crushing defensiveMove endgame long
LClGF,r7/pp6/2p2k2/3p3r/3P2p1/6P1/PP3PP1/R3R1K1 w - - 1 32,e1e3 a8h8 g1f1 h5h1 f1e2 h1a1,1191,80,91,575,crushing endgame long quietMove rookEndgame skewer
D5qFF,8/8/3B2n1/5p1p/7P/5kP1/8/3K4 b - - 1 49,g6h4 g3h4 f3g4 d6e7,1017,76,95,858,crushing defensiveMove endgame hangingPiece short
Z4hAj,r2qk2r/ppp2pp1/1bnp1B1p/8/2BPP3/5b1P/PP3PP1/RN1Q1RK1 w kq - 0 11,c4f7 e8f7 d1b3 f7f6 b3f3 f6e7,1687,77,89,936,advantage defensiveMove hangingPiece long middlegame
pT6Jr,rR6/P6P/5pp1/R7/2kp4/4n3/7r/K7 b - - 8 46,e3c2 a1b1 a8a7 a5a7,1658,76,93,1494,crushing defensiveMove endgame master short
radDf,rn1q1rk1/p1p1bppp/1p2p3/3pPnB1/3P2P1/2P2N2/PP1Q1P1P/RN3RK1 b - - 0 11,f5h4 g5h4 e7h4 g4g5,1968,77,92,1935,advantage defensiveMove opening short
OUl6L,8/8/2p1kPp1/K1P1p1P1/8/8/8/8 b - - 19 70,e5e4 a5b4 e4e3 b4c3,1687,75,90,796,crushing defensiveMove endgame pawnEndgame short
bWR6r,8/8/4ppp1/p1kp4/P4P1P/2PKP3/8/8 b - - 0 34,e6e5 f4f5 g6g5 h4h5,1659,78,93,1000,crushing defensiveMove endgame pawnEndgame short
AFL5p,8/1p3K2/2p1p3/2P5/1k4P1/8/8/8 b - - 0 51,b4c5 g4g5 e6e5 g5g6 e5e4 g6g7 e4e3 g7g8q,1552,77,91,808,advancedPawn crushing endgame pawnEndgame promotion quietMove veryLong
b7VVY,r5r1/p2b1p1k/2p2p1p/3p1P2/2pP3Q/2q1PR2/P3B1PP/5RK1 b - - 1 20,g8g5 f3h3 h6h5 e2h5,1660,76,93,601,crushing master middlegame quietMove short
8ju8W,r2r4/1p3pk1/2p3p1/p5Qp/P2qNR2/6PP/1P5K/3R4 b - - 0 30,d4b2 f4f2 b2f2 e4f2,1327,79,94,4585,advantage defensiveMove middlegame short
8wkj6,r4rk1/pR1b2p1/4p2p/5n1Q/3PBN2/5NP1/q4P1P/6K1 b - - 0 22,f5d4 b7d7 a2a1 g1g2,1976,83,91,3958,crushing defensiveMove hangingPiece master middlegame short
Z8mfY,r1bq1rk1/ppp2Npp/2n5/8/2Bb1R2/8/PPP3PP/RN1Q2K1 w - - 0 12,f4d4 d8d4 d1d4 c6d4 f7g5 g8h8,1521,75,89,1138,advantage defensiveMove fork long opening
Qv4yb,6k1/p5p1/1p6/3P4/4PP2/P5QP/1q3K2/8 w - - 0 55,f2f3 b2a3 f3g2 a3g3 g2g3 a7a5,1730,76,93,7721,crushing defensiveMove endgame long queenEndgame
HXufc,4b3/6kp/p4pp1/2P5/3Q4/7P/5PP1/4qBK1 w - - 0 36,d4e3 e1e3 f2e3 a6a5,1408,76,89,546,advantage defensiveMove endgame master short
IaF4T,8/8/3K1p2/8/4P2p/5k1P/8/8 w - - 0 57,d6e6 f3e4 e6f6 e4f4,1525,77,100,720,crushing defensiveMove endgame pawnEndgame short
r68we,1k1r4/7R/p7/P3p2p/1pP1Pp2/1P3P2/2K1Nb2/8 w - - 0 33,h7h5 f2e3 h5h2 d8d2,1493,74,90,2957,advantage endgame quietMove short
Nn9xq,8/8/R7/8/3p4/pk6/8/K7 w - - 2 55,a6a3 b3a3 a1b1 a3b3 b1c1 b3c3 c1d1 c3d3,1430,80,91,2509,crushing defensiveMove endgame hangingPiece veryLong
1Bogj,1k5r/ppp2pq1/1bp5/4PQ1p/3P2B1/2P3K1/PP1B1P2/R7 w - - 2 27,f5f6 g7g4 g3h2 h8g8 d2g5 g4g5 f6g5 g8g5,1842,77,93,1748,advantage middlegame quietMove veryLong
e4F6P,2k5/1p3KP1/p3N3/P7/8/8/8/6r1 b - - 2 46,c8d7 e6f8 d7c7 f8g6,1968,78,96,2683,crushing defensiveMove endgame short
mPjZK,5bk1/pp3ppp/8/4P2P/3q4/1Pr1B1Q1/P5P1/5RK1 w - - 0 39,f1f3 c3e3 f3e3 f8c5,1909,74,95,5082,advantage defensiveMove endgame sacrifice short
yVkyN,8/8/6pp/1p1k4/1P1p2P1/3K3P/5P2/8 w - - 0 36,f2f3 g6g5 d3d2 d5c4 f3f4 g5f4,1691,79,89,2215,crushing endgame long pawnEndgame quietMove zugzwang
oEOBN,7k/6p1/4P2p/p7/2p5/2r1P1P1/6KP/4R3 b - - 0 46,c3b3 e6e7 b3b8 e1d1 b8e8 d1d8,1972,81,92,894,advancedPawn crushing endgame long pin quietMove rookEndgame
4RABb,2Q5/K4p1p/8/q7/4k3/1P6/P6P/8 w - - 3 46,c8a6 a5a6 a7a6 f7f5 a6b6 f5f4,1647,81,95,11510,crushing defensiveMove endgame long queenEndgame quietMove
9Lxbm,5r2/ppp1k2p/2p5/8/4P2q/3P4/PPPBQn1P/R1K5 b - - 7 22,h4h2 d2b4 e7d7 b4f8 h2h1 c1d2,1688,75,97,12281,crushing defensiveMove endgame long skewer
bK7I5,8/7p/p7/1bK1B3/2P1p3/P4k2/1P6/8 b - - 0 51,e4e3 c4b5 e3e2 e5c3,1483,75,96,9353,bishopEndgame crushing defensiveMove endgame short
RnHXh,3r4/1p3pk1/2pq3p/p3RR2/6P1/5PK1/P6Q/5b2 w - - 6 35,h2b2 f7f6 b2b7 d8d7,1530,77,92,2089,advantage defensiveMove endgame master pin short
upUZh,4q1k1/7p/p3rp1P/1p2pQp1/1P6/2PR4/6PK/8 b - - 10 48,e6c6 d3d7 e8h5 h2g1 h5h6 d7d8,1688,75,94,943,crushing defensiveMove endgame long
XYHRx,r1r3k1/1R3p2/4p1p1/7p/p3PR2/P4P2/5P1P/1n3BK1 b - - 6 31,c8f8 b7b1 g6g5 f4f6 g8g7 e4e5,1497,76,95,22222,advantage defensiveMove endgame hangingPiece long
tLyIk,r1r2k2/2P2pp1/7p/RN2p3/1P2P3/4P3/6PP/6K1 b - - 0 25,f8e7 a5a8 c8a8 b5a7 e7d7 c7c8q a8c8 a7c8,1374,78,91,1466,advancedPawn crushing endgame promotion quietMove veryLong
lg8Af,r1bqk2r/ppppn1pp/2n5/4p3/2B1P3/2P2N2/P1P2PPP/R1BQK2R w KQkq - 0 8,f3e5 c6e5 d1h5 e5g6,1669,76,92,2017,advantage defensiveMove hangingPiece opening short
5OyJT,1r3q1k/2Q5/1p1pB2p/pP2p3/2P1P3/P4P2/5K2/8 b - - 2 42,h6h5 e6f5 f8g8 c7d6 g8f8 d6e5,1710,76,93,985,advantage endgame long quietMove
sdud8,r4r1k/pp3pp1/7p/3p4/8/1NPB1Pqb/PPQB3b/R3R2K w - - 4 22,d2c1 g3e1 h1h2 e1h4,1963,75,86,1235,advantage defensiveMove kingsideAttack middlegame short
Fv77i,8/8/4k3/1p3p2/2p2Kp1/1PP3P1/P7/8 b - - 0 44,c4b3 a2b3 e6f6 c3c4 b5b4 c4c5 f6e6 c5c6,1056,77,100,719,crushing endgame pawnEndgame quietMove veryLong zugzwang
3uwmq,8/p1p3kn/1p6/3K2P1/2P5/3B4/8/8 w - - 0 45,d3h7 g7h7 d5c6 a7a5,1277,76,98,3257,crushing defensiveMove endgame short
7vt7y,5r1k/pp3p1p/5p2/3q4/6QN/8/n4PPP/5RK1 b - - 1 24,a2c3 h4f5 f8g8 g4g8 h8g8 f5e7 g8g7 e7d5,1599,74,96,6611,advantage attraction endgame fork quietMove sacrifice veryLong
AmqFr,8/8/2BK1k1p/3Pp2P/4Pp2/r1n2P2/p7/R7 w - - 3 50,d6c5 a3b3 d5d6 b3b1 a1a2 c3a2,1853,78,94,1224,crushing endgame long quietMove
3yKxr,8/1k6/4p3/1pqp4/1R6/8/6PP/1R3K2 b - - 1 35,b7b6 b4b5 c5b5 b1b5 b6b5 h2h4,1464,77,91,537,crushing defensiveMove endgame fork long queenRookEndgame
whd20,rn2kbnr/p1p1pppp/4b3/8/R1pP4/1qN1P3/1P3PPP/2BQKBNR w Kkq - 4 8,f1c4 e6c4 d1f3 c7c6,1930,77,89,522,advantage defensiveMove opening short
1mAz4,r2k1r2/pp1bp3/2p1p2p/4b1p1/2P2n2/1PN4P/PB3PP1/1B1R1RK1 b - - 1 20,f4e2 c3e2 e5b2 d1d2 b2e5 f1d1,1808,75,93,3521,advantage clearance defensiveMove long middlegame
4qB2e,6k1/3r3p/1pQ1p1r1/5p2/P1pP3q/BP1p3P/3P4/1R2R2K w - - 3 33,c6c8 d7d8 c8d8 h4d8,1217,79,91,565,crushing defensiveMove master middlegame short
z23Vj,3k4/R6p/5P2/4P3/8/2r5/pn2K2P/8 b - - 1 39,b2c4 f6f7 c3c2 e2d3 c4e5 d3c2,1637,76,89,654,advancedPawn advantage defensiveMove endgame long
w7dGN,8/4k3/5bPP/4ppB1/5K2/3P2P1/8/8 w - - 0 64,f4f3 f6g5 h6h7 g5f6,1405,75,100,1504,bishopEndgame crushing defensiveMove endgame hangingPiece short
48rBT,rnb4q/1p1knQ2/p3pp1p/2bp4/3N4/P3P3/2PP1PPP/RN2KB1R w KQ - 2 13,f7e6 d7e8 e6c8 e7c8,1743,76,93,643,advantage defensiveMove opening short trappedPiece
me6Gb,8/R5pk/8/1r1P4/4p3/4Pb2/5P2/4BK2 w - - 1 49,d5d6 b5h5 a7g7 h7g7,1506,77,99,1192,crushing endgame master quietMove short
pYVib,r1b2rk1/ppp2pp1/2n1p3/b2q2NQ/3P1B2/4P3/PP3PPP/R4K1R b - - 3 13,d5c4 f1g1 c4d3 e3e4 d3e4 g5e4,1624,74,95,10389,crushing long middlegame quietMove
D0EdY,r2qb2Q/p3k1p1/1p2prP1/3pN3/3P4/2P5/PP3PP1/R3R1K1 w - - 5 24,e5c6 e8c6 h8g7 e7d6,1362,75,100,2162,advantage defensiveMove middlegame short
OdjCs,8/6k1/7p/pP2K1p1/P7/1r6/7P/8 b - - 2 40,b3b5 a4b5 a5a4 e5d4 a4a3 d4c3,1945,77,91,727,crushing defensiveMove endgame hangingPiece long
JF76b,r1r3k1/3q1p1p/4bQP1/3pP3/1p6/8/1PB2PP1/2KRR3 b - - 0 27,h7g6 e1h1 e6h3 h1h3 d7h3 g2h3,1262,76,93,7500,crushing long middlegame quietMove
OgYSA,8/8/p3k1p1/2p1P2p/5KP1/7P/1P6/8 w - - 0 59,g4h5 g6h5 h3h4 a6a5,1643,77,93,945,crushing defensiveMove endgame pawnEndgame short zugzwang
ctDpy,2r3k1/n6p/3rpQP1/8/p1p4P/q3P3/4K3/5R1R b - - 3 33,a3a2 e2f3 c8f8 g6h7 g8h7 f6f8,1768,76,96,11465,advancedPawn crushing defensiveMove long middlegame
3mfEw,8/2p5/2k4K/4p1p1/4P3/7P/6P1/8 b - - 0 49,c6d6 h6g5 c7c5 g5g4 c5c4 g4f3,1859,75,92,914,crushing defensiveMove endgame long pawnEndgame
swmqr,Rb6/1r1k1p1p/2p1p1p1/1pB3P1/1P2KP2/1P5P/8/8 b - - 2 34,d7c7 e4e5 c7d7 e5f6,1740,77,91,1217,crushing defensiveMove endgame master short
ryxku,r1bq1rk1/2p3p1/pp1p3p/2nPp1NQ/2P1P3/2N5/PP3RP1/1BR3K1 b - - 0 21,d8g5 f2f8 g8f8 c1f1 f8g8 h5e8 g8h7 f1f8,1604,76,95,1930,attraction crushing defensiveMove kingsideAttack middlegame veryLong
9ssxP,2kr1r2/ppp1bB2/2p1P3/6pp/6b1/2NPQ3/PPq3PP/5R1K b - - 1 20,c2b2 e3a7 b2a3 c3a4 a3a4 a7a4,1858,76,95,7139,advantage long middlegame quietMove
9DPba,1Q6/p4pk1/6pp/2p5/P1b5/2q1PB1P/3r1PP1/1R4K1 b - - 1 33,c3c2 b8e5 g7h7 b1b8,1648,76,94,14183,clearance crushing defensiveMove endgame short
ZCzYe,2r5/7k/3ppppb/7p/4P3/1P1Q1P2/q3B1PP/5RK1 w - - 0 24,d3d6 h6e3 g1h1 a2e2 d6d7 h7h6,1776,77,88,536,crushing defensiveMove endgame long
FQDWy,2rq4/p3r2p/2Q3p1/5bk1/3p4/1N3R2/PPP3PP/4R1K1 w - - 1 23,f3g3 g5h6 e1e7 c8c6,1904,76,93,1234,crushing defensiveMove middlegame short
o4DIF,6k1/1p1q1pp1/p1p4p/8/1P6/P3R1P1/4Q1PK/3r4 b - - 5 36,g7g6 e3e8 g8h7 e2e5 d7e8 e5e8,1604,74,85,1118,advantage clearance endgame long quietMove
TK98z,4k1r1/2p2N2/b1P1p1Pp/3pPpbP/p7/q1B1P3/3K2Q1/1R6 b - - 1 35,a3a2 b1b2 a2c4 b2b8,1555,77,94,1613,crushing defensiveMove middlegame short
cIRSI,8/7p/5K2/7P/4k3/8/8/8 b - - 0 56,e4f4 h5h6 f4g4 f6g7 g4f5 g7h7 f5g5 h7g7,1795,78,93,2805,crushing defensiveMove endgame pawnEndgame veryLong
nV4dV,r5k1/5rpp/5b2/8/3Rp3/4P1BP/1PP2PP1/1K5R w - - 4 24,d4e4 f7a7 c2c4 a7a1 b1c2 a1h1,1521,76,96,17783,advantage endgame long quietMove skewer
MvsL5,1r4k1/1P2pp1p/3p2p1/2p5/1b2B3/4P3/6PP/1R4K1 b - - 0 31,e7e6 b1a1 g8g7 a1a8 b8b7 e4b7,1298,75,95,20913,advantage endgame long quietMove
Pj6oa,8/6k1/p1pn2P1/7P/PP6/2K5/8/8 b - - 2 57,g7h6 c3d4 h6h5 g6g7 d6f5 d4c5,1695,77,93,2451,advancedPawn advantage defensiveMove endgame knightEndgame long
IjQLw,2k4r/pp1r2pp/2b2p2/4p3/2N1P3/2PBb3/PPK3PP/3R3R b - - 5 18,h8d8 c4e3 d7d3 d1d3 c6e4 h1d1,1390,80,90,1423,crushing defensiveMove hangingPiece long middlegame
1dSdr,8/p6Q/3pk2p/3Rr3/8/8/P3q1PP/7K w - - 17 42,h7g8 e6d7 g8f7 d7c6 d5d6 c6d6,1995,75,95,2462,crushing defensiveMove endgame long
D1CQF,8/1p2R3/3r2k1/p2p4/P5PK/1P6/8/8 w - - 3 45,e7b7 d5d4 b3b4 d4d3,1570,77,95,8889,crushing endgame quietMove rookEndgame short
udHoW,2k4r/ppp3pp/3r1p2/3q4/P2PR3/2P2Q1P/2P2PP1/R5K1 w - - 1 21,f3g4 f6f5 g4g7 h8g8,1730,75,94,2556,advantage defensiveMove endgame fork short
LwU56,8/r1p5/2K5/8/8/k7/P7/1R6 w - - 10 65,b1b7 a7b7 c6b7 c7c5 b7b6 c5c4,1524,78,96,22550,crushing defensiveMove endgame long quietMove rookEndgame
YlCw1,8/8/4k2p/1p1p2p1/1N1P2P1/5K2/PPn4P/8 b - - 0 45,c2d4 f3e3 d4f5 g4f5,1272,82,94,5345,crushing defensiveMove endgame knightEndgame master short trappedPiece
Hq4tF,2r5/p1q2prk/2p1pQ1p/3pN3/5P2/2P1PRb1/PP4P1/R6K w - - 5 24,f3g3 g7g3 a1f1 c8g8,1617,77,94,5914,advantage defensiveMove hangingPiece middlegame short
tkPho,rnb1k2r/1p1p1ppp/p3p3/8/2P3Q1/6P1/PP1B1P1P/R3KB1q b Qkq - 1 14,h1h2 g4g7 h8f8 d2h6 h2h6 g7h6,1563,75,92,2152,crushing long middlegame quietMove
T9zUo,6k1/pp6/3PK1pp/5p2/4pP1P/2N1n1P1/2r5/5B2 b - - 0 35,e3f1 d6d7 c2d2 c3d5 d2d5 e6d5,1326,75,95,2745,advancedPawn crushing endgame long quietMove
AUI3w,3k4/6R1/2p5/5r1p/1PKP3P/2P5/8/8 w - - 3 42,g7g5 f5g5 h4g5 h5h4 c4d3 h4h3,1300,75,97,1190,crushing endgame long quietMove rookEndgame
UC2BH,4r3/p7/8/6p1/3k3p/P1p4P/2Bp1PP1/3R2K1 w - - 2 38,f2f3 e8e1 g1f2 e1d1 c2d1 d4d3,1521,77,86,777,crushing defensiveMove endgame long
pDs6W,8/7p/4k3/5pp1/1bK5/1P3P1P/P7/8 w - - 0 40,c4b4 h7h5 b4c4 g5g4,1834,75,86,870,crushing endgame pawnEndgame quietMove short
4b6Tw,1k1r3r/1p3pp1/P2p4/4q2p/4P1n1/2PB2bP/1P2Q1P1/R1B2R1K w - - 1 26,a6b7 g3f2 e2g4 h5g4,1851,77,93,2523,advantage middlegame pin quietMove short
XkVgt,8/4b3/2p2p1p/kp1p1Pp1/3P2P1/2PB3P/KP6/8 b - - 7 35,a5a4 b2b4 e7b4 c3b4 a4b4 a2b2,1925,76,92,1161,bishopEndgame crushing defensiveMove endgame long quietMove
mx9rm,5rk1/5b2/1p3R2/p2p1Q1p/P2P2p1/3BP1q1/1P4P1/6K1 b - - 3 33,g3e3 g1h2 g4g3 h2h3,1346,80,91,555,crushing defensiveMove endgame short
lxdg5,8/8/3kb3/2p1Np2/5P2/3KP3/8/8 w - - 8 51,e5c4 e6c4 d3c4 d6c6 c4d3 c6d5,1634,76,93,3705,crushing defensiveMove endgame long master
mIBXh,8/1p6/k7/P3PRK1/2Pr4/5p2/8/8 b - - 0 48,d4c4 e5e6 c4e4 g5f6,1898,77,95,6553,crushing defensiveMove endgame rookEndgame short
iSscZ,r1b5/6bk/2p4p/1pB1PNpq/3P1P2/2P3P1/B1Q2K2/8 b - - 0 35,c8f5 c2f5 h7h8 a2b1 a8a2 b1a2,1903,76,92,1062,crushing long middlegame quietMove
Hb9CR,3r4/7R/1pk2p2/8/8/8/rPP2PPP/2K1R3 w - - 0 25,c1b1 d8a8 b1c1 a2a1 c1d2 a8d8 d2e2 d8e8,1327,76,95,25203,advantage endgame quietMove veryLong
abWcX,r2q4/ppp2pkp/3p4/3P4/5Pb1/2NB3P/PPP2KP1/4R2R b - - 0 18,d8h4 g2g3 h4f6 h3g4,1159,77,98,6482,crushing defensiveMove middlegame short
hwtRA,8/1p6/pP6/P1p4p/3p4/3k1K2/3B2PP/8 w - - 1 45,d2e1 c5c4 e1f2 c4c3 f2d4 d3d4,1326,76,100,2152,bishopEndgame crushing endgame long quietMove
bD1PG,2b5/8/Pb1R2p1/k6p/7P/6P1/5P2/6K1 w - - 0 55,d6d8 b6d8 a6a7 c8b7,1181,84,94,745,crushing defensiveMove endgame hangingPiece master short
B7Xtr,8/8/P7/8/4K3/1kp5/3B1b2/8 w - - 0 63,d2e3 f2e3 e4e3 c3c2 e3d2 b3b2,1178,75,94,1239,advancedPawn bishopEndgame crushing defensiveMove endgame long
ab3kO,8/pk6/8/PK5p/7P/8/8/8 b - - 0 67,a7a6 b5c5 b7c7 c5d5 c7d7 d5e5,1387,76,95,22577,crushing defensiveMove endgame long pawnEndgame
iCHwn,8/p7/2P3p1/8/6R1/5k1P/r7/7K b - - 7 47,a2a1 g4g1 a1a3 g1c1,1766,75,94,4061,crushing defensiveMove endgame rookEndgame short
cKVFI,2R5/5Rpk/4p2p/n3q2P/4p1P1/P6K/8/8 b - - 1 40,a5b3 f7f8 g7g6 f8f7,1911,78,90,1846,crushing endgame quietMove short
hmO5K,3krR2/2p1p3/p1pqP2Q/3p4/8/2PP3P/5KP1/1r6 b - - 4 24,b1b2 f2f3 d6e6 f8e8 d8e8 h6e6,1982,75,92,5735,crushing defensiveMove endgame long
dau9c,8/8/6p1/1p1kp3/7P/3K1PP1/8/8 b - - 0 35,b5b4 g3g4 b4b3 h4h5 b3b2 d3c2,1709,75,91,2063,crushing endgame long pawnEndgame quietMove
kF0ad,1r6/8/2P1p3/5p2/3P4/5k2/1pK5/4R3 b - - 1 47,b8c8 e1e6 c8d8 c6c7 d8c8 e6e7,1973,77,95,2841,advancedPawn crushing defensiveMove endgame long rookEndgame
vkQKl,8/8/2p2pnk/1pPp3p/pP1P4/P3KPPN/8/8 w - - 4 41,h3f4 g6f4 e3f4 h6g6 g3g4 h5h4,1458,77,100,1218,crushing defensiveMove endgame knightEndgame long zugzwang
lUI7l,6K1/7P/P1k2b2/3pp3/8/3P1p2/5B2/8 w - - 2 47,h7h8q f6h8 a6a7 c6b7 g8h8 d5d4,1653,79,94,16419,advantage defensiveMove endgame long
xuFiz,2r1rk2/p4p2/P3pBp1/1p1pP3/3P4/2P5/1P3K2/R7 b - - 5 34,e8e7 a1h1 f8e8 h1h8 e8d7 h8c8,1534,75,99,2787,crushing endgame long quietMove
ozSfv,8/8/1K2k3/8/P5n1/1P6/8/8 b - - 2 46,e6d7 b6b7 g4e5 a4a5,1832,76,91,1139,crushing defensiveMove endgame knightEndgame master short
T0Mpt,8/8/8/1pk5/1R6/1p1KP1r1/1P6/8 w - - 14 48,b4b3 b5b4 d3e4 c5c4,1378,76,93,1622,crushing endgame quietMove rookEndgame short
BqfOa,8/8/8/3K4/kpP5/2b1B3/8/8 w - - 1 48,e3d4 c3d4 d5d4 b4b3 d4c3 a4a3,1096,78,97,1341,bishopEndgame crushing defensiveMove endgame long
faFTE,8/8/p1pk1p2/P5p1/2K2PP1/4P3/8/8 b - - 0 42,c6c5 f4g5 f6g5 e3e4 d6e5 c4c5 e5e4 c5b6,1675,75,88,1028,crushing endgame pawnEndgame quietMove veryLong zugzwang
Dr6Yj,8/6pk/6p1/1Q2p3/3b3P/p7/3RK3/r7 w - - 0 43,d2d1 a1d1 b5a6 d1a1,1824,79,91,2084,crushing defensiveMove endgame short
uhqYV,2r2k1r/pp2bp1p/8/1BPQPpp1/8/1N4P1/qP4PP/2R3K1 b - - 0 19,a2b2 b5c4 b2c1 b3c1,1724,74,92,2030,crushing middlegame quietMove short
6aV75,6k1/1p4pp/r7/p1p1p1N1/PrPbP2P/1P1P1RK1/8/1R6 b - - 2 30,a6b6 b1f1 b6f6 f3f6 g7f6 f1f6,1630,74,88,2078,crushing endgame long quietMove
c7sMu,r7/p2Q3p/6pk/3p4/2p4P/2P3PK/P2q4/8 b - - 2 33,d2a2 g3g4 a2d2 g4g5 d2g5 h4g5,1843,75,95,5380,crushing endgame long quietMove
gNmyh,8/p2br1k1/1p4p1/2pP1p2/2P1p3/4RNP1/PP4r1/2K3R1 b - - 6 33,e4f3 e3e7 g7f6 g1g2 f3g2 e7e1,1863,75,96,3482,advantage defensiveMove endgame fork hangingPiece long master
FuA6H,2r4k/1p4p1/p5Pp/3Qq3/1P5P/1BPKp1n1/P7/2R5 b - - 2 36,e5d5 b3d5 c8d8 c3c4,1453,75,86,592,advantage defensiveMove endgame master short
LtHXL,6k1/6p1/1pQ5/p1qPP1p1/8/8/6PP/6K1 w - - 3 31,c6c5 b6c5 g1f2 a5a4,1159,83,94,779,crushing defensiveMove endgame master short
jbSym,1r1qkb1r/p1pn1ppp/4p3/4P3/1nBP4/5P2/PP1QN1PP/1RB1K2R b Kk - 6 13,b4a2 c4a2 f8b4 e2c3,1449,78,92,5272,crushing defensiveMove hangingPiece opening short
LNHbp,8/8/6p1/K6p/5P2/P5P1/1P3k2/8 w - - 0 48,a5b5 f2g3 b2b4 h5h4 f4f5 g6f5,1664,76,97,2590,crushing endgame long pawnEndgame quietMove
haI5t,8/5p2/1pk1p1p1/p3P1Pp/P2P1P1P/2K5/8/8 b - - 1 38,c6d5 c3d3 d5c6 d3c4,1536,76,89,1449,advantage defensiveMove endgame pawnEndgame short zugzwang
kLpFc,1k6/2R5/1Pp5/p1P5/r7/2K2p2/8/8 w - - 3 43,c7c6 a4f4 c6d6 f3f2,1830,75,95,6950,advancedPawn crushing endgame quietMove rookEndgame short
p8DdY,3q4/5pk1/6p1/p1r1Pp2/P4Q1P/6P1/5P2/1R4K1 w - - 0 34,b1b7 d8d1 g1h2 c5c1 f4c1 d1c1,1933,76,93,1300,crushing endgame long quietMove
zOu6d,7r/8/p6P/8/2kp4/7R/3K2P1/8 b - - 2 45,a6a5 g2g4 a5a4 g4g5,1465,76,100,806,crushing defensiveMove endgame quietMove rookEndgame short
V78eD,6k1/1p4P1/p2K1P2/8/P7/8/P7/1r6 b - - 2 53,b1b6 d6e7 b6b4 f6f7 g8g7 f7f8q,1352,76,97,5301,advancedPawn crushing defensiveMove endgame exposedKing long promotion rookEndgame
RyThA,8/6B1/6kP/5p2/5Kn1/6P1/8/8 b - - 3 46,g4h6 g7h6 g6h6 f4f5 h6g7 f5g5,1654,76,94,1419,crushing defensiveMove endgame long
IrLh0,8/7p/p3k1pP/PbK2pP1/4pP2/4P1N1/8/8 b - - 2 49,b5d3 g3h5 e6f7 h5f6,1987,79,92,823,crushing endgame master quietMove short
SQ4gJ,8/8/8/3BK2p/1p4p1/6k1/6P1/8 w - - 0 60,e5f5 h5h4 d5c4 h4h3 g2h3 g4h3,1603,75,96,2070,bishopEndgame crushing endgame long quietMove
T8Fq3,5rk1/5p2/3Q3p/2pPbNp1/4Pq2/5P2/6PP/1R5K w - - 1 28,f5h6 g8h7 d6e5 f4e5,1888,79,93,640,advantage defensiveMove endgame master short
l2prb,1k6/8/p6p/8/1p6/2b4P/4K3/1R6 w - - 4 49,e2f3 a6a5 f3e4 a5a4 b1c1 a4a3,1223,78,90,2479,crushing endgame long quietMove
620EO,8/2B5/p5k1/6p1/1P3p2/P7/2p4r/2R2K2 w - - 0 46,f1g1 h2d2 c1c2 d2c2,1168,81,92,920,crushing endgame quietMove short
Goyzs,8/3k4/2q5/1Q4p1/5p2/5P1P/1p4PK/8 w - - 3 55,b5d3 d7c7 d3h7 c7b6,1956,76,92,4352,crushing defensiveMove endgame queenEndgame short
qoaJQ,8/R6p/1r1k1p2/7p/P1p4P/6P1/5PK1/8 w - - 0 46,a4a5 b6c6 a5a6 c4c3,1816,75,91,1163,crushing endgame quietMove rookEndgame short
kmt0O,2kr2r1/1bq2p2/pp3Q2/7R/2p2R1p/3B3P/PP1B2PK/8 w - - 0 26,d3f5 c8b8 f5g4 d8d2,1426,76,91,2485,crushing defensiveMove master middlegame pin short
qfsxj,r5k1/p1p3p1/2pb1q1p/3p4/8/1PN3P1/P1P2P1P/R2Q2K1 w - - 0 19,c3d5 c6d5 d1d5 g8h7 d5e4 g7g6,1829,76,93,5058,advantage defensiveMove endgame long
rFYNa,5k2/R4bp1/5p1p/1P1p1P2/2p3P1/2P1r2P/1PK5/8 b - - 0 38,e3h3 b5b6 h3h2 c2b1 h2h1 b1a2,1579,76,88,3288,crushing defensiveMove endgame long
jV8WH,8/8/8/1pK3k1/bP1B1p2/P7/8/8 w - - 2 47,d4f2 g5g4 f2e1 g4f3,1707,75,87,587,bishopEndgame crushing defensiveMove endgame short
syPs0,3Q4/1q4k1/3PP3/8/2p5/2P3PK/Pr5P/8 w - - 3 46,d8c7 g7f6 c7b7 b2b7,1997,79,92,600,crushing defensiveMove endgame short
gmn1S,8/pp6/2p5/8/1P1P2N1/P1P2k2/6pK/8 b - - 1 49,g2g1q h2g1 f3g4 g1f2,1376,79,91,2836,crushing defensiveMove endgame short
NxZ95,1k2r3/1pp2Q1p/pq4p1/8/1P5r/2P4P/1P4P1/R4R1K b - - 2 24,e8d8 f7e7 h4h3 g2h3 b6c6 h1g1,1961,78,92,1593,crushing defensiveMove endgame fork long
QnU82,4R3/kpR2p2/p7/P6p/7P/2P5/1P1r1r2/2K5 b - - 6 46,d2b2 c7c8 f2c2 c1d1 c2d2 d1e1 d2e2 e8e2,1632,76,98,1040,crushing endgame quietMove rookEndgame veryLong
mY8d6,8/p7/1p6/1P2pB2/P3Pk1p/6p1/6K1/8 w - - 0 56,f5g6 h4h3 g2h3 f4f3 g6h5 f3f2,1794,76,97,1882,bishopEndgame crushing defensiveMove endgame long
v7S8j,8/p1R1rk2/1p3p1p/3K4/5PP1/P7/8/8 w - - 4 35,c7e7 f7e7 f4f5 e7d7,1660,75,92,3411,crushing defensiveMove endgame short
OrsdG,8/4k3/6K1/5P2/4n3/4pB2/8/8 w - - 2 63,f3e4 e3e2 f5f6 e7f8,1241,83,91,4228,advancedPawn bishopEndgame crushing defensiveMove endgame master short
Y80Mt,7r/7B/3k4/r2p2P1/6bP/2P5/1P6/1KR1R3 w - - 3 43,g5g6 g4f5 c1c2 h8a8,1846,75,94,3082,advantage defensiveMove endgame pin short
UOyDz,3r4/1R3Qpk/5bp1/5p2/1R2p3/6PP/5PK1/q7 w - - 27 56,b4b6 d8d1 b6b1 d1b1 b7b1 a1b1,1467,76,94,1604,crushing endgame long quietMove
0cY5g,8/8/8/5n1p/1p2k2P/1P3N2/3K4/8 w - - 4 53,d2e2 f5d4 f3d4 e4d4 e2d2 d4e4,1569,76,96,3626,crushing defensiveMove endgame knightEndgame long master
wNJ2L,8/8/8/3K1k1p/2PB3P/6P1/3r4/8 b - - 2 61,d2g2 c4c5 g2g3 c5c6,1522,80,93,12297,crushing endgame master quietMove short
P2dNI,8/8/3k2p1/7p/3KpPp1/4P1N1/5nP1/8 w - - 0 49,g3e4 f2e4 d4e4 h5h4,1420,78,93,624,crushing defensiveMove endgame knightEndgame short
4XrDj,r1bq1r2/ppp1npp1/1b4k1/n2pP1N1/3P4/3Q4/PP3PPP/RNB2RK1 b - - 3 12,c8f5 d3g3 f7f6 g5e6 g6f7 e6d8,1428,77,93,5061,advantage discoveredAttack discoveredCheck exposedKing long middlegame quietMove
kKr7b,8/2r2k2/5p2/1RP2Pp1/1Pr5/3K4/8/8 b - - 2 54,g5g4 d3c4 g4g3 b5a5,1558,79,90,4740,crushing defensiveMove endgame hangingPiece rookEndgame short
8uHBF,8/8/5K2/7p/5k2/7P/8/8 w - - 0 44,f6g6 h5h4 g6f6 f4g3 f6f5 g3h3,1202,76,98,970,crushing endgame long pawnEndgame quietMove
lXS86,6k1/5r2/6pR/4Q3/2p1PPK1/3r2P1/3q3P/8 b - - 0 42,d2e2 g4g5 f7f5 e4f5 e2e5 f4e5,1866,76,86,1276,crushing defensiveMove endgame long
OuCxD,8/2pk4/8/2PK4/7p/8/6P1/8 b - - 4 53,c7c6 d5e5 d7e7 e5f5,1587,75,94,15761,crushing defensiveMove endgame pawnEndgame short
Wwc1k,1r3rk1/p1q2pbp/2B3p1/4pb2/QP4n1/2N1B3/P1P2PPP/R4RK1 w - - 1 16,e3c5 e5e4 g2g3 g7c3,1626,75,88,573,advantage discoveredAttack master middlegame quietMove short
482r8,8/1p6/7k/5n1p/3P4/1N1p3P/5PP1/6K1 b - - 0 37,f5d4 b3d4 d3d2 d4f5 h6g5 f5e3 d2d1q e3d1,1371,79,94,21193,crushing endgame hangingPiece knightEndgame quietMove veryLong
tsLDW,8/8/1k4pp/p1nP1p2/Pp1K3P/4R3/1P6/8 w - - 3 37,e3e6 c5e6 d5e6 b6c7,1334,78,93,5156,crushing defensiveMove endgame short
QQBjK,2kr3r/pp1q2p1/2n1p3/3p1b2/1b1P4/2N2PB1/PP1QP1B1/2KR2NR w - - 1 20,a2a3 c6a5 e2e4 a5b3 c1b1 b3d2,1876,74,94,7437,crushing fork long middlegame quietMove
1jai4,rn1qkb1r/ppp2ppp/8/4p3/6b1/B1P2N2/P1PP1PPP/R2QKB1R w KQkq - 0 7,h2h3 g4f3 d1f3 f8a3 f3b7 b8d7,1528,74,94,16106,crushing defensiveMove long opening
fMARH,r5nr/1k2b3/3p1p2/4p1pq/1p2P3/1P1PB2P/1P1K1P2/1QR4R b - - 4 29,e7d8 b1c2 g8e7 c2c4 a8a5 c4b4,1727,75,94,2554,crushing long middlegame quietMove
8q9Lt,6k1/5p2/PK4p1/1B5p/7P/5rP1/8/8 b - - 3 47,f3g3 a6a7 g3a3 b5a6,1293,76,98,1839,advancedPawn clearance crushing defensiveMove endgame short
vB6wX,2R5/8/5k1p/3p3P/6P1/4PK2/1rp5/8 w - - 2 45,e3e4 d5d4 e4e5 f6e5 c8c5 e5d6,1784,75,95,16228,crushing endgame long quietMove rookEndgame
peyG1,8/6p1/p2b3p/1p4kP/1P4P1/PN3K2/8/8 w - - 3 51,b3c5 d6c5 b4c5 g5f6,1864,79,93,683,crushing defensiveMove endgame master short
388kv,8/3k2N1/p7/1p1P4/n2KP3/8/8/8 b - - 0 48,a6a5 e4e5 d7d8 e5e6,1465,77,93,2458,crushing endgame knightEndgame quietMove short
pq2bK,8/4p3/7p/2p1p3/p1P1P1kP/P5P1/5K2/8 b - - 8 43,h6h5 f2g2 e7e6 g2f2 g4h3 f2f3,1474,77,100,862,crushing defensiveMove endgame long pawnEndgame zugzwang
JpX78,2r5/p4pkp/6p1/1p3b2/2B1P3/PP3P1P/3r2P1/R4RK1 w - - 0 20,c4b5 c8c2 f1c1 d2g2,1353,81,90,1379,crushing endgame master quietMove short
Ao5kW,4k2r/pp1r1ppp/2p1p3/5q2/3P1nb1/1QP2N2/P3BPPP/3RR1K1 b k - 6 17,f4g2 g1g2 g4h3 g2h1,1756,76,93,1067,advantage defensiveMove hangingPiece middlegame short
BjFF6,1r6/4p2p/1B1p1kpb/1B3p2/4nP2/1N2K3/6PP/2R5 w - - 1 29,b6d4 e7e5 d4e5 d6e5,1169,77,97,2833,advantage defensiveMove middlegame short
ILW2a,8/8/3k1pp1/p7/P2K1P1P/8/8/8 b - - 0 52,d6c6 f4f5 g6f5 h4h5 c6d7 h5h6,1610,76,95,2695,crushing endgame long pawnEndgame quietMove
x7wxM,6k1/5ppp/p2P4/p7/2bBP3/P1N2K2/2r2PPP/7n b - - 0 30,c2d2 d6d7 d2d4 c3d5 d4d3 f3f4,1925,75,87,1172,advancedPawn crushing defensiveMove endgame long quietMove sacrifice
fP4DT,8/2p5/p7/2P5/pK6/3k4/1P6/8 b - - 0 40,c7c6 b4a4 d3c4 b2b4,1913,78,96,7863,crushing defensiveMove endgame master pawnEndgame short
88jOB,5R2/8/8/2p1pK2/1p1b4/1P1P1k2/8/8 w - - 34 56,f8h8 e5e4 h8h3 f3g2 f5g4 e4e3,1889,83,92,6211,crushing defensiveMove endgame long
W9RG1,1k1r3r/1bqp1p2/p3p1nP/1B5R/3QP3/2N5/PPP5/2KR4 b - - 0 20,a6b5 c3b5 c7f4 c1b1,1446,78,93,11989,crushing defensiveMove middlegame short
63RvA,r1bq2k1/pppnr1p1/2n3QB/3p4/4p3/3B3P/PPP2PP1/RN2R1K1 w - - 1 16,e1e4 d5e4 d3c4 g8h8,1834,78,91,1285,advantage defensiveMove middlegame short
E22sI,8/5p2/3p1k2/1p3p2/7P/2P1K2P/5P2/8 b - - 1 36,f6e5 h4h5 f5f4 e3f3,1944,76,93,1595,crushing defensiveMove endgame pawnEndgame quietMove short
LnDcu,8/6pk/3q2rb/p2P4/Pp2Q3/1P6/K1P5/5R2 b - - 4 41,h7g8 e4e8 g8h7 f1f8 d6f8 e8f8,1354,76,93,1811,advantage endgame long quietMove
RBpKy,8/8/5kp1/1pp4p/1P3K1P/2P5/5P2/8 b - - 0 34,c5b4 c3b4 g6g5 h4g5 f6g6 f2f3 h5h4 f4g4,1415,84,93,5328,crushing endgame pawnEndgame quietMove veryLong zugzwang
wdGmk,8/8/2k1pP2/1p4K1/p2B4/2P5/4r3/8 b - - 0 48,e2e1 f6f7 e1f1 d4f6 f1f5 g5g6,1392,75,88,1300,advancedPawn clearance crushing defensiveMove endgame long quietMove
hWL8g,1r3rk1/6p1/pp1p4/2pN1bp1/2P5/1P1P3P/1P3RP1/3R3K b - - 1 29,b8b7 d1f1 g7g6 g2g4,1820,77,91,1177,crushing endgame quietMove short
NtHcP,5k2/8/p3pPK1/4P3/2p2PB1/P1P4r/8/8 b - - 2 49,h3c3 g4e6 c3g3 g6f5 c4c3 e6b3,1604,75,89,639,crushing defensiveMove endgame long
KjVS9,8/5p2/P7/2p5/2P2k1p/2N1p2K/1p6/8 b - - 0 53,e3e2 c3e2 f4e4 e2c3 e4d3 c3b1,1531,78,93,1096,crushing defensiveMove endgame knightEndgame long
0fa2u,8/5p2/1p6/1PnKP3/2P5/6k1/3R3p/8 w - - 0 48,d2h2 g3h2 d5c6 c5a4 c4c5 b6c5,1726,78,90,1021,crushing endgame hangingPiece long quietMove
yDdKL,R7/3rkp2/7p/1K3P2/p3PP1P/2p5/8/8 w - - 0 50,b5a4 d7c7 a8a7 c7a7,1799,74,96,2628,crushing endgame quietMove rookEndgame short
TETBw,8/8/8/R1N2k1b/3p2p1/5p2/4pK2/8 w - - 0 60,c5b3 f5f4 a5f5 f4f5,1904,78,92,1665,crushing defensiveMove endgame master short
u5A6x,8/6pk/p1Q4p/5p2/2P2q2/8/4K3/8 b - - 1 45,f4e4 c6e4 f5e4 c4c5 h7g6 c5c6,1130,78,100,637,crushing endgame long queenEndgame quietMove
kVvVz,8/6PK/5q1B/2pk4/4n1P1/8/1P6/8 b - - 0 55,e4g5 h6g5 f6f7 h7h8,1336,77,97,2227,crushing defensiveMove endgame short
dZi7y,5R2/p3P1n1/8/1p2k1K1/8/2p5/P7/8 w - - 0 54,e7e8q g7e8 f8e8 e5d4,1268,81,93,1307,advantage defensiveMove endgame short
GYdHg,8/8/4k1K1/8/7P/6P1/5n2/8 b - - 2 50,f2e4 h4h5 e6e5 h5h6 e4f6 g3g4,1817,81,93,1665,crushing defensiveMove endgame knightEndgame long quietMove zugzwang
7SnmX,8/2pr2k1/1p4bp/pPq1p1p1/P3P1P1/2P3BP/4QRK1/8 w - - 2 35,e2b2 g6e4 g2h2 d7d1,1688,76,93,7812,crushing defensiveMove endgame master short
me9cG,8/8/p2p1kp1/1p1Pp3/1P4K1/2P4P/P7/8 w - - 0 44,a2a3 g6g5 g4f3 f6f5 f3e3 e5e4,1944,77,89,830,crushing defensiveMove endgame long pawnEndgame quietMove
hSOBz,rn5Q/ppp4p/2kpp3/4p3/4P1P1/3P3q/PPP5/R2K1R2 w - - 0 20,h8e8 b8d7 e8f7 a8f8 f7d7 c6d7,1935,76,91,517,advantage clearance defensiveMove endgame long
OhPig,3R4/pR6/4k1p1/7p/5P2/7P/6PK/r4n2 w - - 4 39,h2h1 f1g3 h1h2 h5h4,1731,76,93,780,advantage defensiveMove discoveredCheck doubleCheck endgame short
dihN9,2R5/P7/8/3K1p1p/5k1P/5p2/5r2/8 b - - 1 49,f2a2 a7a8q a2a8 c8a8 f3f2 a8a1,1621,78,94,7646,advancedPawn crushing defensiveMove endgame long master promotion
exmWU,8/3k4/1P2N3/2K2P1p/r7/3P4/8/8 b - - 0 45,a4a8 b6b7 a8g8 c5b6,1601,76,94,5709,advancedPawn crushing defensiveMove endgame short
qTrZb,6k1/5p1p/P3b1pb/3nR3/q2P4/2P3Q1/5P1K/5B2 w - - 3 32,e5d5 e6d5 g3b8 h6f8,1817,74,87,1021,advantage defensiveMove endgame hangingPiece master short
ZGVBa,8/6p1/7p/p7/1p1N4/6PP/k1K3P1/8 w - - 0 46,h3h4 a5a4 d4f3 b4b3 c2c3 b3b2,1507,76,93,2114,advancedPawn crushing endgame exposedKing knightEndgame long quietMove
HHa2o,1r4k1/pp2pp1p/6p1/3N1b2/2P5/P1Kn1P1P/1P4B1/5R2 b - - 3 22,e7e6 d5e7 g8f8 e7f5 d3f4 f5e3,1666,75,94,10347,advantage defensiveMove endgame long
fZ1lD,r3qr1k/1pp2p1p/2b3p1/p7/4N3/6P1/PPP1QPP1/2KRR3 w - - 1 17,e2g4 f7f5 g4f3 f5e4 f3c3 h8g8,1584,78,94,6700,crushing defensiveMove fork long middlegame
iAfVr,8/4kpK1/pp6/2p2P2/2P5/PP6/8/8 w - - 0 45,a3a4 a6a5 g7h7 e7f6 h7h6 f6f5,1941,80,93,1857,crushing endgame long master pawnEndgame quietMove zugzwang
hv0Pp,r5k1/pp3p1r/2p2Q2/5bP1/3P1P2/4K3/Pq2R1P1/4R3 b - - 11 36,a8e8 e3f2 e8e2 e1e2 b2e2 f2e2,1519,79,94,1104,advantage defensiveMove long middlegame
bglB8,8/1R3pp1/p5kp/8/1n4P1/P6P/5P1K/1r6 w - - 0 35,b7b4 b1b4 a3b4 g6f6,1618,76,94,7962,crushing defensiveMove endgame rookEndgame short
K2XKZ,8/7p/5pp1/p1k2P2/P3K2P/6P1/8/8 b - - 0 42,c5b4 f5g6 h7g6 g3g4 f6f5 g4f5,1821,76,85,670,crushing endgame long pawnEndgame quietMove
bqrX2,8/8/1p6/pP1K4/8/1kP5/8/8 w - - 4 50,d5c6 a5a4 c6b6 a4a3 b6c6 a3a2 b5b6 a2a1q,1505,75,88,1737,advancedPawn crushing endgame pawnEndgame promotion quietMove veryLong
pfuDI,6k1/pp3p1p/5Bp1/3r4/5PP1/1P1p2P1/2n2K2/3R4 b - - 0 31,c2b4 d1e1 g8f8 f6e7,1712,76,95,17261,advantage endgame quietMove short
IeYDa,8/2K5/2B5/k1p5/1p4qb/3Q4/8/8 b - - 10 53,h4g3 c7b7 g4g7 c6d7 g7d7 d3d7,1577,76,94,5061,crushing defensiveMove endgame long
RzLuu,8/p5Kp/3k4/1pp5/5P2/8/PP5P/8 b - - 1 37,c5c4 f4f5 c4c3 b2c3,1601,81,92,4305,crushing endgame pawnEndgame quietMove short
8oVLf,8/5pp1/3k4/P2p4/3P1n1p/2P4P/6pK/6R1 w - - 1 38,g1g2 f4g2 h2g2 d6c6,1650,76,93,1102,advantage defensiveMove endgame master short
vepdH,r3kbnr/1pp1pppp/p7/3b3q/6P1/2N2N2/PPPB1P1P/R2QK2R b KQkq - 0 10,h5g4 c3d5 g4e4 d5e3,1391,77,86,1389,advantage defensiveMove hangingPiece master masterVsMaster opening short
HyI8P,8/8/5p2/1p6/1P6/P4k2/2K5/8 b - - 0 64,f3e3 a3a4 b5a4 b4b5,1681,74,90,1891,crushing defensiveMove endgame pawnEndgame short
eQVRK,2r1rqk1/5p2/2n2Pp1/p2p2Q1/6PN/P2p3P/8/R4RK1 b - - 3 35,e8e2 h4g6 f8c5 g1h1,1315,77,93,1148,crushing defensiveMove master middlegame short
q2JHZ,3r3k/6p1/5p1p/1R1Bp3/P3P1nN/6P1/6Kr/R7 w - - 2 35,g2f3 h6h5 h4g2 d8c8 b5b8 c8b8,1880,75,88,641,crushing long middlegame quietMove
ZuORu,r5k1/pp4pp/2p1R1b1/3p2B1/6P1/q1P2P1P/2PQ4/6K1 b - - 0 23,a8f8 g5e7 a3a1 e6e1 a1a5 e7f8,1821,74,96,4020,advantage defensiveMove endgame fork long
Od4aY,8/8/6p1/4p1P1/1k1pP2p/2P5/2PK2P1/8 b - - 0 39,d4c3 d2d3 b4b5 d3c3 b5c5 c3d3,1027,78,100,1462,crushing defensiveMove endgame long pawnEndgame zugzwang
Xd0cY,8/8/p3p2P/2kp4/2P5/1K1b4/8/8 b - - 0 42,d3c4 b3c3 d5d4 c3d2 e6e5 h6h7,1455,79,93,3934,advancedPawn advantage bishopEndgame defensiveMove endgame long
A1vTG,5r1k/6pp/2p5/4b3/8/1PR4P/P7/RK6 w - - 1 38,b1c2 f8f2 c2d3 f2f3 d3e4 e5c3 a1d1 f3f8,1784,73,96,13114,advantage defensiveMove endgame veryLong
psSjH,8/PR6/4p1k1/3p1pp1/1P1P2P1/5PK1/r1r3PR/8 w - - 0 41,b4b5 f5f4 g3h3 c2c8 b7h7 g6h7,1619,76,93,707,crushing endgame long quietMove rookEndgame
W0DjV,8/8/4Q3/7p/6r1/4P2k/4K3/8 w - - 4 52,e6g4 h5g4 e3e4 g4g3 e4e5 g3g2 e2f2 h3h2,1973,79,93,7103,advancedPawn crushing defensiveMove endgame hangingPiece veryLong
uN5TI,6k1/3r1p2/p4Pp1/1p6/8/PK1p3R/1P2rP2/6R1 b - - 1 39,e2f2 g1h1 f2f6 h3h8 g8g7 h1h7,1508,79,94,686,blindSwineMate endgame long mate mateIn3 quietMove rookEndgame
woHuy,r2q1k2/1p2pb2/p2p1r1b/5BQ1/3P1BP1/7P/PP3P2/2R2RK1 w - - 3 23,g5h4 h6f4 h4h8 f7g8 f5h7 f8f7,1653,74,96,2859,advantage defensiveMove hangingPiece long middlegame
3H2jl,5bk1/5p2/4pPp1/p2pP1p1/6NP/4R3/Prr2PK1/7R b - - 0 30,g5h4 h1h4 c2c4 e3h3 c4g4 h4g4,1743,76,94,546,advantage endgame long quietMove
ZkZoT,6k1/6p1/Q6p/P1bP1q2/8/5pPP/2r2P1K/R4R2 w - - 0 36,a6a8 g8h7 a8c6 c5f2 c6c2 f5c2,1933,78,92,714,crushing defensiveMove endgame long
zxHaq,8/1p6/p2b1pk1/3p4/P2P1pP1/1P3K2/8/2B5 w - - 2 33,c1f4 d6f4 f3f4 a6a5,1948,74,90,898,bishopEndgame crushing defensiveMove endgame master masterVsMaster short zugzwang
yyazO,6k1/5r1p/2q3p1/4p3/2B5/6PK/P3Q2P/8 b - - 3 35,c6c8 e2g4 c8g4 h3g4,1965,83,89,1142,crushing defensiveMove endgame pin short
043If,r2k1b1r/pppq1B1p/2n1p1p1/4B3/3Pb3/4PN1P/PP3PP1/R2QK2R b KQ - 1 12,c6e5 f3e5 f8b4 e1f1 d7b5 f1g1,1685,75,96,1981,advantage defensiveMove long opening
B9Z9y,8/p7/1p6/5k2/8/6RP/r4KP1/8 w - - 3 50,f2e3 a2a3 e3f2 a3g3 f2g3 a7a5,1571,75,95,7995,crushing defensiveMove endgame long rookEndgame
Qx0F4,r1r3k1/p2n2p1/np1P1p1p/1N1Rp3/P1P5/5NKP/5PP1/3R4 b - - 1 28,c8c4 b5c7 a8d8 c7a6 c4a4 a6c7,1164,77,90,3873,advantage defensiveMove long middlegame
VzrBf,8/8/8/7k/6pP/4K3/8/8 w - - 1 49,e3e2 h5h4 e2f2 h4h3 f2g1 h3g3,1552,74,95,6144,crushing defensiveMove endgame long pawnEndgame
wUwOs,4r3/3q1p1k/p5p1/1p1Nb1Pp/1Pp1Q2P/5P2/6K1/4R3 b - - 4 44,h7g7 d5f6 d7d2 e1e2 d2e2 e4e2,1558,76,95,1679,advantage defensiveMove endgame fork long
hUQq4,2kqr2r/1pb2p2/1p3pp1/2pN4/6P1/P1PP3P/4nPB1/1R1Q1R1K b - - 2 22,e2c3 d5c3 d8d6 f2f4,1800,80,93,2878,advantage defensiveMove hangingPiece master middlegame short
JM2zv,2kr3r/1pp1bp2/B1n1bq1p/3p4/Q2P2p1/N1P2N2/PP3PPP/R4RK1 w - - 0 15,a6b7 c8b7 a4b5 b7c8,1015,81,96,2587,advantage defensiveMove hangingPiece middlegame short
Ib8z0,6k1/5pp1/5n1p/8/n1PN1q2/2Q4P/3N1PP1/6K1 w - - 1 32,c3b4 f4d4 b4b8 g8h7,1166,76,96,3259,advantage defensiveMove endgame hangingPiece master short
Glz0q,3r2k1/ppp2pp1/2n2n1p/4p3/2B1P3/2N1PP1P/PPP5/5RK1 b - - 0 15,d8d2 c4d3 c6b4 c3b1 d2d3 c2d3,1981,80,89,1403,advantage endgame long quietMove trappedPiece
q1S5W,rn2k2r/pbpp2p1/1p2pq1p/5p2/3PP3/2P3P1/P1P1QPBP/2KR2NR b kq - 0 10,e8g8 e4e5 f6g5 f2f4,1342,76,91,615,advantage defensiveMove middlegame short
4zHwJ,8/6p1/5k1p/4P3/5K1P/8/8/8 b - - 0 61,f6e6 h4h5 e6f7 f4f5,1244,81,94,13615,crushing defensiveMove endgame master pawnEndgame quietMove short
abelr,4r1k1/5ppp/p4b1q/1p6/1P2QPN1/2p3N1/3r2PP/1R3RK1 b - - 3 29,e8e4 g4h6 g7h6 g3e4 f6d4 g1h1,1594,81,92,1180,advantage defensiveMove fork intermezzo long master middlegame
R3oAZ,2r2b2/p4k2/1p2n1p1/1P1N3p/K3p2P/6PB/PR6/8 b - - 9 32,c8c4 a4b3 c4d4 b2f2 f7g7 h3e6,1928,76,89,643,advantage defensiveMove deflection endgame long master
WyngZ,4k3/2R5/2p1n3/p1Bp1b2/P7/8/8/6K1 w - - 4 49,c7c8 e8d7 c8a8 e6c5,1560,77,93,1912,crushing defensiveMove endgame master short
h0HPf,2b3k1/5ppp/2P1p3/p7/1r6/4PK1P/2B3P1/2R5 b - - 7 36,h7h6 c1d1 g8f8 d1d8 f8e7 d8c8,1759,77,95,7833,crushing endgame fork long quietMove
yvNGh,6k1/p1q2p2/1p2pQp1/2r4p/PP5K/6P1/7P/5R2 b - - 0 37,c5c4 h4g5 g8h7 f6f7 c7f7 f1f7,1929,76,92,782,advantage defensiveMove endgame long master
ZuiNA,6r1/8/p3ppk1/1pB5/1Pb2P2/P3P1qp/3Q1RP1/7K b - - 1 38,h3g2 f2g2 c4d5 d2d5 g8h8 h1g1,1746,75,93,934,crushing defensiveMove endgame long pin
0cN3B,6k1/4Qr1p/p2B2p1/2pP4/1pq5/7P/Pb2RPPK/8 w - - 1 30,e7g5 c4e2 g5d8 g8g7,1478,75,86,526,advantage defensiveMove endgame hangingPiece short
FOd3W,8/8/6K1/5p2/3k1P1P/8/8/5b2 b - - 0 49,d4e4 h4h5 f1c4 h5h6 c4g8 g6g7,1590,76,94,5736,bishopEndgame crushing endgame long quietMove
Bquf2,8/p4kp1/1p2Rb1p/2p2K1P/2Pp2P1/1P6/P7/8 w - - 0 38,e6c6 d4d3 c6c7 f7e8,1944,76,92,1134,crushing defensiveMove endgame master short
yD19A,3r2k1/1R1P1pp1/7p/p3p3/8/r4P2/5PKP/3R4 b - - 0 24,g8h7 b7c7 a3a4 c7c8 d8d7 d1d7,1656,76,97,2959,advantage endgame long quietMove rookEndgame
NzxSY,r6k/ppp3r1/4b2p/2p5/4p2P/4R3/PPP3B1/R5K1 b - - 1 28,e6h3 e3h3 a8g8 h3h2,1364,75,96,9063,advantage defensiveMove endgame hangingPiece short
5766B,8/p4r2/6k1/8/1P2K3/8/5p2/5R2 b - - 1 69,g6f6 f1f2 f6g7 f2f7 g7f7 e4d5,1249,87,92,1735,crushing defensiveMove endgame exposedKing long rookEndgame
8vrUC,8/R4p2/3Bb3/1k1p4/P2P4/1P5p/5r2/2K5 b - - 0 46,b5b6 d6c5 b6c6 b3b4,1800,74,94,3379,crushing defensiveMove endgame short
ZDAZq,r5k1/p4p1p/6p1/5b2/1r6/1PN1KP2/P5PP/5B1R b - - 0 23,a8c8 c3d5 c8e8 e3f2 b4b8 d5f6,1309,79,91,6239,advantage defensiveMove endgame long
I930D,1r5k/R5b1/3p2pp/P2n4/8/2q2NP1/Q2n1PBP/6K1 w - - 0 28,a2d2 b8b1 g2f1 c3f3 a7a8 h8h7,1689,77,94,16794,crushing defensiveMove deflection long middlegame
DO9zY,1rr5/2Q2pkp/p2RN1p1/4q3/8/7P/P4PP1/2R3K1 b - - 0 27,e5e6 d6e6 c8c7 c1c7 b8b1 g1h2,1126,76,96,2592,advantage defensiveMove endgame long pin
E9SQu,8/8/7p/2p2kp1/2P1p3/4K1PP/5P2/8 b - - 5 44,f5e5 g3g4 h6h5 g4h5,1860,73,95,17524,crushing endgame pawnEndgame quietMove short zugzwang
5kQ9n,8/8/3r1kp1/5p2/8/4KP1P/3R2P1/8 b - - 0 39,d6d2 e3d2 f6g5 d2e3,1305,77,95,9031,crushing defensiveMove endgame short
3DM6W,8/1p6/8/2pk1p2/2Rp4/PP6/8/1K6 w - - 1 43,b1c2 b7b5 c4c5 d5c5 c2d3 c5d5,1894,78,93,12103,crushing defensiveMove endgame long rookEndgame trappedPiece
1DWCo,2Qr2k1/5pbp/6p1/q3p3/Nn2P1PP/pP3P2/8/KRR5 w - - 2 33,c8c5 d8d2 c5c8 g7f8,1981,75,92,9151,crushing defensiveMove middlegame quietMove short
APLpo,8/8/2K5/2P5/6k1/7p/8/8 w - - 0 61,c6b6 h3h2 c5c6 h2h1q c6c7 h1a8,1753,76,95,13599,advancedPawn crushing defensiveMove endgame long pawnEndgame promotion
UzO54,7R/8/6p1/8/5P2/6K1/r6p/4k3 w - - 24 55,h8h2 a2h2 g3h2 e1f2,1743,76,91,817,crushing defensiveMove endgame master rookEndgame short
U59Yr,5r1k/ppp1p2p/6p1/8/5b2/2P4q/PP3PN1/R2Q1RK1 w - - 0 24,d1d4 e7e5 g2f4 h3g4 f4g2 e5d4,1895,75,94,2525,advantage defensiveMove long middlegame sacrifice
9lQ3t,r2q1rk1/1pp3bp/p3pnp1/2n1p3/2P1P3/2NP1RP1/PP4BP/R1BQ2K1 b - - 1 13,f6g4 f3f8 g7f8 d1g4 d8d4 g1h1,1368,77,90,3417,crushing defensiveMove discoveredAttack long middlegame
wkQwc,6k1/p5bp/2p3p1/8/2P5/2r5/P2Kp1PP/4R2R w - - 0 29,e1c1 c3c1 d2c1 g7c3,1811,75,97,2033,clearance crushing defensiveMove endgame short
OYJ8A,r2q1rk1/pR3pp1/2n1b2p/2pN4/8/b2P1N1P/B1P2PP1/3Q1RK1 w - - 1 16,a2c4 e6d5 c4d5 d8d5 b7b3 a3b4,1422,74,85,1019,crushing defensiveMove long middlegame
xnqJU,2r5/4kn1p/p7/1pnR2p1/2p2p2/2P2P1P/P1P2BPK/8 w - - 0 34,f2c5 e7e6 d5d1 c8c5,1450,74,94,11551,crushing defensiveMove endgame master masterVsMaster short
VOhjl,8/4q3/p4pk1/2pQ4/8/3P3P/P5PK/8 w - - 4 35,d5e4 e7e4 d3e4 c5c4 h2g3 c4c3,1645,79,91,3273,crushing endgame long queenEndgame quietMove
gmdmk,2r5/5pk1/4p2p/1p1p3P/1q1n2P1/pP4Q1/P1P4N/1K1R1B1R w - - 0 26,f1d3 b4c3 g3e5 f7f6 e5d4 c3d4,1613,76,89,679,advantage defensiveMove long middlegame
DG57g,8/R7/7k/6rp/2p5/2P4K/P7/8 b - - 0 45,g5g7 a7g7 h6g7 a2a4 g7f6 a4a5 f6e5 a5a6,1563,79,95,14746,crushing endgame quietMove rookEndgame veryLong
uFCuv,rnb1kb1r/pp1ppppp/1q6/2pn4/2NP1B2/4P3/PPP2PPP/R2QKBNR b KQkq - 4 5,b6b4 c2c3 d5c3 b2c3 b4c3 c4d2,1687,78,92,1212,crushing defensiveMove long opening
v69fz,8/p1K1k3/P6p/6p1/4pp2/6P1/4B2P/8 w - - 0 46,c7b7 f4f3 e2d1 g5g4 b7a7 e4e3,1877,76,97,675,bishopEndgame crushing endgame long quietMove
pL9yV,r4r2/p4p1p/5k2/2Q2b2/6P1/5P2/P1P4P/qN1R2K1 b - - 0 21,f5g6 b1c3 a1d1 c3d1,1912,75,88,773,advantage middlegame quietMove short
vxZAX,8/8/pp2k2K/1n6/1P6/P7/3N4/8 w - - 1 41,a3a4 b5c3 a4a5 b6b5,1883,76,93,1022,crushing defensiveMove endgame knightEndgame short
IvsCN,2rr2k1/1R3p1p/2B3p1/1P2PP2/p3P3/1bQ3P1/4q2P/5RK1 w - - 1 30,e5e6 d8d2 c3d2 e2d2,1814,78,92,720,advantage middlegame quietMove short
9X8Vp,8/8/8/1p2k3/p5P1/1P2K1Pp/7P/8 w - - 0 38,e3d3 a4a3 d3c2 b5b4,1708,76,95,4374,crushing defensiveMove endgame pawnEndgame short
rVQFg,8/5pp1/p3k2p/Kp2P3/2p5/5P2/PP4PP/8 w - - 2 30,a5a6 b5b4 a6a5 c4c3,1592,83,94,684,crushing endgame pawnEndgame quietMove short
fUTfH,8/pk6/2q3p1/7p/P3K1P1/3Q1P2/8/8 w - - 11 69,d3d5 c6d5 e4d5 h5h4 f3f4 h4h3,1728,79,94,7988,crushing endgame long queenEndgame quietMove
PFyjy,8/8/2N2k2/3p3p/P7/8/4KP2/4b3 b - - 5 52,e1c3 a4a5 c3a5 c6a5,1409,78,93,2504,crushing endgame quietMove short
orBWL,r3kb1r/pp3pP1/4p1p1/3pB3/3P4/3Q3P/P1P2P2/qN2K2R b Kkq - 0 15,a1b1 e1e2 f8g7 h1b1,1864,74,94,4001,advantage defensiveMove discoveredAttack middlegame short
jaRI7,6k1/3r1pp1/7p/Q4P2/1p2n3/3q2PP/P5BK/4R3 w - - 0 33,g2e4 d3d2 e4g2 d2e1 a5a8 g8h7,1095,75,99,919,advantage defensiveMove endgame fork long
DAVrN,8/8/p7/1p4P1/8/b1k2B2/7K/8 b - - 0 45,b5b4 g5g6 b4b3 g6g7 b3b2 f3e4,1678,75,95,3230,advancedPawn bishopEndgame crushing defensiveMove endgame long
nrycs,3r1r2/1p2b1pk/p1pp1p1p/Pn3P2/3PP1q1/3QK3/1P1B1P2/R2BR3 b - - 0 29,g4h3 d1f3 d6d5 e1h1,1830,74,92,2320,advantage defensiveMove middlegame short
w89vz,8/5p1k/pp2pP1p/2p1P3/P4KP1/2P3P1/1P6/8 w - - 3 37,g4g5 h6h5 a4a5 b6b5 g5g6 h7g6,1967,81,92,678,crushing endgame long pawnEndgame quietMove zugzwang
59Swi,8/1Rn2pk1/7p/1p4p1/8/7P/pr3PP1/R5K1 w - - 4 51,b7c7 b2b1 c7c1 b1c1 a1c1 b5b4,1229,90,93,1769,crushing defensiveMove endgame long rookEndgame
A15hJ,3r3r/p1kq2pp/8/2bPp3/4P3/P5P1/2Q2P1P/R3K2R b KQ - 2 21,d7d6 a1c1 d8c8 c2c5 d6c5 c1c5,1632,78,93,1525,advantage exposedKing long middlegame pin quietMove
9VSP0,8/2k5/2p5/2PbK3/4B3/8/8/8 b - - 53 76,d5e4 e5e4 c7d7 e4f5 d7e7 f5e5,1958,75,100,830,crushing defensiveMove endgame long zugzwang
I2eFz,8/8/8/4kppp/8/4KPPP/8/8 w - - 0 53,f3f4 g5f4 g3f4 e5d5,1698,75,89,1726,crushing defensiveMove endgame pawnEndgame short
FP6mz,8/1kp3p1/1p3pQp/p4B2/P2rp3/3n2RP/5qPK/8 b - - 3 34,d3e1 f5e4 b7a7 g6e8 d4e4 e8e4,1689,77,94,1202,advantage endgame long quietMove
IUuIh,2kr4/p1pq1pp1/2pp4/2b4r/2B1PQp1/2N5/PPP2PP1/R4RK1 w - - 2 17,f4f7 d8h8 f7h5 h8h5,1909,81,90,1479,advantage middlegame quietMove short
L5oHf,1r6/8/2P5/2kB2p1/2Pp1pP1/3P4/2K2P2/8 b - - 11 49,c5b4 d5e6 b8a8 c6c7,1817,74,96,3724,advancedPawn crushing endgame master quietMove short
HGstG,5r2/1p2b3/2b1kp2/1B5p/6pP/6B1/5PP1/4R1K1 b - - 6 32,e6f7 b5c4 f7e8 g3d6 e8d7 d6e7 f8e8 e7b4,1604,74,95,7988,crushing defensiveMove endgame pin veryLong
YZvY6,8/3k1p2/1K4p1/1N2P2p/2P2P2/6n1/8/8 b - - 1 45,g3e4 c4c5 e4c5 b6c5,1382,75,100,1633,crushing endgame knightEndgame master quietMove short
ZzTJ3,7k/2q2Kp1/4Q2p/5P2/8/8/P7/8 w - - 11 59,e6e7 c7e7 f7e7 h6h5 e7d6 h5h4,1410,75,100,1363,crushing defensiveMove endgame long queenEndgame quietMove
wIGOI,r1b2rk1/ppp3pp/2n5/6qN/3P3P/5p2/PPP1QPP1/2KR1B1R w - - 0 16,e2d2 g5h5 f1c4 g8h8,1719,77,92,1548,advantage defensiveMove hangingPiece middlegame short
I8wT6,8/1p4k1/4p1P1/Pp5P/5P1K/2p5/2P5/8 w - - 0 57,h4g3 b5b4 g3f3 b4b3,1442,78,92,1116,crushing endgame pawnEndgame quietMove short
wKqW6,1k1r3r/ppR2ppp/1q6/1N1Pp2n/4P3/5P2/PP2QP1P/2R3K1 w - - 3 18,c7f7 b6g6 g1f1 g6f7 e2e3 b7b6,1961,75,94,7254,crushing defensiveMove fork long middlegame
OEXeo,6k1/3r2p1/r1p2p2/1p6/3P3N/p3P3/2R2PP1/2R3K1 w - - 0 33,c2c6 a6c6 c1c6 d7a7,1773,76,92,1802,crushing defensiveMove endgame short
7pNxo,5bk1/r6p/1p1p1qN1/p1pP3P/PnP1p1R1/1P2QP2/1K6/7R w - - 0 35,b2b1 f8g7 g6e5 f6e5,1985,76,89,1134,crushing master middlegame quietMove short
s4tyl,8/8/5R1p/6p1/2k5/2P1p2P/1K6/6n1 w - - 0 55,f6h6 e3e2 h6e6 c4d3 e6d6 d3e3,1875,78,92,1001,advancedPawn crushing defensiveMove endgame long
xfGaR,7k/7p/5P2/3K2N1/6P1/8/6r1/8 b - - 0 61,g2g4 g5f7 h8g8 f7h6 g8f8 h6g4 f8f7 d5e5,1940,79,93,918,crushing defensiveMove endgame fork veryLong
186AG,8/8/1p6/pP2k1pp/P1K3PP/5P2/8/8 w - - 0 44,g4h5 g5h4 h5h6 e5f6,1620,81,93,2244,crushing defensiveMove endgame pawnEndgame short
RfCog,Q7/2p1r1k1/p3pbBp/n5pP/P2q1pP1/5P1K/2r5/1R6 b - - 3 34,c2c6 b1b8 e7e8 b8e8 f6d8 e8d8,1463,79,93,3368,crushing long middlegame quietMove
cv0zt,5k2/8/R5bN/2p3p1/3p2P1/1P6/2PK4/5r2 b - - 2 54,f1f2 d2e1 f2c2 a6g6,1435,75,93,2479,advantage defensiveMove endgame master short
hP6hG,8/2R4P/7r/8/Pkp5/8/4K3/8 b - - 5 43,b4a4 c7c4 a4b5 c4c7,1507,75,88,612,crushing defensiveMove endgame rookEndgame short
xPFsb,r2r2k1/5pp1/4p1p1/p1qpN3/3Qn3/2P5/PP3PPP/3RR1K1 w - - 0 20,e1e4 d5e4 d4d8 a8d8 d1d8 g8h7 e5f7 g6g5,1986,77,91,2019,advantage defensiveMove middlegame veryLong
QChgv,r7/8/5pk1/8/4P3/q4P2/Pp6/1K1R1Q2 w - - 4 36,f1g1 g6f7 d1d7 f7e8 g1g6 e8d7,1982,78,92,916,crushing defensiveMove endgame long
iM1dD,2kr3r/ppp2Rpp/2nb4/7q/2BNP1b1/2N1Q1P1/PPP4P/R5K1 w - - 1 17,d4c6 d6c5 c6e7 c8b8,1510,77,94,7554,crushing defensiveMove middlegame pin short
JubtC,8/7p/6p1/3p4/2kN4/8/2p2PPP/5K2 w - - 2 41,d4e2 d5d4 e2c1 d4d3 f1e1 c4c3,1667,76,96,10140,crushing defensiveMove endgame knightEndgame long quietMove
50UpR,8/1p6/5p2/1pp1k1p1/6P1/P1P2P2/1P2K3/8 w - - 1 41,e2e3 c5c4 e3e2 e5f4 e2f2 b7b6 f2e2 f4g3,1998,76,88,528,crushing endgame pawnEndgame quietMove veryLong zugzwang
q6vDH,8/3R4/5pk1/1NN2n2/2P4p/1P5P/P5PK/4r3 w - - 2 35,b5d4 f5g3 d7g7 g6g7 d4f5 g3f5,1588,75,95,3377,crushing endgame long quietMove
g4b4P,r3kb1r/ppp2ppp/2b5/3NP1q1/5p2/8/PPP3PP/R1BQ1RK1 b kq - 2 12,g5e5 f1e1 f8c5 g1h1,1385,78,94,5273,advantage defensiveMove middlegame pin short
e3yWb,8/8/p7/1p2r1k1/4p3/6P1/PP3PK1/4R3 w - - 0 43,f2f3 e4f3 g2f1 e5e1 f1e1 g5g4 e1f2 a6a5,1475,75,96,2422,crushing defensiveMove discoveredAttack endgame rookEndgame veryLong zugzwang
7SB4p,5k2/pp2p3/6K1/2pP4/2P2P2/8/P7/8 w - - 1 46,f4f5 b7b5 c4b5 c5c4 g6g5 c4c3,1574,75,96,4847,crushing endgame long pawnEndgame quietMove
WqiBs,8/5N2/4p1n1/3p4/3P2Pk/5K2/8/8 b - - 6 60,h4h3 f7g5 h3h4 g5e6 g6e7 f3f4,1965,76,93,2446,crushing defensiveMove endgame knightEndgame long zugzwang
6PURa,r1rk4/1pq1pp2/3pbn2/pBP3Rp/P3P3/1PB1Q2P/6PK/8 b - - 4 32,d6c5 c3e5 c7e5 g5e5,1518,75,90,727,advantage defensiveMove middlegame short
lREcL,8/5p2/p4p2/P2p1P2/3k1PK1/7P/8/8 w - - 0 39,h3h4 d4e3 h4h5 d5d4 h5h6 d4d3,1911,75,93,1320,crushing endgame long pawnEndgame quietMove
aNIVS,r2r2k1/pp3p2/3q2p1/1b1P3p/6N1/8/PP3PPP/R2QR1K1 w - - 0 20,g4h6 g8g7 h6f5 g6f5,1644,77,93,1998,advantage defensiveMove middlegame short trappedPiece
ubSpn,4k3/p4p1Q/5q2/1b2p3/6rN/P5P1/3r1P1P/R1R3K1 w - - 5 25,c1c8 e8d7 h7f5 f6f5 h4f5 d7c8,1814,76,93,929,crushing defensiveMove long middlegame
0OxOX,r3r1k1/p3qpp1/1p2pn2/2p2bN1/3P1P1Q/4PR2/PP4PP/5RK1 b - - 11 19,f6e4 f3h3 f5h3 h4h7 g8f8 h7h8,1782,77,95,7161,fork long mate mateIn3 middlegame quietMove sacrifice
UFFyY,8/5kpp/prp1R3/3p4/1P6/P2P2P1/2P4P/6K1 w - - 1 29,e6d6 f7e7 c2c4 e7d6 c4c5 d6c7,1449,80,92,1041,crushing defensiveMove endgame long rookEndgame trappedPiece
6IdzY,2kr3r/pp1bqpp1/2n1p3/3p2Np/2pP1P1N/2P3P1/PPQ3P1/R3K2R b KQ - 0 16,f7f6 h4g6 e7e8 g6h8 f6g5 h8g6,1476,74,95,22689,advantage defensiveMove fork long middlegame
oKuPV,2kr1b1r/pp1qpnpp/8/3bPp2/P1p5/2N1P2P/2P1B1P1/R1BQ1RK1 w - - 0 16,f1f5 d7f5 e2g4 d5e6 g4f5 d8d1 c3d1 e6f5,1867,76,87,650,crushing discoveredAttack hangingPiece intermezzo opening quietMove veryLong
PmGEd,5rk1/2p3pp/3pqn2/4p3/p5P1/P3P2P/1PQ1N3/K6B b - - 4 26,f6e4 h1e4 f8f1 e2c1,1410,76,92,2620,advantage defensiveMove endgame hangingPiece short
pHFgd,8/6pk/5p2/5PP1/p6P/2R3K1/8/r7 b - - 0 47,a4a3 g5g6 h7h6 c3c8,1539,74,90,1584,crushing defensiveMove endgame rookEndgame short
SHDru,8/8/5k2/4R3/5PKP/4r3/8/8 b - - 2 59,e3e5 f4e5 f6e5 g4g5 e5e6 g5g6 e6e7 g6g7,1449,78,90,632,crushing defensiveMove endgame veryLong
ojq7k,4Q2R/1r4p1/p3p1kp/PpPpP3/3q4/7P/6PK/8 b - - 3 44,b7f7 e8e6 f7f6 e5f6 d4f4 h2g1,1963,78,92,1854,crushing defensiveMove endgame long
3dhko,5k2/8/5p2/Rp3rp1/1K6/2P5/PP6/8 w - - 0 39,a5b5 f5b5 b4b5 g5g4,1279,76,91,503,crushing defensiveMove endgame rookEndgame short
ol9DC,2k5/8/1P1R1rp1/2K4p/7P/8/8/8 b - - 4 50,f6d6 c5d6 c8b7 d6c5 b7a6 c5c6,1102,77,100,695,crushing defensiveMove endgame long
4aBF8,4rrk1/5ppp/1pp2n2/4q3/1p6/8/PPPN2QP/3R2RK b - - 1 25,e5d5 d2f3 g7g6 d1d5,1414,77,97,7793,advantage discoveredAttack middlegame quietMove short
Zwtgv,rn2kb1r/1b3ppp/p3pn2/6B1/N1BP4/4PN2/1q3PPP/R2QK2R b KQkq - 1 12,f8b4 e1f1 b7f3 g2f3,1998,75,86,552,advantage defensiveMove opening short
T3pha,2r1r3/5kpp/5p2/P7/8/1pB2bP1/1P3P1P/R3R1K1 w - - 1 28,e1e3 e8e3 f2e3 c8c3 b2c3 f3e4,1937,77,95,2795,advantage defensiveMove endgame long sacrifice
ZJmDc,8/8/p1r2Rp1/1p1k1pPp/1P1P1P1P/P2K1P2/8/8 b - - 0 43,c6f6 g5f6 d5e6 d4d5 e6f6 d3d4,1511,75,95,4999,crushing defensiveMove endgame long
9yEOP,8/8/8/6p1/8/4ppk1/1R6/4K3 w - - 1 75,e1f1 e3e2 f1e1 g3g2,1600,81,93,2370,advancedPawn crushing defensiveMove endgame master rookEndgame short
mHc2B,8/1pk5/1p3pnp/2pB4/2K1PP2/1PP5/P7/8 w - - 0 36,f4f5 g6e5 c4b5 h6h5,1338,76,92,7049,crushing defensiveMove endgame short
S1YJX,8/8/3k2p1/1K5p/PP2p3/6P1/7P/8 w - - 0 52,a4a5 e4e3 a5a6 d6c7,1957,79,93,3505,crushing defensiveMove endgame pawnEndgame short
YFp9D,8/p5pp/1p6/5P2/1P3kP1/P2K1P2/8/8 b - - 0 42,f4f3 g4g5 f3f4 f5f6 g7f6 g5f6 f4e5 f6f7,1371,80,91,880,advancedPawn crushing endgame pawnEndgame quietMove veryLong
3kKco,2q5/p4nk1/8/7Q/8/4PKP1/2P2PP1/8 w - - 0 35,h5g4 c8g4 f3g4 a7a5 g4f4 a5a4,1613,75,92,1168,advantage defensiveMove endgame long quietMove
QgkpP,8/8/4p1pp/p2k1p2/3P1P2/1P1K2PP/8/8 b - - 0 36,g6g5 f4g5 h6g5 h3h4 g5h4 g3h4 f5f4 h4h5,1367,78,91,1939,crushing defensiveMove endgame pawnEndgame veryLong
750hN,r3k2r/ppp1nppp/3p2q1/4n3/2B1P2B/2P5/P3QPPP/R3R1K1 b kq - 2 15,e8g8 h4e7 f8e8 e7h4 e5c4 e2c4,1523,75,93,7803,crushing hangingPiece long middlegame quietMove
ob6Ey,2r1r1k1/5ppp/p7/1bq3P1/3QBN1P/4K3/5P2/3R3R b - - 5 28,e8e4 e3e4 b5c6 f4d5,1771,77,91,1504,advantage defensiveMove hangingPiece master middlegame short
nzXEd,8/4b3/4Pp2/7K/7P/8/1k6/8 b - - 0 50,b2c3 h5g6 f6f5 h4h5 f5f4 h5h6 f4f3 h6h7,1777,77,96,2219,advancedPawn bishopEndgame crushing endgame quietMove veryLong
Wveag,8/p7/1pk2P2/2p3pp/2P1K3/1P6/P7/8 b - - 0 47,c6d6 e4f5 g5g4 f5g6 g4g3 f6f7 d6e7 g6g7,1780,77,95,19807,advancedPawn crushing defensiveMove endgame pawnEndgame veryLong
LCxav,8/6k1/2B5/6p1/8/4p3/4K2p/5Rr1 w - - 4 56,c6h1 g5g4 h1d5 g4g3 f1f7 g7g6,1728,74,88,967,crushing defensiveMove endgame long quietMove
3T9A1,4n3/5p1p/1PR1pkp1/3p4/N7/p2KPP2/r5PP/8 b - - 1 36,a2g2 b6b7 a3a2 c6c1 e8d6 b7b8q,1825,77,93,2080,advancedPawn crushing endgame long promotion quietMove
QA2Jw,2k2r2/ppp4p/6p1/q4p2/2PP4/4Q3/PP4PP/R6K b - - 1 25,c8d8 a1e1 a5e1 e3e1,1826,74,88,1457,crushing endgame quietMove short
p83Ls,8/8/8/4k1p1/4P2p/7P/4r1p1/6RK w - - 0 50,g1g2 e2g2 h1g2 e5e4 g2f2 e4f4,1497,78,92,631,crushing defensiveMove endgame long rookEndgame zugzwang
nlW72,8/5pkp/p1R1r3/6P1/PK6/8/8/8 w - - 2 40,c6e6 f7e6 b4a5 e6e5 a5a6 e5e4,1081,84,92,1334,crushing defensiveMove endgame long quietMove
IC6DP,8/8/5pkp/8/5KP1/6P1/8/8 b - - 0 57,h6h5 g4h5 g6h5 f4f5 h5h6 f5f6 h6h5 f6f5,1575,75,97,6725,crushing defensiveMove endgame pawnEndgame veryLong zugzwang
Fd7l4,5rk1/2q1b1pp/p4p2/P1p1N3/1p1rP3/1b4QP/1PP2PP1/R2R2K1 w - - 0 22,g3b3 c5c4 e5c4 d4c4 d1d7 c7d7,1952,77,91,909,advantage defensiveMove long middlegame
R1A95,8/5p2/6p1/7p/2K1P2P/2B2P2/p1k2P2/8 w - - 0 39,c4d4 g6g5 h4g5 h5h4 d4c4 h4h3,1822,78,91,512,bishopEndgame crushing endgame long quietMove
4ptKO,4rb1k/2p2Qp1/1p4Pp/p1p2P2/5q2/5N2/PPK5/4R3 b - - 3 33,f4a4 b2b3 a4a2 c2c3,1075,81,88,1613,crushing defensiveMove endgame short
Vso0Q,8/4r3/Pk6/r1pQp3/4P3/2K5/8/8 b - - 2 48,a5a3 c3b2 a3a6 d5d6 b6b5 d6e7,1754,76,97,5497,crushing defensiveMove endgame fork long queenRookEndgame
BaHS8,7k/6qp/1p2Pn2/p3Q2B/2P1p3/8/PP6/1K6 b - - 0 35,g7g1 b1c2 h8g7 e6e7 g1f2 c2b3,1636,76,94,1061,advancedPawn advantage defensiveMove endgame long pin
uFSaY,rn3rk1/1pp2ppp/p2p1n2/2bPp3/1PP1P2q/P1NB3b/4NPP1/R1B1QRK1 b - - 0 12,h3g2 g1g2 h4g4 e2g3,1160,78,99,2132,advantage defensiveMove hangingPiece middlegame short
RNxra,8/5ppp/p1k5/2r2P2/P3K2P/2R5/8/8 w - - 0 43,c3c5 c6c5 f5f6 g7g6,1638,76,92,1574,crushing defensiveMove endgame short
27QuZ,r1bk1b1r/1p3ppp/p1n5/1N6/8/8/PPP2PPP/R1B1KB1R w KQ - 0 11,c1g5 f7f6 e1c1 c8d7 g5f4 a6b5,1593,75,86,728,advantage defensiveMove long middlegame
0dTpN,rn1q1rk1/p1p2p2/1p1p2pQ/8/2Ppb3/3B2P1/PP3PP1/2KR4 b - - 1 17,e4d3 d1h1 d8g5 h6g5,1493,74,93,12841,advantage middlegame quietMove short
SEnE1,rb1q1rk1/pp3ppp/8/4P3/2QB2n1/2P5/PPB3PP/R4RK1 w - - 1 22,e5e6 b8h2 g1h1 d8h4 e6f7 g8h8 g2g3 h2g3,1726,77,92,690,advantage discoveredAttack discoveredCheck kingsideAttack middlegame quietMove veryLong
rsRYD,8/5pkp/8/p1p2pPK/P1P2P1P/8/8/8 b - - 0 32,g7g8 h5h6 g8h8 h4h5 h8g8 g5g6 h7g6 h5g6,1489,74,96,10606,crushing endgame pawnEndgame quietMove veryLong zugzwang
V4uZF,8/8/4k3/1pR2p2/1P4p1/3K2P1/r6P/8 w - - 2 43,c5c2 a2c2 d3c2 e6e5,1995,75,93,1660,crushing defensiveMove endgame rookEndgame short
3ipP2,8/5p1p/1p1k4/3P1pP1/1P3P2/3K4/8/8 w - - 0 41,d3d4 b6b5 d4c3 d6d5,1329,88,93,9570,crushing endgame pawnEndgame quietMove short zugzwang
zyYzh,6k1/5ppp/1pp1p3/4q3/2Q5/1P4P1/P4P1P/6K1 b - - 1 24,e5c5 c4c5 b6c5 a2a4,1491,76,85,507,crushing defensiveMove endgame queenEndgame short
SyZjh,8/5pp1/4p3/2kp2P1/1p5P/8/5P2/3K4 b - - 0 38,c5c4 h4h5 c4d3 h5h6 g7h6 g5h6,1507,82,94,3779,crushing endgame long pawnEndgame quietMove
wHnHC,8/8/2k5/p1P3p1/2K3P1/5P2/8/8 w - - 0 52,c4d4 a5a4 d4c4 a4a3 c4b3 c6c5,1340,76,98,1740,crushing endgame long pawnEndgame quietMove
1p6mg,8/4N3/8/6p1/p1p4p/k7/2K3P1/8 w - - 0 49,e7d5 g5g4 d5e3 h4h3 g2h3 g4h3,1394,76,97,2175,crushing endgame knightEndgame long quietMove
tMXDj,8/2k5/5p2/2PP1p2/2K1p1p1/4P1Pp/7P/8 b - - 2 72,c7d7 c5c6 d7c7 c4c5,1111,79,89,837,crushing defensiveMove endgame master pawnEndgame short
5YboO,rnbq1rk1/pp4b1/3p2Q1/2p1p1Pn/2P5/2N1P3/PP1P1PP1/R1B1K2R w KQ - 1 12,h1h5 c8f5 h5h8 g8h8 g6h5 h8g8,1501,75,95,16175,crushing defensiveMove long middlegame
TQfUi,5r1k/p1r1b1pp/6n1/8/3P4/1PPQ2Pq/P4P1P/RNB2RK1 w - - 3 21,c3c4 g6h4 d3e4 h4f3 e4f3 f8f3,1835,79,92,1460,crushing kingsideAttack long middlegame quietMove
St6w5,8/8/7p/2p2K2/1k2p1P1/4P2P/8/8 w - - 0 44,f5e4 c5c4 h3h4 c4c3 e4d3 b4b3,1090,88,91,806,crushing defensiveMove endgame long master pawnEndgame quietMove
1wqo3,2R5/5pkp/6p1/3p2P1/7P/NP1Q1P2/KP6/4r1q1 w - - 19 45,d3c3 d5d4 c8g8 g7g8 c3c8 g8g7,1330,78,93,3544,advantage defensiveMove endgame long
wQuAL,rn1q1rk1/1p3pp1/p1p2b1B/3p1P2/8/2NB1nP1/PPP3Q1/2KR3R b - - 1 17,f6g5 h6g5 d8g5 c1b1,1404,75,85,606,advantage defensiveMove middlegame short
J1mD5,2r3k1/p4pp1/1n3q1p/1pp2P2/6P1/1P6/P1P2P1P/3RQ1K1 b - - 0 25,c8c7 e1e8 g8h7 d1d8 f6d8 e8d8,1460,76,92,1535,advantage endgame long quietMove
vhO8R,4r2k/8/4P2b/2P2q2/5P2/4Q1P1/7P/2R4K w - - 1 41,e6e7 f5d5 h1g1 h6g7 c1d1 d5d1,1731,74,92,736,crushing endgame long quietMove
p0j1T,8/2p5/1p6/8/1P1pk3/P1P5/3K4/8 b - - 1 46,d4d3 a3a4 e4d5 d2d3,1838,79,92,4584,crushing endgame pawnEndgame quietMove short
29cm3,r4r2/1p1n2k1/4p1p1/p1qpP3/3R2Q1/2N5/PPP2P2/2K4R w - - 0 21,g4g5 c5d4 g5h6 g7f7 h6h7 f7e8 h7g6 e8d8,1631,79,94,3773,advantage defensiveMove hangingPiece middlegame veryLong
1nMsv,8/2p3pk/7p/8/5Q2/r4P2/1q4PP/2R3K1 w - - 1 35,f4c7 a3a2 c7c2 b2c2 c1c2 a2c2,1946,75,94,6595,crushing endgame long quietMove
tnKQZ,8/4kp2/Q5p1/3Rp2p/3pP2P/6P1/5P1K/2r1q3 w - - 6 45,d5e5 e7f8 a6a3 f8g7,1103,80,95,2227,crushing defensiveMove endgame master short
EBvxK,8/8/2pB4/8/6K1/pk3p2/5P2/8 w - - 0 57,d6a3 b3a3 g4f3 c6c5 f3e3 c5c4,1040,83,93,1324,crushing defensiveMove endgame long quietMove
hz2ph,8/8/2k2p1p/p4Pb1/3R2P1/1pP1p3/1P6/1K6 w - - 0 45,d4e4 c6d5 e4d4 d5e5,1255,75,96,1978,crushing defensiveMove endgame short
bHBij,8/6k1/8/3B1r2/1PPK1p2/8/8/8 b - - 2 68,f5d5 c4d5 g7f6 b4b5,1947,76,100,763,crushing defensiveMove endgame hangingPiece short
ASuwA,r2q1r1k/4bp1p/pp2p1pQ/4P3/P1npP3/5R2/1PP3PP/R1B3K1 b - - 1 20,c4e5 f3h3 e7h4 h3h4 d8h4 h6h4,1622,77,89,3393,crushing long middlegame quietMove
QBSci,r1b1r1k1/pppp1ppp/8/8/4P2R/2QB2q1/PPP5/2K4R b - - 1 20,g3e3 c1b1 h7h6 h4g4,1974,78,89,4040,crushing defensiveMove middlegame short
j3kWY,8/6p1/8/K3pp1p/P2k3P/1P6/6P1/8 w - - 0 38,b3b4 e5e4 b4b5 e4e3 b5b6 e3e2 b6b7 e2e1q,1083,76,100,543,advancedPawn crushing endgame pawnEndgame promotion quietMove veryLong
23rPz,6k1/b5p1/br1qp2p/3pP3/Q4P2/P1R4P/6P1/2R4K b - - 0 31,d6e7 c3c7 e7c7 c1c7 b6b1 h1h2,1863,75,94,2510,advantage defensiveMove long middlegame
9tBPw,8/8/7P/p1p2b2/4k2P/1PPp2K1/3B4/8 w - - 0 42,h4h5 c5c4 b3c4 a5a4 c4c5 a4a3 h6h7 f5h7,1705,75,95,3771,bishopEndgame crushing endgame quietMove veryLong
czKNX,3r1r2/R2P2pp/p7/2kp1p2/4p3/1P6/P4PPP/3R2K1 w - - 0 27,b3b4 c5b6 a7a6 b6a6,1797,78,93,4904,crushing defensiveMove endgame master masterVsMaster rookEndgame short superGM trappedPiece
8KDyD,R7/8/2p4P/2k2N2/6K1/2n3P1/pr6/8 b - - 0 49,b2b1 h6h7 b1h1 f5h4 a2a1q a8a1 h1a1 h7h8q,1891,73,95,12216,advancedPawn crushing endgame promotion quietMove veryLong
3IYYW,8/8/p7/P2k2p1/4pp2/1KBp1P2/6P1/8 w - - 0 41,f3e4 d5e4 c3b4 e4e3,1286,83,92,9037,bishopEndgame crushing defensiveMove endgame short
gZ1Rb,6k1/p1p2bP1/2p1pQ2/5pR1/2P1pq2/1K6/PP5r/3B4 b - - 2 33,f4e3 b3a4 e3g5 f6g5,1768,76,93,1178,advantage defensiveMove endgame short
Endo6,5k2/2R3pp/5p2/2pr4/P7/7P/6PK/8 b - - 2 34,d5g5 a4a5 c5c4 a5a6 g5a5 a6a7,1400,79,94,2098,advancedPawn advantage endgame long quietMove rookEndgame
R54VO,8/p1r5/7k/1p6/7P/6P1/5P2/R5K1 w - - 2 38,a1a5 c7b7 f2f4 b5b4 g3g4 b4b3,1861,77,94,2979,advantage endgame long quietMove rookEndgame
5gw2o,8/8/1K2kP2/6p1/1P6/8/8/8 w - - 1 53,b6a7 g5g4 b4b5 g4g3 b5b6 g3g2 b6b7 g2g1q,1503,79,93,1686,advancedPawn crushing endgame pawnEndgame promotion quietMove veryLong
gMsqJ,8/3q1ppk/2N4p/PQ6/8/2n4P/5PP1/6K1 w - - 1 39,b5c4 d7d1 g1h2 c3e2 c4e2 d1e2,1790,74,100,943,crushing endgame long quietMove
5mhhx,8/p7/5P2/1kN1n1P1/1p6/8/6K1/8 w - - 2 41,c5d3 e5d3 f6f7 d3f4 g2f3 f4g6,1943,82,92,3533,crushing defensiveMove endgame exposedKing hangingPiece knightEndgame long
ylww2,r2qkb1r/pp1n1ppp/8/3p4/3n1P2/2N5/PPP3PP/R1BQ1RK1 w kq - 0 11,d1d4 f8c5 f1e1 e8f8 c1e3 c5d4,1187,75,93,1414,crushing defensiveMove long middlegame pin
gv6rm,2b3k1/pp5p/5p2/1P1r1p2/4nB1N/P5P1/4RP1P/6K1 b - - 0 30,d5b5 f2f3 b5b1 g1g2 c8d7 f3e4,1847,74,94,8333,advantage defensiveMove endgame long
VB2sr,r4rk1/1bqnbp2/p3p2p/2p1P1p1/B1Pp4/3Q1NP1/PP1N1PP1/R3R1K1 b - - 1 19,a8d8 a4c2 f7f5 e5f6,1570,76,95,11705,crushing enPassant middlegame quietMove short
ujqjt,8/7p/5k1P/5p2/5Pp1/5K2/6P1/8 w - - 0 45,f3e3 f6g6 e3f2 g6h6 f2g3 h6h5,1534,79,95,11471,crushing defensiveMove endgame long pawnEndgame
RqNDP,2r2bk1/1P6/2P4p/3N2p1/B1KP1p2/5P2/7P/6r1 b - - 0 36,c8b8 c6c7 b8b7 c7c8q g1c1 d5c3,1463,75,100,798,advancedPawn advantage defensiveMove endgame long promotion
J7gVT,8/8/5k2/4p3/2p1K3/2P5/2P5/8 w - - 3 45,e4d5 f6f5 d5c4 e5e4 c4d4 f5f4,1133,79,94,1280,crushing defensiveMove endgame long pawnEndgame quietMove
4ONjw,8/p7/3k4/1p6/5P2/P5K1/5P2/8 w - - 0 44,g3g4 a7a5 g4f3 b5b4 a3a4 b4b3 f3e2 b3b2,1579,79,93,640,advancedPawn crushing endgame pawnEndgame quietMove veryLong
Q27kK,8/p1q2p1k/2p3pp/8/1P1Q4/P6P/5PP1/7K b - - 0 46,c7b6 d4b6 a7b6 a3a4 b6b5 a4a5,1268,74,95,12920,crushing defensiveMove endgame long queenEndgame quietMove
vME43,5bnr/3rk2p/6p1/2p1Pp2/5P2/p1q1BQ2/6PP/1N3RK1 b - - 1 25,c3b3 e3c5 e7e8 f3b3 f8c5 g1h1,1509,78,98,6556,advantage defensiveMove discoveredAttack long middlegame
LCnY2,3r2k1/p4pp1/8/2p1p2P/6Q1/3q4/P3NPB1/1r2RK1R w - - 5 25,g2e4 b1e1 f1g2 d3e2 e4f3 e2d2 h5h6 g7g6,1917,74,97,1532,advantage defensiveMove middlegame veryLong
6kuYR,8/p7/1p1pBk1p/2pPn1pP/2P5/1P2KP2/P7/8 w - - 1 42,e6g4 e5g4 f3g4 f6e5 a2a3 a7a6,1874,77,94,3050,crushing defensiveMove endgame long
o7PAO,8/8/8/4krRp/7P/6K1/6P1/8 b - - 6 51,f5g5 h4g5 e5f5 g3h4 f5g6 g2g3 g6h7 h4h5,1728,79,96,21624,crushing endgame quietMove veryLong zugzwang
kR9QW,2q3k1/5pp1/pp5p/3P4/P1P2n2/5N1b/2R2PPK/4Q3 w - - 0 32,e1e5 h3g2 f3g1 c8g4,1891,78,92,600,crushing defensiveMove endgame short
pQCUS,2r1r1kb/1p2p2p/pq1p1n2/3P1PQ1/4P3/2N4R/PP4PP/2R4K b - - 0 23,h8g7 h3g3 f6h5 g5h5,1528,75,96,2188,advantage middlegame quietMove short
lD8N2,8/8/4R2P/p7/P7/3K1p2/2P4r/6k1 w - - 5 46,c2c4 f3f2 e6g6 h2g2,1518,77,91,1061,advancedPawn crushing defensiveMove endgame rookEndgame short
GmxEm,7k/8/5p2/4pP2/2p5/2P3rp/PP6/5R1K w - - 0 40,f1g1 g3g1 h1g1 e5e4,1952,78,90,1461,crushing defensiveMove endgame rookEndgame short
cIdFW,5rk1/5pp1/7p/8/p7/P5qP/BP3RP1/5R1K b - - 1 35,g3c7 f2f7 f8f7 f1f7 c7f7 a2f7 g8f7 h1g1,1961,77,97,1131,crushing defensiveMove endgame veryLong
pTPoJ,8/8/3P1k2/3K2p1/5p2/5P1B/7b/8 b - - 1 48,h2g1 d5c6 g1d4 d6d7 f6e7 c6c7 d4e5 c7c8,1945,76,100,1021,advancedPawn bishopEndgame crushing defensiveMove endgame veryLong
qoyAW,6k1/4qpp1/Q1RN1b1p/3Pp3/P7/4PP2/rr4PP/3R2K1 w - - 1 31,c6c8 g8h7 a6d3 g7g6,1138,76,93,5084,crushing defensiveMove middlegame short
jOu0P,5rk1/ppp3pp/8/4Pp2/1P2R1b1/P3P3/2P2KPP/3r1B1R w - f6 0 18,f1c4 g8h8 h1d1 f5e4 f2e1 g4d1,1613,77,93,698,advantage defensiveMove discoveredAttack discoveredCheck endgame long
cDit5,8/8/6pp/p1p1k3/PpP3P1/1P2K3/7P/8 w - - 0 43,h2h3 g6g5 e3d3 e5f4,1450,80,93,2436,crushing endgame pawnEndgame quietMove short zugzwang
InGTv,6k1/6pp/3R1p2/2p5/2P1P2P/p1KP2P1/r5r1/2R5 w - - 3 36,d6c6 a2b2 c6c8 g8f7 c8c5 a3a2,1655,76,94,2545,advancedPawn advantage endgame long quietMove rookEndgame
PzK53,1R6/8/p3r3/K4k2/1P6/6p1/1P6/8 w - - 0 41,b8f8 e6f6 f8g8 f6g6,1400,76,95,6125,crushing defensiveMove endgame master rookEndgame short
PPTk5,8/6B1/8/3k4/2n3K1/1p5P/8/8 w - - 2 60,g4g5 c4e5 g5f4 b3b2 g7e5 b2b1q,1560,76,96,7730,advancedPawn crushing endgame long master promotion quietMove
wWiek,4r1k1/7p/R3P1p1/1q1bQ3/6P1/8/1P1N3P/4K3 w - - 0 37,a6a7 e8e6 a7a8 g8f7,1494,75,94,13943,advantage defensiveMove endgame pin short
FKJO1,7R/8/8/8/k7/3K4/r7/8 b - - 3 82,a2a3 d3c4 a4a5 h8a8 a5b6 a8a3,1332,76,96,4844,crushing defensiveMove endgame long rookEndgame skewer
1Eow3,8/8/8/p4pp1/Pk6/3K1P1P/8/8 b - - 5 49,b4a4 f3f4 g5f4 h3h4,1680,75,95,7644,crushing defensiveMove endgame pawnEndgame short
lJrny,6k1/4R2p/6p1/4K3/5PP1/8/8/3r4 b - - 12 60,d1e1 e5f6 e1e7 f6e7 g8g7 f4f5 g6f5 g4f5,1889,79,91,808,crushing defensiveMove endgame master rookEndgame veryLong
mZkb4,3r4/6kp/4P1p1/2K3P1/p7/8/4R3/8 b - - 0 37,a4a3 e6e7 d8e8 c5d6,1209,77,98,1533,advancedPawn crushing defensiveMove endgame master rookEndgame short
RsuEx,8/2k3p1/1P3p2/2P1p2p/7r/8/6P1/2R3K1 b - - 0 42,c7c6 c1b1 h4d4 b6b7,1811,74,95,11946,advancedPawn crushing endgame master quietMove rookEndgame short
j5J5L,8/8/8/4p3/P3k3/2K5/8/8 b - - 0 62,e4f3 a4a5 e5e4 a5a6 e4e3 a6a7 e3e2 a7a8q,1801,79,93,610,advancedPawn crushing endgame pawnEndgame promotion quietMove veryLong
dr054,1r2r3/p1p1q1bk/1p1p4/1P3p1p/2PP1Pp1/QR2B1P1/P6P/4R1K1 w - - 2 25,e3f2 e7e1 f2e1 e8e1 g1f2 b8e8,1936,77,93,4497,crushing defensiveMove kingsideAttack long middlegame
BkC06,r2qr3/ppp2kpp/5n2/3n4/8/1PN5/P2QBPPP/R3K2R w KQ - 0 16,e1g1 d5c3 d2c3 e8e2 c3c4 e2e6,1650,75,96,6296,advantage capturingDefender defensiveMove long middlegame
cr6RS,1k6/1p5Q/p1p2q2/P2pp2p/1P2P1p1/2KP2P1/2P1R2P/r7 w - - 2 34,h7g8 b8a7 e4d5 e5e4,1407,76,86,998,crushing defensiveMove discoveredAttack discoveredCheck endgame short
JfJQz,3r4/8/p3pRP1/4B3/3p1Pk1/P2K4/8/4r3 b - - 0 51,g4h5 g6g7 e1e3 d3d2 d8g8 f6f8 g8g7 e5g7,1651,74,95,16047,advancedPawn advantage defensiveMove endgame master veryLong
pT6nX,r1b3k1/2q3pp/2pb1r2/P3pp2/1PP4Q/4PN2/3B1PPP/R4RK1 w - - 2 19,f3g5 f6h6 h4g3 e5e4 f2f4 e4f3,1715,74,94,10439,advantage enPassant long middlegame quietMove
3J7bE,8/8/3kP2p/8/1pB4P/pP6/P2K4/1b6 w - - 1 56,d2e3 b1a2 e3d2 a2b1,1533,77,100,1921,bishopEndgame crushing defensiveMove endgame short
cIMVu,R7/2p3rk/6pp/1q6/8/5Q1P/6P1/6K1 b - - 1 37,c7c5 f3f8 b5b1 g1h2 g6g5 f8h8,1311,81,93,578,crushing defensiveMove endgame long
AtJVu,6k1/8/7p/4Npp1/PK2p3/6P1/6n1/8 b - - 0 38,e4e3 a4a5 e3e2 e5d3 g8g7 a5a6,1725,75,93,7250,crushing endgame knightEndgame long quietMove
ZZn7a,8/8/2P3K1/2r3p1/1R6/5k2/8/8 w - - 5 71,b4b6 g5g4 b6b7 c5c6 g6g5 g4g3,1993,82,92,1942,crushing endgame long quietMove rookEndgame
jS1HW,8/8/pK6/8/P1k5/8/8/8 b - - 1 51,c4b3 a4a5 b3b4 b6a6 b4c5 a6b7,1404,77,85,607,crushing endgame long pawnEndgame quietMove
JOFPe,r4rk1/8/b2p1qpp/p2P4/Ppn2B2/6QP/1PP3B1/R3R1K1 b - - 1 26,f6f4 g3g6 g8h8 e1e7 f4e3 e7e3,1808,76,95,6764,crushing long master middlegame quietMove
NYalQ,8/1P2k1pp/B3p3/P4p2/8/4PPK1/1r3P1P/8 b - - 2 39,g7g5 a6b5 b2b5 a5a6,1908,75,87,1340,advantage endgame quietMove sacrifice short
0Rgdh,4r3/1bpp4/p4k2/4r3/6N1/1P6/P1B2P1P/R5K1 b - - 16 34,f6e6 g4e5 e8g8 e5g6,1748,75,90,1598,crushing defensiveMove endgame short
mw2gV,2r3k1/p1r2pq1/4pQp1/1b1pP3/6P1/7R/P5K1/1B4R1 b - - 2 33,c7c4 g1h1 c4c2 b1c2,1715,74,97,1047,advantage master middlegame quietMove short
MTpuJ,8/8/8/8/6p1/6kp/6P1/7K w - - 0 67,g2h3 g3h3 h1g1 h3g3,1705,75,90,524,crushing defensiveMove endgame master pawnEndgame short
6Rt3c,8/6k1/5p2/6p1/3q4/P1p5/2K1Q3/8 b - - 5 59,d4d2 e2d2 c3d2 a3a4 g7f7 a4a5 f7e6 a5a6,1917,78,91,634,crushing endgame queenEndgame quietMove veryLong
Mai5u,8/8/5Kp1/3pP3/2b4P/1kp5/5P2/2B5 w - - 4 49,e5e6 d5d4 e6e7 c4b5,1815,75,100,603,bishopEndgame crushing defensiveMove endgame quietMove short
G5qch,6k1/3b2pp/p1pB1p2/3p4/3Pr3/2Q4P/PP2qPP1/2R3K1 w - - 4 27,c1c2 e2d1 g1h2 e4e1 c3e1 d1e1,1654,74,90,1183,clearance crushing endgame kingsideAttack long quietMove
fFj2E,8/5p2/6k1/6P1/6RK/5r2/8/8 w - - 23 74,g4g3 f3g3 h4g3 g6g5 g3f3 g5f5,1608,76,91,527,crushing defensiveMove endgame long rookEndgame
eaE2U,8/ppp5/7p/3P4/1kP4K/1P6/P7/8 b - - 0 39,b4a3 c4c5 a3b4 d5d6,1373,74,98,3264,crushing endgame pawnEndgame quietMove short
sk4XN,5r1k/8/p6p/1p6/P1pN1q2/2P3QP/1P4PK/8 w - - 3 36,g3f4 f8f4 a4b5 f4d4 c3d4 a6b5 h2g3 b5b4,1915,82,91,2925,capturingDefender crushing defensiveMove endgame veryLong
Wi4ot,8/6p1/5p2/1K3Pp1/P1p3k1/2P5/1P6/8 b - - 0 46,g4h3 a4a5 g5g4 a5a6 g4g3 a6a7 g3g2 a7a8q,1306,79,85,656,advancedPawn crushing endgame pawnEndgame promotion quietMove veryLong
srkkZ,3r2k1/Q2nrp2/5b2/P3p1q1/1P2P2p/2P1R2P/B5PN/3R2K1 w - - 5 30,c3c4 d7f8 d1d8 e7a7,1892,76,100,654,advantage discoveredAttack middlegame quietMove short
W3X9b,6k1/3p1pp1/p2P3p/2p5/2P1n3/P4q2/2Q2PbP/1R3RK1 w - - 4 24,b1b3 f3g4 b3g3 e4g3 f2g3 g2f1,1850,74,88,1755,crushing endgame long quietMove
Lao0S,6k1/8/6pP/8/7P/8/1K6/8 w - - 1 70,b2c2 g8h7 h4h5 g6g5 c2d3 h7h6,1928,77,93,855,crushing endgame long pawnEndgame quietMove
mCHdH,8/1k1q4/1p5p/1R3p2/2Qr2p1/6P1/PPP2PK1/8 w - - 21 45,c4b3 d7c6 g2h2 d4d1 b5b6 c6b6,1603,75,91,1735,advantage endgame long master quietMove
GeZMH,2k3n1/b5p1/P1pppq2/1p2p3/4P3/1QPP2P1/3N1P2/R4KNr w - - 3 25,d2f3 f6f3 b3e6 c8c7,1330,75,87,882,crushing defensiveMove middlegame pin short
GPygn,8/5r2/2P5/8/6p1/PPk5/5BP1/5K2 w - - 1 56,b3b4 g4g3 c6c7 f7f2 f1e1 f2f8,1611,76,91,3142,crushing defensiveMove endgame long pin
WFNdn,8/8/p4p2/1p1kb1p1/1P3pP1/PK3P1P/8/4B3 w - - 20 66,h3h4 g5h4 e1h4 d5d4,1352,77,93,6282,bishopEndgame crushing defensiveMove endgame master short
iPygv,4rrk1/pp3pp1/1qn4p/3p1B2/3P3B/1Pn1PQ2/P5PP/R4RK1 b - - 4 21,c6d4 e3d4 c3e2 g1h1,1646,75,88,2014,crushing defensiveMove middlegame short
ixB39,3r2k1/8/3PBp2/1R2p1p1/p1p3Kn/P4r1P/8/3R4 b - - 3 41,g8f8 b5b7 f3f4 g4h5,1910,75,88,625,crushing endgame quietMove short
kHuCM,7r/pp3kpp/2p1p3/8/3r1PP1/7P/PP1qQK2/4RR2 b - - 5 22,d4f4 f2g3 d2e2 f1f4 f7e7 e1e2,1936,77,90,558,crushing defensiveMove discoveredAttack endgame intermezzo long master sacrifice
1AIFg,8/p4ppk/4r2p/5Q2/2P5/6P1/q4PKP/5R2 b - - 2 30,e6g6 h2h4 a2c4 h4h5 h7g8 h5g6,1888,76,95,1511,crushing endgame long quietMove
QgHOJ,8/p4p2/4bp2/1p1p3p/k2N3P/4P1P1/PK3P2/8 b - - 1 34,b5b4 d4e6 f7e6 g3g4 h5g4 h4h5,1976,76,94,1368,crushing defensiveMove endgame long
Ehk1G,8/1pB5/p1p1k3/P1PnPpK1/5P2/8/8/8 w - - 14 49,c7b6 d5b6 a5b6 a6a5,1168,78,93,789,crushing defensiveMove endgame short
JEF1F,4K3/8/3bBk2/2pP1P2/8/8/8/8 w - - 1 75,e8d7 c5c4 d7d6 c4c3 d6c6 c3c2 d5d6 c2c1q,1011,80,96,1716,advancedPawn bishopEndgame crushing endgame promotion quietMove sacrifice veryLong
Sazxj,r1bq1rk1/p1p1bppp/2p2n2/6B1/4p3/P1NB4/1PP2PPP/R2Q1RK1 w - - 0 11,c3e4 f6e4 g5e7 d8e7 f1e1 f7f5,1934,76,89,1066,advantage defensiveMove long opening
rkvHv,5rk1/2R2pp1/4p2p/3pP3/1Q1P4/1P3qPP/5P2/6K1 w - - 1 34,c7c3 f3d1 g1g2 f8a8 b4a4 a8a4,1975,78,92,1423,advantage endgame long quietMove
Z4Xf6,8/p7/8/2PB4/1P6/4b1pk/8/1K6 w - - 0 38,c5c6 e3b6 c6c7 b6c7,1684,77,92,3907,bishopEndgame crushing endgame quietMove short
FJ97D,8/p5p1/8/1p2k2P/1P2p1P1/4K3/8/8 b - - 0 40,e5d5 g4g5 d5e5 h5h6 g7h6 g5h6 e5f6 e3e4,1955,76,94,9044,crushing endgame pawnEndgame quietMove veryLong
Mir1e,8/8/p1k5/1pPp4/8/2K5/PP6/8 w - - 1 44,c3d4 a6a5 d4c3 c6c5,1652,76,94,893,crushing endgame pawnEndgame quietMove short zugzwang
B7tOw,r1b1nrk1/1p2qp1p/2p1p1pQ/8/1PP1N3/6P1/4B1PP/3R1RK1 b - - 2 21,e7b4 e4g5 b4c5 g1h1 c5g5 h6g5,1685,75,92,660,crushing defensiveMove long middlegame
gybL5,6k1/6p1/R3prp1/8/5p2/2P1pK1P/PP6/8 b - - 0 34,e6e5 a6f6 g7f6 a2a4 g8f7 a4a5,1669,74,95,9236,crushing defensiveMove endgame long quietMove rookEndgame
7m0NT,r3r1k1/4b1p1/p4pP1/2Pq2nQ/3p4/P3p1P1/1B1NK3/2R4R b - - 1 33,d5g2 e2d3 g2d2 d3c4 d2e2 h5e2,1759,77,93,2887,crushing defensiveMove long middlegame sacrifice
jSqIn,8/pp5k/4p1rP/2pp3Q/3p4/3P4/PP3q2/1KN4R w - - 0 28,h5h3 g6g2 h3g2 f2g2,1594,76,94,6834,advantage endgame quietMove short
vWa4X,7k/2p3p1/7p/1K6/8/P5P1/1P5n/8 b - - 1 41,h2f1 a3a4 f1g3 a4a5 h8h7 a5a6,1384,78,94,1375,crushing endgame knightEndgame long quietMove
Ok94J,r2q2k1/p3p2p/1npr2p1/5b2/3B1P2/8/PPP1B1PP/R2Q1R1K w - - 1 18,c2c3 c6c5 d1b3 f5e6 d4c5 e6b3,1692,74,95,4670,advantage defensiveMove long middlegame
o0gkh,3r3k/pp4pp/2pb4/5QP1/2BP4/2P4P/3q1RK1/8 b - - 5 33,d2c3 c4d3 c3d3 f5d3,1667,76,100,585,crushing endgame quietMove short
QR1tQ,8/2Q3bk/4p1p1/7p/8/5PBq/1r3P2/4R1K1 b - - 1 36,h3f5 g3e5 f5g5 g1f1 g5e5 e1e5,1564,75,100,1298,crushing defensiveMove endgame long pin
Tn9af,8/1b6/8/p1p1k1p1/P4p1p/1PK2P1P/4B1P1/8 w - - 2 43,e2d1 b7a6 d1c2 a6f1,1850,73,95,14564,bishopEndgame crushing endgame master quietMove short
YE0RV,8/5p2/p4p2/1pk1pP2/4P1p1/P1PK3P/8/8 w - - 0 46,h3g4 a6a5 d3c2 c5c4 c2b2 c4d3,1800,80,93,1409,crushing endgame long pawnEndgame quietMove zugzwang
9OhhG,8/1p6/6k1/1P4p1/6K1/8/P7/8 b - - 0 43,b7b6 a2a4 g6f7 a4a5 b6a5 b5b6 f7e6 b6b7,1850,78,94,7437,advancedPawn crushing endgame pawnEndgame quietMove veryLong
21e29,8/8/1p1p1k2/p6p/PnPK4/1P4P1/2B4P/8 w - - 0 47,h2h3 b4c2 d4d5 f6e7,1754,81,93,6640,crushing defensiveMove endgame hangingPiece master short
XlGKM,3r2q1/Q6r/1P1kp3/5p2/2pP4/2P1PP1p/3K2P1/RN6 w - - 0 29,a7a3 d6d7 a3a4 d7e7 g2h3 g8g2,1954,75,88,515,crushing defensiveMove endgame long
jlCZP,8/8/p7/1p2kp1p/1P6/P3K1PP/8/8 b - - 0 40,e5e6 e3f4 e6f6 h3h4,1466,75,88,510,crushing defensiveMove endgame master pawnEndgame short zugzwang
OquPd,r3k2r/p1pq4/p2p1p2/3P2p1/1P2Pp2/P2Q1P2/2P1NKbP/R5R1 b kq - 1 21,h8h2 g1g2 d7h3 a1g1 h3h4 f2f1,1770,76,95,6604,crushing long middlegame quietMove
D9Ht2,8/7p/7K/3n4/3B3P/p7/2k5/8 w - - 8 57,h6h7 d5c3 h4h5 a3a2 h5h6 a2a1q,1730,74,89,1104,advancedPawn crushing endgame long master promotion quietMove
Wu8tY,3r4/k3p3/pb1r3p/3n4/Q7/6PP/P3BPK1/8 b - - 11 35,d5c3 a4a6 a7b8 e2f3 c3d5 f3d5 d6d5 a6b6,1340,75,87,1270,advantage capturingDefender endgame quietMove veryLong
iBv1Z,R7/2R1Nppk/3Kp2p/1r1pP3/2b2P2/6P1/7r/8 b - - 5 40,h2b2 c7c8 b5b6 d6c5,1884,76,96,2665,advantage defensiveMove endgame master short
bnayp,4R3/1PK3k1/7p/5p1P/1r6/6p1/8/8 w - - 0 59,b7b8q b4b8 e8b8 g3g2 b8b1 f5f4,1436,76,100,1309,advancedPawn crushing defensiveMove endgame long
1Q8oz,8/6pk/1p6/8/P4pq1/1P1Q3p/7K/8 b - - 1 40,g7g6 d3h3 g4h3 h2h3 h7g7 b3b4,1960,75,93,4144,crushing defensiveMove endgame long queenEndgame
30TPy,4R3/p5p1/1p1q2rk/2p4p/8/P2P1QP1/1PP3K1/8 b - - 3 37,g6g3 f3g3 d6c6 e8e4,1619,76,99,2901,crushing defensiveMove endgame short
dhgO0,r2q1rk1/pppb1ppp/3b1n2/8/2BPp3/2P5/PP1B1PPP/RN1Q1RK1 b - - 0 9,d6h2 g1h2 f6g4 h2g1,1344,75,93,5751,advantage defensiveMove hangingPiece opening short
lpA2H,8/5p1k/R3p1pp/1p2q3/5n2/P6P/1P3PP1/2Q3K1 w - - 1 37,c1c2 e5e1 g1h2 f4e2 c2e2 e1e2,1961,75,97,3006,crushing endgame long quietMove
urSdF,8/8/8/6k1/1R5p/5ppK/8/8 w - - 0 65,b4h4 f3f2 h4g4 g5f5 g4g3 f2f1q,1738,76,100,982,advancedPawn crushing defensiveMove endgame long promotion rookEndgame
j6TMP,5q2/5rkp/p1p3p1/4p3/8/1Q6/PPP3PP/3R1rRK w - - 10 33,b3c3 f1d1 c3e5 g7g8,1721,74,95,19622,crushing defensiveMove endgame short
yrFaD,r3k1nr/pp1b1ppp/8/2bqn3/5B2/3B4/PPP2PPP/RN1Q1RK1 w kq - 0 10,f4e5 d7c6 d1g4 d5e5,1853,74,96,2613,advantage intermezzo opening quietMove short
LQ5bB,8/4k1r1/7P/6N1/5PK1/8/8/8 b - - 0 57,g7g6 g4h5 g6f6 h6h7 f6f8 h5g6,1936,74,95,2684,advancedPawn crushing defensiveMove endgame long
kUE8M,2b5/5p2/1P5p/2N5/8/2p3P1/3k2KP/8 w - - 1 55,b6b7 c8b7 c5b7 c3c2 b7a5 d2c3,1905,73,97,2802,advancedPawn crushing defensiveMove endgame long sacrifice
RE0pb,7k/7p/pp4p1/r7/P2NKPP1/1P6/8/8 b - - 0 29,b6b5 d4c6 b5a4 c6a5 a4a3 b3b4,1667,74,95,3633,crushing defensiveMove endgame long trappedPiece
672OB,r4rk1/p2q1p2/5Rp1/2ppp3/8/2P1P3/1PPK1QP1/7R b - - 1 27,d7e7 f2h4 g8g7 f6g6 f7g6 h4e7,1764,75,96,5447,crushing discoveredAttack endgame long quietMove
485uD,4k3/pq3p2/3Qp3/1P1pPp2/P2P1R2/6PK/2r5/8 b - - 6 47,c2c1 f4h4 c1h1 h3g2 h1h4 g3h4,1389,75,92,2340,crushing endgame long quietMove
msLBa,2r2rk1/5pp1/p3p2p/4P3/1qnR4/5N2/P1Q2PPP/1R4K1 b - - 3 26,b4c5 b1c1 c5d4 f3d4,1814,76,92,1444,crushing middlegame quietMove short
q8e9P,3r2k1/1R1n1p2/4P1p1/7p/p2pP3/1B3R1P/1r4P1/6K1 w - - 0 36,e6f7 g8f8 b3d5 b2b7,1610,74,93,1529,advantage defensiveMove endgame short
CaRiD,rr4k1/1n1q1ppp/pQ6/3nN3/3P1B2/8/1R3PPP/3R2K1 b - - 12 28,d5b6 e5d7 b6d7 f4b8 a8b8 d1b1,1615,75,96,19086,advantage defensiveMove discoveredAttack long middlegame
tJNju,8/3p4/4b3/4P3/1P2kB2/6Kp/8/8 w - - 7 76,b4b5 h3h2 g3h2 e4f4 b5b6 e6d5,1780,75,93,516,advancedPawn bishopEndgame crushing defensiveMove deflection endgame long
soGqa,8/5k2/1R1pp3/6p1/2PK2n1/8/8/8 b - - 0 38,d6d5 c4c5 f7e7 b6b7,1944,78,93,4573,crushing endgame master quietMove short
3Vso7,r1bqkb1r/pp2np1p/3p1p2/3Np3/4P3/5N2/PPP1BPPP/R2QK2R b KQkq - 0 9,d8a5 b2b4 e7d5 b4a5,1754,76,88,756,crushing defensiveMove opening short
P4tW9,6k1/p5p1/2p4p/3r1p2/4qP2/1P6/PB4PP/1RQ3K1 w - - 2 29,c1c3 e4b1 g1f2 d5d7,1817,75,91,3917,crushing defensiveMove endgame hangingPiece short
CkvpY,r4krQ/ppp5/1nnq2p1/4pbN1/8/2PP4/PP2BPP1/RN2K2R w KQ - 7 21,g5h7 f8e7 h8f6 d6f6 h7f6 e7f6,1903,75,94,4242,crushing defensiveMove long middlegame
iwehQ,8/8/8/8/kp6/1R6/1KP5/3r4 w - - 19 59,c2c3 d1d2 b2c1 a4b3 c1d2 b4c3 d2d1 b3b2,1658,77,91,2200,crushing defensiveMove deflection endgame rookEndgame veryLong
6EB8B,8/4q3/3k2K1/5R2/8/7P/8/8 b - - 6 64,e7e6 f5f6 d6d7 f6e6 d7e6 h3h4 e6e7 g6g7,1539,80,94,2572,crushing defensiveMove endgame pin queenRookEndgame quietMove veryLong
0Ibhn,K7/6k1/8/6p1/1R6/7p/8/8 w - - 0 67,b4g4 h3h2 g4g5 g7h6 g5b5 h2h1q,1937,83,93,1805,advancedPawn crushing defensiveMove endgame long promotion rookEndgame
Y6Pm8,1k1r4/1p5R/p1p3R1/P7/1r6/8/8/4K3 b - - 0 33,d8d4 g6g8 b8a7 h7h8,1612,76,94,1845,advantage defensiveMove endgame master rookEndgame short
C7Pje,8/8/Pb6/1K3kp1/4p1Np/7P/6P1/8 b - - 13 74,e4e3 b5b6 e3e2 g4e3 f5e4 e3c2,1759,75,95,6037,crushing defensiveMove endgame hangingPiece long
dRnsr,8/4k1pp/4p3/P2pP3/6P1/1P5P/2PN3r/2K5 b - - 0 35,h2h3 a5a6 h3c3 d2c4 d5c4 a6a7 c4b3 a7a8q,1661,78,93,1072,advancedPawn crushing endgame promotion quietMove sacrifice veryLong
xhaZU,8/4k3/1p2n1PK/3p1p2/p7/P2N4/1P6/8 b - - 2 47,e7f6 d3f4 e6f4 g6g7 f6f7 h6h7,1436,73,95,36544,advancedPawn crushing defensiveMove endgame knightEndgame long master sacrifice
WRZ5l,3R4/1pk2p1R/3p4/p1p5/PnP5/KP3r2/8/8 w - - 13 44,d8a8 f3f2 h7f7 f2f7,1991,75,93,697,crushing endgame quietMove short
31MTl,8/4k2p/2K1n3/2P1P1P1/8/p7/N7/8 w - - 0 48,c6b6 e6g5 c5c6 g5e6 a2c3 h7h5,1798,76,98,638,crushing defensiveMove endgame knightEndgame long quietMove
Fx5M9,8/p7/3k3p/3p1P2/P4K2/7P/8/8 b - - 2 42,d6e7 f4e5 d5d4 e5d4 e7f6 d4e4,1397,83,92,780,crushing defensiveMove endgame long pawnEndgame
6nu9Z,r4k1r/pppb1ppp/3b4/3p4/8/2B3Pq/PPP1BP1P/R2QR1K1 w - - 4 14,d1d5 d7c6 c3g7 f8g8 d5c6 b7c6,1924,77,92,2490,crushing defensiveMove long middlegame
7JmJf,8/6kp/6p1/8/4Q3/6KP/3r2r1/8 w - - 0 44,e4g2 d2g2 g3g2 g7f6,1732,74,85,516,crushing defensiveMove endgame master short
WSgJQ,k1b3r1/1p1q1p2/p2r1p1p/2QP4/R7/P2B4/1P3PPP/1KR5 w - - 3 35,a4b4 d6d5 c5c2 d5d3 b4c4 a8b8,1959,77,95,7804,crushing defensiveMove fork long middlegame
gr7VG,2k5/ppn5/7p/6p1/3p4/4Q3/PP3PPP/3qN1K1 w - - 0 33,e3h3 g5g4 h3d3 d1e1,1696,79,93,8459,crushing defensiveMove endgame pin short
BDbRO,8/8/8/4K3/npk2N1P/6P1/8/8 w - - 0 63,f4g2 b4b3 g2e3 c4d3,1702,80,95,8537,crushing defensiveMove endgame knightEndgame master short
usNy3,8/5pk1/pR1P2p1/1p5p/1P6/5r1P/3RK3/6r1 b - - 3 40,f3h3 d6d7 g1g2 e2d1,1228,77,89,618,advancedPawn crushing defensiveMove endgame rookEndgame short
8Je5O,r1b1k2r/pp6/2p2p2/q2pn3/1b4pN/2N1P1B1/PPP1QPP1/1K1R3R w kq - 5 17,h4f5 h8h1 d1h1 c8f5 g3e5 f6e5 h1h8 b4f8,1919,76,92,4558,advantage defensiveMove middlegame veryLong
E95Fd,8/6p1/p3p2p/PkPpK2P/1P4P1/8/8/8 w - - 5 43,e5e6 d5d4 c5c6 b5c6,1456,75,89,2746,crushing endgame pawnEndgame quietMove short
Ory4M,2kr4/2p3p1/1p3p2/1b1P3p/1P2q3/8/P2Q1R1P/2R3K1 w - - 0 37,d5d6 b5c6 c1c6 e4c6,1903,78,91,562,advantage endgame master quietMove short
1Tqeo,8/1k4p1/4p1p1/1P3p2/8/6P1/5PKP/8 w - - 0 48,g2f3 e6e5 f3e3 b7b6,1920,76,93,9204,crushing endgame pawnEndgame quietMove short
0iJ4Y,8/1pp3R1/p3k3/8/2r3p1/6B1/5K2/8 w - - 4 37,g7c7 c4c7 g3c7 b7b5,1798,75,88,941,crushing defensiveMove endgame master short
52uDo,r5k1/2P2ppp/p5b1/2p5/2B5/8/5P2/2R3K1 b - - 0 31,a8c8 c1d1 g8f8 d1d8 f8e7 d8c8,1698,78,92,786,advantage endgame long quietMove
uU5qk,7r/8/8/8/R4P2/3k2K1/p7/8 b - - 7 55,h8g8 g3f3 d3c3 a4a2,1239,83,92,673,crushing defensiveMove endgame rookEndgame short
IcRxQ,7k/7p/8/8/1R6/1P1K4/7r/8 w - - 0 47,d3c4 h2h4 c4b5 h4b4 b5b4 h7h5,1221,79,93,875,crushing defensiveMove endgame long rookEndgame
wHRD9,8/8/p2k4/2pP2K1/8/6P1/P7/8 w - - 1 44,g5f6 c5c4 g3g4 c4c3 g4g5 c3c2 g5g6 c2c1q,1560,75,91,588,advancedPawn crushing endgame pawnEndgame promotion quietMove veryLong
t3gjj,8/3k3p/5K2/8/8/3P4/8/8 w - - 7 57,f6g7 h7h5 g7g6 h5h4 g6f5 h4h3 f5e4 h3h2,1004,76,97,665,advancedPawn crushing endgame pawnEndgame quietMove veryLong
GceJw,8/7p/p3Q1pk/1p3P2/1P3q2/P7/6PK/8 w - - 4 40,h2h3 f4f5 e6f5 g6f5 h3h4 h6g6,1370,79,94,4556,crushing defensiveMove endgame long queenEndgame
DuE3e,6R1/8/r6p/4k3/6PP/p4PK1/8/8 w - - 3 37,f3f4 e5f6 g8c8 a3a2,1803,81,91,2511,advancedPawn crushing defensiveMove endgame rookEndgame short
uqMCE,8/p7/1p3kpp/8/5PPP/4K3/P7/8 b - - 3 38,g6g5 f4g5 h6g5 h4h5,1902,81,91,141948,crushing defensiveMove endgame pawnEndgame short
Jll81,8/p5k1/1p6/2pP3p/4P3/1P3P1K/P7/8 w - - 0 48,h3h4 b6b5 h4h5 c5c4 h5g5 c4c3,1856,75,93,843,crushing endgame long pawnEndgame quietMove
WJDgd,8/5k2/2q1p1pp/3n1p2/1Q6/8/2P2PPP/2R3K1 w - - 1 32,b4b3 d5f4 f2f3 f4e2 g1h1 e2c1 b3b2 c1e2,1610,76,94,5568,crushing defensiveMove endgame fork veryLong
ofZO0,r5k1/4r3/pp1Rp2p/2p1Npq1/P1P5/5Q2/6PP/5K2 b - - 2 37,g5c1 d6d1 c1c2 f3a8,1768,75,88,773,advantage defensiveMove endgame short
3yVWV,8/5pkp/4pp2/7r/8/6R1/P1P1K3/8 b - - 1 37,h5g5 g3g5 f6g5 a2a4,1431,78,94,27860,crushing defensiveMove endgame rookEndgame short
qs25t,rnb1k2r/pppp1ppp/8/8/4P3/2Q5/P1P1KPPP/RNq2B1R b kq - 3 10,e8g8 b1d2 c1a1 c3a1,1495,76,92,595,crushing middlegame quietMove short trappedPiece
O8WBY,R7/3bqk2/2p1p3/pp3p1p/P2P4/nPQ5/2P2r1P/K2R4 b - - 2 29,f2c2 c3g3 d7e8 d1g1 c2c1 g1c1,1797,77,93,2955,crushing long middlegame quietMove
zgEcK,4Q3/5p1k/p1p4p/2P3b1/KP4R1/P2r1rP1/8/8 w - - 7 49,e8e4 f7f5 e4f3 d3f3,1404,79,93,1749,advantage defensiveMove endgame fork short
vCJkS,8/6k1/2R5/5Kp1/5b1p/7P/6P1/8 w - - 3 65,c6c7 f4c7 f5g5 c7g3,1880,77,94,14885,crushing defensiveMove endgame short
FyszF,r7/pp3pkp/4q1p1/1N5b/1P2P1n1/2Q2P2/P1Pr3P/R4RK1 b - - 1 21,g4f6 c3d2 e6b6 b5d4,1646,78,94,14146,advantage defensiveMove hangingPiece middlegame short
ZJ0H4,k7/p6b/7P/8/2p2PP1/8/5K2/8 b - - 1 48,a7a5 f4f5 a8b7 f5f6,1904,75,93,1276,bishopEndgame crushing endgame quietMove short
8S9xs,5N2/8/1p5p/p7/7P/1k1K4/8/8 w - - 0 52,f8d7 a5a4 d7b6 a4a3,1390,75,100,566,crushing endgame knightEndgame master quietMove short
xL3Ye,8/5Bp1/6P1/8/2Pb1k2/4p3/4K3/8 w - - 5 50,e2d3 f4f3 f7d5 f3f2 d3d4 e3e2,1370,79,94,1398,advancedPawn bishopEndgame crushing defensiveMove endgame long sacrifice
6LWgF,1k4r1/pp3br1/8/1Pp1q3/P3N2Q/3PPB1P/6P1/1R4K1 w - - 2 33,b1c1 e5b2 h4f4 b8a8 c1f1 g7g2,1796,75,95,807,advantage defensiveMove long middlegame
adchr,8/6pk/4p3/1p1q3p/1PbNpQ2/P3P1PP/5PK1/8 w - - 3 41,h3h4 e6e5 f4f5 g7g6 f5g5 e5d4 g5d5 c4d5,1513,81,92,5566,crushing defensiveMove endgame fork veryLong
R18pV,8/8/4p1R1/4Pp2/5PkP/6r1/4K3/8 b - - 0 53,g4f4 g6g3 f4g3 h4h5,1223,79,96,30775,crushing defensiveMove endgame master rookEndgame short
OUymx,rnbq2n1/pp2pkbQ/6p1/2p2p2/8/3B4/PPPP1PPP/RNB1K2R w KQ - 0 10,h2h4 g8f6 d3c4 e7e6 h7g7 f7g7,1556,77,94,2765,advantage defensiveMove long opening trappedPiece
DUs0q,4r1k1/1p3p2/p4Bp1/3p3q/1P1P4/P5QP/4rPRK/8 b - - 14 40,h5f5 g3h4 f5f6 h4f6,1450,76,96,5799,advantage endgame quietMove short
VwOuX,7R/pp1kr3/2p3K1/3p4/5P2/2P5/8/8 b - - 1 43,e7e8 h8e8 d7e8 g6g7 e8d7 f4f5,1713,72,95,14708,crushing defensiveMove endgame long rookEndgame
MGk0N,8/8/4RK2/6p1/3B2k1/5pP1/q4P2/8 b - - 2 70,a2e2 e6e2 f3e2 d4c3,1193,78,94,6868,crushing defensiveMove endgame short
fMccY,6k1/6p1/p3Nr1p/5p1q/PP6/6Kn/5PR1/2Q2R2 w - - 1 37,c1c8 g8h7 e6f8 f6f8 c8f8 f5f4 f8f4 h3f4,1906,79,91,594,advantage defensiveMove exposedKing middlegame sacrifice veryLong
PsdV9,2k5/1p1q4/p1p1n1p1/4Qr1p/1PP5/P3P2P/R3N1P1/6K1 w - - 1 28,e5g3 d7d1 g1h2 f5f1,1543,76,89,524,crushing defensiveMove endgame master short
ugwDG,r1bqk2r/pp2b1pp/2n2p2/2pB2B1/8/P2P1Q2/1PP2PPP/R3K1NR w KQkq - 0 11,g5h4 c6d4 f3h5 g7g6,1756,76,88,1882,advantage defensiveMove opening short
XYbJk,8/p3k2p/7b/1P2pp2/P1R5/1KP1p1P1/7r/4R3 w - - 0 35,c4h4 h2h4 g3h4 f5f4,1245,83,93,1673,advantage defensiveMove endgame short
omU44,3r3k/5pp1/5n1p/1Rp1pP2/2P1Pb1P/5Q2/rBBq1PK1/3R4 b - - 22 35,d2c2 d1d8 h8h7 b5b8,1581,78,94,1592,crushing defensiveMove hangingPiece middlegame short
XLvKU,1r4k1/p3p3/4p1p1/2ppP3/6P1/r1P4R/2PK4/6R1 b - - 1 25,a3a4 g1h1 g6g5 h3h8,1361,78,90,3075,advantage endgame quietMove rookEndgame short
GeAYh,8/5p1k/6pp/4P3/8/2r2p1P/6P1/5RK1 w - - 0 43,f1f3 c3f3 g2f3 g6g5 g1f2 h7g6,1779,75,92,1916,crushing defensiveMove endgame long quietMove rookEndgame
7VmVE,8/6p1/1p5p/3k3P/p4K2/N5P1/8/8 w - - 6 45,f4f5 d5c5 f5g6 b6b5 g6g7 b5b4,1871,80,92,983,crushing endgame knightEndgame long quietMove
XvdoL,5k2/4p1b1/3pB2p/2pP3P/4KP2/1r4P1/7R/8 b - - 6 46,b3g3 h2a2 g7d4 a2a8 f8g7 a8g8 g7h7 g8g3,1612,75,99,2007,crushing endgame quietMove skewer veryLong
DymYb,6k1/pp4pp/3P4/8/1P2q3/4Q1P1/P3K2P/8 b - - 12 40,e4e3 e2e3 g8f7 e3d4 f7e6 d4c5,1682,75,90,2050,crushing defensiveMove endgame long
wntyk,r4r2/pp4kp/2p3p1/3q1p2/3pN3/5PQ1/PP2P1KP/R4R2 w - - 0 23,g3c7 f8f7 c7d6 f5e4 d6d5 c6d5,1751,76,93,4425,advantage defensiveMove long middlegame
oGg1w,8/8/1p4k1/5p2/3K1P2/7P/8/8 w - - 1 48,d4e5 b6b5 e5d4 g6h5,1504,76,90,2238,crushing defensiveMove endgame pawnEndgame quietMove short
2KJJi,8/p3k3/3pq1R1/3p3P/8/2p3N1/P4P1K/8 b - - 1 42,c3c2 g6e6 e7e6 g3e2,1563,74,90,742,advantage defensiveMove endgame master masterVsMaster short
NcgMt,8/8/5p2/3N2p1/6P1/4p2P/5k2/2K5 w - - 2 57,d5f6 e3e2 f6e4 f2e3,1729,77,94,1105,advancedPawn crushing defensiveMove endgame knightEndgame short
ToZ99,2k5/2p4p/8/8/P3QP2/8/KP1r3r/8 w - - 5 38,e4b4 d2b2 b4b2 h2b2 a2b2 h7h5 f4f5 h5h4,1727,78,89,1119,crushing defensiveMove endgame fork queenRookEndgame quietMove veryLong
IIXir,3k4/p1p2pp1/Pp1b4/1Q6/2Pp4/3P1qp1/1P3P1P/R5K1 w - - 0 22,b5g5 f7f6 g5g3 d6g3,1585,76,98,2855,crushing defensiveMove endgame short
Jrj76,8/8/2p1n1p1/3pP1P1/k2P3P/1p2B3/1K6/8 w - - 0 55,h4h5 g6h5 g5g6 h5h4 e3g5 h4h3,1452,77,92,2462,crushing endgame long quietMove
28lnc,2kr3r/Qbp2B2/p2p1p1p/1p3q2/5b2/4B3/PPP3PP/2K1R2R b - - 1 23,c7c5 e3f4 f5f4 c1b1,1351,77,94,1029,advantage defensiveMove middlegame short
pFRSS,8/1q6/8/1K4pk/1Q6/P7/8/8 w - - 4 56,b5c5 b7b4 a3b4 g5g4 b4b5 g4g3 b5b6 g3g2,1549,74,100,1169,advancedPawn crushing endgame queenEndgame quietMove veryLong
isPMy,2kr3r/ppq2p2/2bp1b1p/4pN2/4P1p1/2N5/PPPQ1PPP/1K1RR3 w - - 0 19,f5d6 c8b8 d2e2 d8d6,1813,74,90,1899,advantage defensiveMove master middlegame short
EQ3H9,6k1/p1p1rrp1/3p1q2/8/4Q3/B5Pp/PPPR1P1P/R5K1 w - - 0 29,e4d4 f6f3 d4d5 e7e4 d5e4 f3e4,1664,74,100,886,crushing long middlegame quietMove
oHZUk,2r5/8/8/5P2/8/8/pk2K1P1/3R4 w - - 3 43,g2g4 c8c1 d1d2 c1c2 d2c2 b2c2 f5f6 a2a1q,1981,83,92,1693,advancedPawn crushing defensiveMove endgame promotion rookEndgame veryLong
2U0jN,5k2/5ppp/p7/1p2Q3/2p5/6Pb/PP2PP1P/3r1BK1 w - - 2 25,e5c5 f8g8 c5c8 h3c8,1929,75,96,3085,crushing defensiveMove endgame pin short
hkffA,7k/p1p2qp1/7p/4P3/2p1R3/P5P1/1PQ3PK/5r2 w - - 3 31,c2c4 f7h5 e4h4 h5d1 c4f1 d1f1,1590,76,93,958,advantage endgame long quietMove
1NXzM,3r2k1/pQ3p1p/5np1/2q5/2Pn1P2/2N5/PP4PP/R4RK1 w - - 1 19,c3a4 d4e2 g1h1 e2g3 h2g3 c5h5 h1g1 f6g4,1988,78,92,1195,advantage defensiveMove discoveredCheck doubleCheck kingsideAttack middlegame sacrifice veryLong
6o0CJ,r4rk1/p4p2/PbQ5/1p2p1p1/3PB1q1/6Pb/1P5P/3RR1K1 b - - 2 26,e5d4 c6h6 g4e4 e1e4 d4d3 g1h1,1616,76,94,1824,advantage defensiveMove long middlegame
tkw0o,8/pp5p/8/2P5/1Pk1K3/P7/8/8 b - - 0 49,c4b3 b4b5 b3c4 c5c6 b7c6 b5c6,1583,74,95,14166,crushing endgame long pawnEndgame quietMove
kPDt6,8/p1Q3pk/1p5p/2q5/4P3/2P5/2P1K1P1/8 w - - 1 32,c7c5 b6c5 e2d3 a7a5,1239,77,93,16095,crushing defensiveMove endgame short
QU4Nn,B7/p2n3p/6p1/2n1k3/2bNp3/P2p1P2/3K2P1/3R4 w - - 1 31,d4c6 e5f4 f3e4 c5e4,1875,76,93,4494,crushing defensiveMove endgame short
uOxL9,8/4kp2/4p3/1p2P1Kp/2p2PP1/8/PP6/8 w - - 0 36,g4h5 b5b4 h5h6 e7f8 g5g4 c4c3,1967,75,96,1416,crushing endgame long pawnEndgame quietMove
0bQoy,8/8/7p/ppk5/P5P1/1P1K4/8/8 w - - 0 42,d3c3 b5b4 c3d3 c5d5,1258,75,100,1086,crushing defensiveMove endgame pawnEndgame short zugzwang
81QCR,6k1/5ppp/p2P1n2/1p6/2p1NP2/8/PP4rP/5R1K b - - 0 28,g2b2 e4f6 g7f6 f1d1 c4c3 d6d7,1947,76,95,2731,advancedPawn crushing endgame long master quietMove
W7Y8O,8/5p2/7K/2k4P/8/pPBb4/8/8 w - - 1 57,h6g7 f7f5 g7f6 f5f4,1590,75,93,1294,bishopEndgame crushing defensiveMove endgame quietMove short
JZZsc,5r2/p4P2/1p6/3p3p/P4RpK/1k6/7P/8 b - - 1 44,b3c3 h4h5 d5d4 h5g6,1796,76,93,1692,advantage defensiveMove endgame rookEndgame short
t5BED,2r1r1k1/1n2qppp/p3pn2/2p1N3/1p3P2/1P1PP3/P1QB2PP/2R2RK1 w - - 0 23,d2b4 c5b4 c2c8 e8c8 c1c8 f6e8,1429,80,93,9075,advantage defensiveMove hangingPiece long middlegame
dSPlW,r1b2rk1/1pp2p2/p1n1N2p/8/2BPq3/P1P3P1/4Q2P/R3K2R b KQ - 2 16,e4h1 e1d2 c8e6 a1h1,1741,78,92,956,advantage defensiveMove discoveredAttack middlegame short
HEP2T,1r4k1/5p1p/3Q2p1/r7/p2PP3/1qR1N3/5PPP/6K1 b - - 1 34,b3b4 c3c8 b8c8 d6b4 c8c1 e3f1,1429,76,92,2472,advantage defensiveMove deflection endgame long
9f3zR,r3r1k1/pp3pp1/3p1q1p/2n5/3pP3/P2P4/2PQNPPP/1R2K2R w K - 1 17,e2f4 c5e4 d3e4 e8e4 f4e2 a8e8 e1g1 e4e2,1651,75,95,8828,advantage middlegame quietMove veryLong
KSgVT,5k1r/3q1p1p/6p1/1p1n1Pn1/p2PQ3/2P4P/PP4P1/3RR1K1 w - - 1 30,e4e5 f7f6 e5b8 f8g7,1738,75,89,1041,advantage defensiveMove middlegame short
TnW28,8/p4pp1/7p/1pp1P3/5Pk1/PP2K1P1/6P1/8 b - - 1 33,g4g3 f4f5 g3g4 e5e6 f7e6 f5e6 g4f5 e6e7,1510,75,100,2439,advancedPawn crushing endgame pawnEndgame quietMove veryLong
QAHBo,8/1p6/3N1p1p/5p1k/p3bP2/2P5/PP5P/4K3 w - - 1 31,d6e4 f5e4 e1f2 h5g4 f2e3 f6f5,1586,74,89,1554,crushing defensiveMove endgame long
6tlQG,8/5Bp1/7p/2P5/nk5P/6P1/1p6/1K6 w - - 1 50,c5c6 b4a3 b1c2 a4c3 c2c3 b2b1q,1917,74,94,6642,advancedPawn crushing deflection endgame long promotion quietMove
lqs30,rnb1k2r/pppp1ppp/4p3/6q1/8/3B1N2/PPP1NPP1/R2QK2R b KQkq - 1 11,g5g2 e2g3 g2h1 g3h1,1843,79,92,4951,crushing opening quietMove short
NzqWP,3rr1k1/2p2Rpp/p1Q3b1/4P3/3P2q1/2P5/PP4PP/R1B3K1 w - - 1 21,f7f1 g6e4 c6c4 e4d5 c4d5 d8d5,1941,77,92,2537,advantage defensiveMove long middlegame
wcELP,8/7k/4P1r1/8/3Q4/p7/1p5K/8 w - - 1 50,d4h4 g6h6 h4h6 h7h6 e6e7 b2b1q,1193,87,94,754,advancedPawn crushing defensiveMove endgame long pin promotion queenRookEndgame
Jfafy,r1bq1rk1/pppn1ppp/8/8/1bB5/4P3/PBPP2PP/RN1Q1RK1 w - - 0 10,b2g7 g8g7 d1g4 g7h8,1110,75,97,2073,advantage defensiveMove hangingPiece opening short
xW8Cf,8/8/5ppk/8/2p2q2/2Q5/PP2K1P1/8 b - - 3 39,f4g4 c3f3 g4h4 f3h3 h4h3 g2h3,1598,77,98,1813,crushing defensiveMove endgame long queenEndgame
ST4Oz,8/4kp2/1p2p1p1/pBb1P1P1/P2p1P1r/7R/6K1/8 b - - 4 41,h4f4 h3h8 f7f6 g5f6,1927,75,91,1948,advantage endgame quietMove short
DCIv2,r7/2pk2q1/1p1p1p2/bP1PpP2/2P4Q/6p1/8/R1BK1B2 w - - 1 33,a1a3 g3g2 f1g2 g7g2 h4h7 d7c8,1309,79,93,1457,advancedPawn advantage defensiveMove long middlegame
PiUS9,8/8/5k1p/6p1/3pK2P/6P1/5P2/8 b - - 0 45,g5h4 g3h4 d4d3 e4d3 f6e5 d3e3,1186,77,98,3062,crushing defensiveMove endgame long pawnEndgame
VDDBS,8/8/P3p3/3pPp2/5Pk1/2p1Pr1p/4R2K/8 b - - 0 45,c3c2 e2c2 f3e3 c2a2 e3c3 a6a7,1721,74,94,15003,advancedPawn advantage endgame long quietMove rookEndgame
xrJPd,r2q1k2/pp3ppQ/1np4p/3n4/3P4/6p1/PPB2PPP/4R1K1 b - - 3 21,d5f6 h7h8 f6g8 c2h7 g3f2 g1f2 d8h4 f2f1,1669,77,94,3548,advantage clearance defensiveMove middlegame veryLong
di52d,8/6p1/5nkp/2R1p1p1/r3P3/2Q3PP/5PB1/1q4K1 w - - 4 35,g1h2 a4a1 c3a1 b1a1,1683,75,94,9859,advantage endgame master quietMove short
ghbbG,8/7p/p7/1p4p1/8/5kPP/P4P2/4K3 b - - 6 53,f3g2 f2f4 g2h3 f4f5,1827,77,89,755,advantage defensiveMove endgame pawnEndgame short
cVG29,8/5p2/p7/3kP3/5Pp1/8/P4K2/8 b - - 1 47,d5e4 f2g3 e4f5 a2a3 a6a5 a3a4 f7f6 e5f6,1754,74,96,1714,crushing endgame pawnEndgame quietMove veryLong zugzwang
Bhj2D,r4k2/1R4p1/5p1p/p2pN3/8/P1P4P/1P3PP1/1b4K1 w - - 0 27,b7b8 a8b8 e5d7 f8e7 d7b8 e7d6,1654,76,93,3925,advantage defensiveMove endgame hangingPiece long
9W0v9,8/ppp5/8/3PK3/1kP5/1P3R2/1r6/8 b - - 4 39,b2b3 f3b3 b4b3 c4c5 a7a5 d5d6,1479,75,89,929,crushing endgame long quietMove rookEndgame
AORW6,7k/2Q5/8/1p3q1p/3PpP2/8/5KP1/8 w - - 0 57,c7e5 f5e5 f4e5 b5b4,1550,79,94,7351,crushing defensiveMove endgame master queenEndgame short
Y53tB,4k3/8/1K1P4/8/p1P1B3/8/5P2/r7 b - - 2 45,a4a3 b6c7 a1d1 e4d5 d1d5 c4d5,1955,76,92,519,crushing endgame long quietMove
3OCkm,8/7p/4k1p1/1pp5/5p2/2PP1P1P/P2K4/8 w - - 2 35,c3c4 b5b4 d3d4 c5d4 d2d3 e6e5,1751,76,88,2106,crushing defensiveMove endgame long pawnEndgame quietMove
TZ35L,r5r1/2k3qp/p1nb1p2/1p1p4/2pP3N/P1P3Pb/1PBNQR1P/4R1K1 b - - 6 22,d6g3 h2g3 g7g3 h4g2,1898,77,92,1632,advantage defensiveMove middlegame short
6ypa1,1k1r3r/pp3pp1/2pp4/5Nbn/2PP4/1P1qP3/PB4BQ/R4RK1 w - - 4 28,a1d1 g5e3 f5e3 d3e3 f1f2 h5g3,1694,77,93,8342,crushing defensiveMove exposedKing kingsideAttack long middlegame pin
lml1Y,8/7K/5kp1/5p1p/7P/6P1/6P1/8 b - - 8 50,g6g5 h7h6 g5h4 g3h4 f5f4 h6h5 f6f5 h5h6,1570,77,94,7303,crushing defensiveMove endgame pawnEndgame veryLong
kjBkT,4b3/8/2p5/2N3kp/8/P3K2P/8/8 b - - 2 50,g5h4 a3a4 e8f7 e3d4 h4h3 a4a5 h5h4 a5a6,1960,74,95,4788,crushing endgame quietMove veryLong
5kQ3v,4n3/3k1p2/6p1/4B1P1/4K3/8/1P6/8 b - - 32 65,e8d6 e5d6 d7d6 b2b4 d6e6 b4b5,1902,75,97,1365,crushing defensiveMove endgame long quietMove
35s5r,1r3rk1/3n1p2/n1p3p1/p2pPpP1/3q1N2/P2P2P1/7Q/1NKR3R b - - 1 25,b8b1 c1b1 f8b8 b1a2,1981,75,92,663,advantage defensiveMove hangingPiece middlegame short
WQMUs,2k4r/pppq2pp/4pp2/3p1n2/1P2nPQ1/P3P3/1B1P2PP/2RR2K1 w - - 6 22,d2d3 f5e3 g4e2 e3d1 e2d1 e4d6,1431,77,93,8332,advantage defensiveMove fork long middlegame
UonxR,1kr4r/1p1n4/4p2p/3pP1p1/3P1pq1/1P6/1Q3P1P/R3RN1K b - - 1 26,h6h5 b2a3 c8c6 a3a8 b8c7 a8h8,1790,75,87,828,crushing long middlegame quietMove skewer
ZtDgC,8/1p6/4p2k/2P1P3/6Pp/1pK4P/8/8 b - - 1 47,b3b2 c3b2 h6g5 b2c3,1499,76,86,550,crushing defensiveMove endgame pawnEndgame short
qgv7f,r1b1kb1r/p4ppp/2p1p3/3pP3/8/4B2P/P1Q1BPP1/qN3RK1 b kq - 1 13,a1e5 c2c6 e8d8 c6a8 f8d6 g2g3,1976,75,94,10592,crushing defensiveMove fork long middlegame
K93N6,r7/pp6/2p3pk/3p3q/8/2P2R2/PPP3Q1/6K1 b - - 0 36,a8e8 f3h3 e8e1 g1h2,1823,78,97,3678,advantage defensiveMove endgame master pin short
sMf78,8/8/8/4p1pp/P7/1K3P1P/1P4k1/8 b - - 0 51,g2f3 a4a5 e5e4 a5a6 g5g4 h3g4 h5g4 a6a7,1891,76,88,1397,advancedPawn crushing endgame pawnEndgame quietMove veryLong
TpR4e,8/5Bp1/1n1k4/5K1P/p6P/8/5P2/8 w - - 2 42,f5g6 b6d5 f7d5 d6d5 g6g7 a4a3,1778,77,93,821,crushing endgame long master quietMove
NZk3L,6k1/p7/2P4p/1p4p1/5b1q/P1Bbp3/R5QN/6K1 b - - 1 53,f4h2 g2h2 h4g4 h2g2 g4d1 g1h2,1663,76,95,2413,advantage defensiveMove endgame long
Ga3px,4r1k1/2R2p1p/p2p4/3P1Q2/P4pP1/4qB2/1rP3KP/8 b - - 4 27,e3d2 g2h3 e8f8 f5g5 g8h8 g5f6,1332,76,87,632,crushing defensiveMove endgame long
udaUJ,6k1/1p3pp1/2q1p2p/8/8/5QPP/PP4K1/8 b - - 3 35,f7f6 f3c6 b7c6 a2a4 g8f7 a4a5,1122,87,94,1170,advantage defensiveMove endgame long queenEndgame quietMove
S5B97,6k1/5pp1/p2p3p/1p1P4/3Q4/1Pr4P/1P3PPK/2q5 w - - 0 27,d4c3 c1c3 b2c3 a6a5 b3b4 a5a4,1866,74,94,15881,crushing defensiveMove endgame long queenEndgame quietMove
4FGsC,2r2bk1/2P2p1p/3Np1p1/4P3/5P2/8/r4BPP/2R3K1 b - - 1 36,f8d6 e5d6 a2d2 f2c5,1703,75,94,1286,advantage defensiveMove endgame short
v4bUw,1r1q2k1/p3Bp2/2p2Pp1/1n2p2p/7P/2P1QP2/PP6/1K5R b - - 5 33,d8d5 e3h6 b5c3 b1c2 b8b2 c2b2,1962,77,91,2123,crushing defensiveMove endgame long master
kP7CF,8/8/8/1p1K4/1k1P4/2R5/8/8 w - - 0 61,c3c4 b5c4 d5e4 c4c3 e4d3 b4b3,1152,75,97,725,crushing defensiveMove endgame long master
6BLc1,8/p7/1pp5/7p/PPP4k/7P/6K1/8 b - - 3 37,a7a6 b4b5 a6b5 c4c5 b6c5 a4a5,1835,76,96,5135,crushing defensiveMove endgame long pawnEndgame sacrifice
BVuFG,8/6Rp/p2r4/8/3p1P2/6P1/2PK3k/8 b - - 0 41,d6g6 g7g6 h7g6 g3g4,1775,78,93,1816,crushing defensiveMove endgame rookEndgame short
9uucq,rn1q1rk1/1b4p1/p2b1nBp/1pp1N3/4P3/P1PP3P/1P4P1/RNBQ1RK1 w - - 3 17,d1b3 c5c4 e5c4 b5c4 b3c4 g8h8,1677,79,93,1751,advantage defensiveMove long middlegame
lflGQ,8/2B5/2b5/1P2pkpp/2Kp4/P5P1/7P/8 b - - 0 49,c6b5 c4b5 d4d3 c7a5,1093,75,100,655,bishopEndgame crushing defensiveMove endgame hangingPiece short
oQZZb,8/8/1n2k3/1p4P1/3PKP2/1P6/8/8 b - - 0 36,b6d5 f4f5 e6d6 f5f6 d5c3 e4f5,1904,75,90,2246,crushing defensiveMove endgame knightEndgame long master
qYSGs,2r3k1/1R5p/6pB/3pP3/3Pn1P1/8/2p1P2K/8 w - - 0 34,e5e6 g6g5 b7g7 g8h8,1846,75,93,8477,crushing endgame quietMove short
4KUWn,8/7p/1ppp4/p7/PP4k1/2PK2P1/6P1/8 b - - 0 37,a5b4 c3b4 b6b5 a4a5,1169,87,94,7632,crushing defensiveMove endgame pawnEndgame short
2RSFG,r3r1k1/ppp2ppp/5n2/3P1P2/2P5/1P3BqN/P7/R2Q1R1K w - - 0 22,f3g2 f6g4 d1g4 g3g4,1150,76,88,1529,crushing middlegame quietMove short
3cAhg,4k3/6p1/K4p2/6p1/1P4N1/5n1P/8/8 b - - 0 42,f3g1 b4b5 g1e2 b5b6 e2d4 b6b7,1201,79,87,629,advancedPawn crushing endgame knightEndgame long quietMove
AqRfW,8/4k3/8/p1N1Pp2/2pP4/b1P2K1P/8/8 w - - 0 51,f3f4 a3c5 d4c5 a5a4 f4f5 a4a3,1476,76,100,906,crushing endgame long quietMove
V820F,6k1/1pR2pp1/p2q3p/3r4/1P6/P5P1/5P1P/5QK1 w - - 1 34,c7b7 d5d1 b7b8 g8h7 f1d1 d6d1,1133,77,95,2388,crushing defensiveMove endgame long pin
YiOgL,b5k1/2b2p1p/3qp3/2p5/3P1P2/1QP5/1P2B2P/5RK1 w - - 0 25,d4c5 d6c5 f1f2 c7b6 b3b6 c5b6,1548,77,93,659,advantage endgame long quietMove
FU7OQ,8/1R2p3/5p1p/p4P1k/4r2P/5K2/6P1/8 b - - 4 38,e4e5 g2g4 h5h4 b7b1 h4g5 b1h1 e5f5 g4f5,1973,75,100,807,crushing endgame quietMove rookEndgame veryLong
41FTB,8/4R3/2p2ppk/P2p4/3P3P/r1P2KP1/8/8 b - - 0 43,a3c3 e7e3 c3c1 e3a3,1736,75,90,583,advantage defensiveMove endgame rookEndgame short
fiyYL,8/1N6/3Pkp2/2K2b1p/p6P/P7/8/8 b - - 2 55,f5c2 c5c6 c2e4 c6c7 e4b7 d6d7,1586,75,97,5131,advancedPawn crushing defensiveMove endgame long master sacrifice
cCR7C,3q3k/5Q1p/pr3p2/1p6/2pP4/1P4P1/P6P/3R3K b - - 4 30,b6d6 d1e1 d6d4 e1e8 d8e8 f7e8,1755,76,94,6476,crushing endgame fork long quietMove
0fpk8,5r1k/p5p1/6q1/6np/8/5PQ1/P3R1PP/4R1K1 w - - 0 34,h2h4 g5f3 g3f3 f8f3 e2e8 h8h7,1229,77,88,2059,crushing defensiveMove endgame long pin
J35CB,5N2/8/3k4/p2p4/1ppP1PBp/P1P4P/2b2K2/8 w - - 0 40,a3b4 a5a4 f2e3 a4a3 e3d2 a3a2 d2c2 a2a1q,1462,77,91,1967,advancedPawn crushing endgame promotion quietMove veryLong
MHp1d,R6R/5r2/P2p2k1/2bPp3/8/6p1/1PK5/8 w - - 0 49,h8g8 f7g7 a8c8 g3g2 g8g7 g6g7,1646,80,94,2789,advancedPawn advantage defensiveMove endgame long
RRRYG,r3kb1r/pppb1npB/4pq2/3p3Q/8/2P2N2/PP3PPP/R1B1K2R w KQkq - 3 13,c1g5 h8h7 h5h7 f7g5 h7h5 g5f7,1826,74,94,12565,crushing defensiveMove deflection long master middlegame
Mvbgu,r4rk1/pp4p1/2npq2p/4p3/P2P1p2/B1P5/2P2PPP/R2QR1K1 b - - 0 16,f8f7 d4d5 e6g6 d5c6 f4f3 g2g3,1461,74,96,5861,crushing defensiveMove fork long middlegame
kaXq0,8/5p2/6p1/3bkp2/8/1p1KP2P/1R4P1/8 w - - 0 43,g2g3 d5e4 d3e2 e4c2,1670,78,96,2728,crushing defensiveMove endgame short
UojGr,8/8/2p1p3/2Pp1kP1/7K/1P6/8/8 w - - 3 54,h4h5 d5d4 h5h6 d4d3 g5g6 d3d2,1031,78,98,2086,advancedPawn crushing endgame long pawnEndgame quietMove
JiQpy,7r/P7/2N5/2Pp4/4p3/4k3/1K6/8 b - - 0 59,d5d4 c6b8 h8h2 b2b3 d4d3 a7a8q,1554,76,96,29389,advancedPawn crushing defensiveMove endgame long promotion quietMove
zcJ9s,8/7p/6pK/p4p2/2k1p3/P5P1/5P1P/8 w - - 4 45,h6h7 g6g5 h7g6 f5f4,1897,74,85,534,crushing endgame pawnEndgame quietMove short
DGM9E,4Q3/ppk5/2p5/3n4/3Pp3/q1P2pP1/P1K2P2/3R4 w - - 7 31,e8f7 c7b6 d1b1 b6a5,1915,76,98,813,crushing defensiveMove endgame master short
CcL1d,8/5p1k/q5p1/6Pp/3Q4/P2K4/1PP5/8 w - - 5 40,d4c4 a6c4 d3c4 h5h4 b2b4 h4h3,1352,79,93,6840,crushing endgame long queenEndgame quietMove
DL4uc,8/2N5/1np2p1p/4pPpP/1k2P1P1/1P1K4/8/8 w - - 5 56,c7e8 b4b3 e8f6 c6c5,1280,75,89,527,advantage defensiveMove endgame knightEndgame master short
OGhLX,8/8/2k5/r4p1R/2K2Pp1/6P1/8/8 b - - 3 46,a5d5 h5h6 d5d6 h6d6 c6d6 c4d4,1029,86,91,595,crushing defensiveMove endgame exposedKing long rookEndgame zugzwang
PDr9K,8/8/P4k2/1P3p2/2BKpp2/8/r7/8 b - - 0 45,f4f3 c4a2 f3f2 a2c4 f2f1q c4f1,1479,77,89,652,crushing endgame hangingPiece long quietMove
srtQY,5r1k/7p/p3B3/1pb1np1q/8/2N5/PP1Q2PP/3R3K w - - 18 31,c3d5 e5g4 d2c3 f8f6 h2h3 g4f2,1885,74,85,573,crushing defensiveMove long middlegame
l4ro5,8/3r4/P2Pk1p1/1N5p/5K2/6P1/8/8 b - - 0 55,d7d8 a6a7 e6d7 b5c7 d7d6 a7a8q d8a8 c7a8,1735,76,96,2442,advancedPawn crushing endgame promotion quietMove veryLong
UF0Ek,rr4k1/4qp1p/2QP2p1/8/Pp2PP2/8/6BP/5R1K b - - 0 39,e7b7 c6b7 b8b7 e4e5,1436,78,96,31632,advantage defensiveMove endgame short
TIRvU,8/8/p3k2p/1p3pp1/1P1K1P2/P6P/5P2/8 b - - 1 50,g5g4 h3h4 e6d6 h4h5 d6c6 d4e5,1914,74,95,2658,crushing endgame long pawnEndgame quietMove zugzwang
JeAFG,8/3K3R/6p1/p5kp/P4p2/8/8/8 w - - 0 50,h7e7 f4f3 e7f7 g5g4,1157,78,95,4639,crushing defensiveMove endgame rookEndgame short
cxG7f,r7/1RRbB2r/3Pk3/1p1pPp1p/5KpP/6P1/8/8 b - - 6 48,a8a4 f4g5 a4a8 c7d7,1190,82,90,1149,crushing defensiveMove endgame short
Y7qRT,r3r1k1/pp4pp/8/2bp3n/3n4/1NP2PP1/PP3K1P/R1B4R w - - 0 19,b3c5 e8e2 f2f1 a8e8,1465,75,91,2328,advantage clearance defensiveMove middlegame short
5vPQW,8/1Rp4k/4b1pp/2P2p2/3Rp2P/6P1/4rPBK/r7 b - - 4 29,a1a2 b7c7 h7h8 d4d8 e6g8 c7c8 h8g7 d8g8,1485,77,93,3000,advantage endgame quietMove veryLong
jMF0m,8/8/8/5p2/1P6/p5k1/P3K3/8 b - - 3 43,f5f4 e2f1 g3g4 b4b5 g4f5 b5b6,1702,75,96,3308,crushing endgame long pawnEndgame quietMove
ukrAh,8/p4b2/1pK2k2/3p1p1p/3P1N2/1PP2PP1/P7/8 w - - 3 42,f4d5 f7d5 c6d5 f5f4 g3f4 h5h4,1637,76,95,3989,crushing defensiveMove endgame long
yKVBs,3r3k/1p3R1P/5P2/p7/1KP5/6r1/8/7R w - - 0 42,b4a5 g3b3 a5a4 b3b2 h1h5 d8a8 h5a5 b2a2,1969,75,93,6157,advantage endgame quietMove rookEndgame veryLong
Mhnjj,8/6r1/p4p1k/1pP2B2/1P3P1p/5P2/P4K2/8 b - - 1 42,g7g8 c5c6 g8g7 f5d7,1481,76,99,1089,crushing defensiveMove endgame short
sCaPu,rn1q1rk1/1p1b1p1p/p2p2pQ/3p3P/8/3B2N1/PP3PP1/R3K2R b KQ - 0 16,d8a5 e1f1 a5d2 h6d2,1937,75,96,2575,crushing defensiveMove middlegame short
Uiiqh,4r2k/3R2pp/3p1b2/2pP4/2r1p3/4B2P/5PP1/5RK1 b - - 0 27,e8d8 d7d8 f6d8 f1a1 h8g8 a1a8 g8f7 a8d8,1630,76,94,2656,advantage endgame pin quietMove veryLong
xrJkL,1rb1r1k1/1p5p/pq4p1/2pP1p2/1PPbpP2/4B2P/4B1P1/1R1Q1RK1 w - - 1 23,e3d4 c5d4 c4c5 b6f6,1587,75,90,2514,advantage defensiveMove middlegame short
hhxBK,8/4k3/1K6/6p1/8/2P5/8/8 w - - 0 52,c3c4 g5g4 c4c5 g4g3 c5c6 g3g2 c6c7 g2g1q,1898,75,88,569,advancedPawn crushing endgame master pawnEndgame promotion quietMove veryLong
lswDE,5r1k/p4r1q/1ppp2p1/2n1p1B1/2P1P1P1/2P1Q2P/P4PK1/3R1R2 w - - 5 26,d1d6 f7f3 e3f3 f8f3 d6d8 h8g7,1639,76,94,3966,advantage defensiveMove long middlegame
IKBgg,1k2r3/1p3p2/2pQ2bp/1q4p1/6P1/5R1P/1r2p1P1/4R2K b - - 3 33,b8c8 f3a3 b5a6 a3a6 b7a6 d6c6,1824,73,95,11043,capturingDefender crushing long middlegame queensideAttack quietMove
huLUW,2kr2r1/pp6/2nbqp2/2p1p1pp/P3P2P/2PPNPP1/1P4BK/R2Q1R2 b - - 1 19,g5h4 g2h3 h4g3 h2g2 e6h3 g2h3,1461,78,92,2563,crushing defensiveMove long middlegame pin
poAG5,8/pp6/4k1p1/6Pp/PP2K2P/8/8/8 b - - 0 43,a7a6 a4a5 e6d6 e4d4 b7b6 a5b6,1816,78,93,2080,crushing endgame long pawnEndgame quietMove zugzwang
hWXdE,r1bq1rk1/p2n1ppp/1b1Np3/2ppP3/5P2/P2B4/1PP3PP/R1BQ1R1K b - - 3 14,c5c4 d3h7 g8h7 d1h5 h7g8 f1f3 d7f6 e5f6,1859,76,92,3391,advantage attraction kingsideAttack opening quietMove sacrifice veryLong
a5olk,8/r2p3p/1b2kpp1/1P2p3/PK2P1PP/5P2/2R5/8 b - - 0 38,a7c7 c2c7 b6c7 a4a5 c7d8 b5b6,1598,76,93,5629,crushing endgame long quietMove
Ps43j,8/8/1p4p1/pP1p1kN1/P1pP1P2/2P1K3/3n4/8 b - - 11 44,d2e4 g5e4 d5e4 d4d5 g6g5 f4g5,1310,77,96,21719,crushing endgame knightEndgame long quietMove
LyUyd,1r3r1k/2p3p1/3p1q2/2p5/p1P1b2p/2P2P1P/P2Q2PB/R4R1K w - - 0 29,f3e4 f6f1 a1f1 f8f1 h2g1 b8b1,1255,76,94,9563,crushing defensiveMove kingsideAttack long middlegame
AliOR,8/7r/8/7p/3ppN2/1P5R/1K1k4/8 w - - 4 58,f4h5 e4e3 h3h2 e3e2 h2e2 d2e2,1192,77,99,2461,advancedPawn crushing defensiveMove endgame long
mZTPB,1br5/ppqk1p2/4p1p1/1Q3p2/4N3/1P3N1P/P4PP1/6K1 b - - 1 21,d7e7 b5b4 c7d6 e4d6 c8c1 f3e1,1884,76,93,14241,advantage defensiveMove endgame long
hNSMT,7R/8/8/5pkr/8/8/3K4/8 w - - 0 53,h8h5 g5h5 d2e2 h5g4 e2f2 g4f4,1528,76,94,958,crushing defensiveMove endgame long zugzwang
9TqdO,4r1k1/pp2rppp/2n5/7P/2p1nQP1/P3RB2/1PPq1P2/1K2R3 b - - 3 25,e4f6 e3e7 d2e1 e7e1 e8e1 b1a2,1555,75,98,3818,advantage defensiveMove long middlegame
KaGD2,8/6k1/7p/5p1K/8/6PP/8/8 w - - 3 67,h3h4 g7h7 g3g4 f5f4 g4g5 f4f3 h5g4 f3f2,1919,75,95,14253,advancedPawn crushing endgame pawnEndgame quietMove veryLong
OYToY,8/1p1Q2pp/6k1/2q2p2/8/5K2/PP6/8 b - - 1 40,c5c6 d7c6 b7c6 a2a4,1215,88,94,24638,crushing defensiveMove endgame queenEndgame short
UVdJL,5r2/5pk1/6p1/6N1/8/8/p4PPP/5RK1 w - - 0 31,f1a1 f8b8 h2h4 b8b1 a1b1 a2b1q,1577,75,92,584,advancedPawn crushing endgame long promotion quietMove
S95I5,8/2R5/8/8/2b5/1pk1K2P/6P1/8 w - - 4 51,g2g4 b3b2 c7b7 c4b3,1376,76,100,1345,advancedPawn clearance crushing defensiveMove endgame short
Ekrz0,2k5/2qn1rb1/pp1r3p/2p2P2/8/N3B1Q1/PPP3PP/1K1R4 w - - 0 27,d1d6 g7e5 g3g8 f7f8 d6d7 f8g8,1728,75,98,1751,advantage defensiveMove fork long middlegame
fDbNL,rnb1k2r/ppppqppp/4p3/8/3Pn3/3BPN2/PPP2PPP/RN1QK2R b KQkq - 1 6,e7b4 c2c3 b4b2 d3e4,1927,76,88,528,crushing defensiveMove master opening short
pTf1o,2k4r/6q1/p4R2/1p1pP3/2pP4/2P3r1/PP2QRP1/6K1 w - - 2 29,f6f3 g7h6 f3f8 h8f8 f2f8 h6f8,1797,73,95,13368,crushing endgame long quietMove
XNG1v,8/p7/8/8/1P3K2/k7/8/8 w - - 0 45,f4e4 a3b4 e4d3 b4b3 d3d2 b3b2,1551,77,95,7204,crushing defensiveMove endgame long pawnEndgame
PdoDR,8/1r3ppk/4p2p/2Q5/2RP1P2/4P2P/4q1PK/8 w - - 3 37,c5e5 b7b2 e5e4 f7f5 e4c6 e2e3,1843,77,91,1687,crushing defensiveMove endgame long quietMove
M9A8Z,8/8/1p4p1/pP1kp1P1/P6p/4K2P/6P1/8 w - - 0 41,e3d3 e5e4 d3e3 d5e5,1151,76,100,1300,crushing defensiveMove endgame master pawnEndgame short
2Nai8,r1b1k2r/1pq1np1p/p3p1p1/2Ppb3/3N4/1PPB4/P1N1QPPP/R3K2R b KQkq - 1 14,c7c5 e2e5 c5c3 e1e2,1516,76,94,2512,advantage defensiveMove middlegame short
U33jA,4r3/p5k1/1p3pp1/2p5/3n4/P2P4/BPP2PP1/R4K2 w - - 2 28,c2c3 e8h8 c3d4 h8h1 f1e2 h1a1,1928,75,93,1496,advantage endgame long quietMove sacrifice skewer
iIqYP,r1r3k1/3b1pn1/Nq2p2p/p2pP3/1p1n1PQ1/3BR3/PPP3PP/2KR4 b - - 1 22,a8a6 e3g3 d4f5 d3f5 b6e3 g3e3,1732,76,94,2185,advantage long middlegame quietMove
Armhd,8/pp3k2/8/3p4/PP1Pr1RK/8/8/8 b - - 2 46,f7f6 g4e4 d5e4 h4g4,1672,76,94,11959,crushing defensiveMove endgame master rookEndgame short
qU1DA,6k1/2R3pp/2pr4/2p2p2/8/P3PP1P/5P2/6K1 w - - 1 28,a3a4 c5c4 a4a5 c4c3 a5a6 c3c2 g1h2 c2c1q,1674,74,95,18113,advancedPawn crushing endgame promotion quietMove rookEndgame veryLong
sgWB8,8/6kp/5pp1/pQ2p3/Pq5P/6P1/4KP2/8 b - - 7 38,g7f8 b5b4 a5b4 a4a5,1629,80,92,2373,crushing defensiveMove endgame queenEndgame short
u1gq7,8/7p/6pK/5p2/2k1p3/6PP/5P2/8 w - - 4 41,h6h7 g6g5 h7g6 f5f4,1733,77,93,2012,crushing endgame master pawnEndgame quietMove short
8Matr,r1bqkb1r/pp2pppp/2np1n2/4P3/8/5N2/PPP2PPP/RNBQKB1R b KQkq - 0 6,d8a5 c1d2 a5d8 e5f6,1469,76,91,1249,advantage defensiveMove opening short
MjCXb,7b/8/6P1/pk1N1K2/8/8/8/8 w - - 0 66,f5e6 a5a4 e6f7 a4a3 g6g7 h8g7,1074,85,91,1853,crushing endgame long master quietMove
naAG1,8/8/p1k2Kp1/7p/4P3/8/7P/8 b - - 0 58,a6a5 e4e5 c6d7 f6f7,1605,75,90,679,crushing endgame pawnEndgame quietMove short
uUlbk,8/5K2/3k2p1/5p2/p4P2/P7/1P6/8 b - - 0 59,d6d5 f7g6 d5c4 g6f5 c4b3 f5e4,1923,75,90,929,crushing defensiveMove endgame long pawnEndgame
hsLVk,3b4/8/7p/1P3BpP/2Kp2P1/4k3/8/8 w - - 1 49,f5e6 d4d3 e6f5 d3d2 f5c2 e3e2,1120,83,94,1452,advancedPawn bishopEndgame crushing defensiveMove endgame long
4X4Wt,8/5p2/p7/4k1p1/1Pp1P1Pp/2P2K1P/8/8 b - - 1 56,f7f6 f3e3 e5e6 e3d4 e6d6 d4c4 d6e5 c4d3,1455,76,96,3348,crushing defensiveMove endgame pawnEndgame veryLong zugzwang
egWBT,8/8/1Kpk1pp1/3p4/P2P4/1PPn1P2/8/8 b - - 0 44,d3c1 a4a5 c1b3 a5a6,1511,75,89,914,crushing endgame knightEndgame quietMove short
puLEK,8/1pp5/2p5/4Kp2/pPP2Pk1/8/P7/8 b - - 0 40,b7b6 a2a3 g4f3 e5f5,1701,75,94,18253,crushing endgame pawnEndgame quietMove short zugzwang
cGtvs,6k1/6p1/P5pp/2b5/1P6/4p1P1/2P1K2P/8 b - - 0 38,c5b6 c2c4 b6a7 c4c5 g8f7 e2e3,1954,76,97,1003,bishopEndgame crushing endgame interference long quietMove
En3dr,5r1k/ppp2r1p/3p2n1/4p3/2P1P1R1/P4PR1/1P4Q1/2q2N1K b - - 11 40,c1h6 g3h3 g6f4 h3h6,1472,75,100,1183,advantage defensiveMove middlegame short
A9wrw,8/8/5p2/1p1k2pp/2p5/P1P1KPP1/1P5P/8 w - - 2 33,f3f4 g5g4 e3d2 d5e4 d2c2 e4f3,1758,75,94,4574,crushing endgame long pawnEndgame quietMove zugzwang
K3Uys,r4rk1/pppq2pp/n2b4/3pp3/1P6/P2PP1P1/1BQN1nBP/R4R1K w - - 0 18,f1f2 f8f2 g2d5 g8h8,1156,75,95,2390,advantage defensiveMove middlegame short
hUKfe,8/8/8/p1B3p1/k1p1K3/2P5/8/8 w - - 0 49,e4d4 a4b3 c5b6 a5a4,1677,77,99,831,bishopEndgame crushing defensiveMove endgame short
duE8K,8/1pp5/p2k3P/8/8/1P3P2/8/3r2BK b - - 0 47,d6e6 h6h7 d1d8 g1d4 d8d4 h7h8q,1356,76,94,1082,advancedPawn advantage deflection endgame long promotion quietMove
KqDNu,8/3k4/2RB3p/6p1/1p2P1P1/1rp2P2/4PK2/8 w - - 2 46,c6a6 c3c2 e4e5 c2c1q e5e6 d7c8,1953,78,92,1192,advancedPawn crushing defensiveMove endgame long promotion
jBTQ4,8/8/8/6p1/1Pn5/pKP4k/8/2N5 b - - 4 46,g5g4 b3c4 g4g3 c4b3 g3g2 c1e2,1888,74,95,2594,crushing defensiveMove endgame hangingPiece knightEndgame long
DwRti,8/8/2k4P/3p1r2/p1p5/2P4R/2K5/8 b - - 0 44,a4a3 h6h7 f5f2 c2b1 a3a2 b1a1,1337,77,92,1042,advancedPawn crushing defensiveMove endgame long rookEndgame
1evF6,2r2b2/pp1b2p1/5k2/q2pp3/5n1P/3B1QP1/PP3P2/R4K1R b - - 0 23,d7f5 d3f5 a5b5 f1g1,1986,80,92,1292,advantage defensiveMove middlegame short
jMSkJ,8/7r/8/4kp2/P1PR4/1P2p3/4K3/8 w - - 4 48,d4d5 e5e4 d5d8 h7h2,1254,76,86,571,crushing defensiveMove endgame rookEndgame short
KB5sy,8/4k3/p1p3K1/Pp6/6P1/2P5/8/8 b - - 2 52,e7f8 g6h7 c6c5 g4g5,1681,76,96,4087,crushing defensiveMove endgame pawnEndgame short
DYEwm,4r3/1p6/2p3k1/p1b1B3/P3P1PP/8/1PP5/5B1K w - - 1 34,e5f4 e8f8 h4h5 g6h7 f4e5 f8f1,1896,78,92,875,advantage defensiveMove endgame long
yC7ka,4Q3/6pk/2p4p/1Pp2pqP/p2n4/2B3P1/PP3PBK/3r4 b - - 0 34,c6b5 g2d5 d4f3 d5f3,1922,75,91,530,advantage endgame master quietMove short
WQmWC,5N2/6pp/4p3/4Pp2/5Pk1/8/1p6/1K6 b - - 3 49,h7h5 f8e6 h5h4 e6g5 g4f4 e5e6 f4e5 e6e7,1774,74,96,1266,advancedPawn crushing endgame knightEndgame quietMove veryLong
WR6nR,4r1k1/5pp1/7p/1Qp5/2PqP3/P2p1KP1/7P/4R3 b - - 3 32,d3d2 b5e8 g8h7 e1d1 d4d3 f3f2,1752,76,93,3195,crushing defensiveMove endgame hangingPiece long
raAu9,2k5/4P3/7R/8/8/p1n4P/5PPK/4r3 w - - 1 38,h6c6 c8d7 c6c3 a3a2 e7e8q d7e8,1598,75,96,10403,advancedPawn advantage defensiveMove endgame long
uyxg2,5nk1/5pp1/p2Pp2p/1p2q3/8/P2Q1P2/2BK1P1P/8 b - - 3 32,e5d5 d3d5 e6d5 c2f5 f7f6 d6d7,1720,76,91,1653,advancedPawn clearance crushing endgame long master quietMove
GOaFm,8/3n2kp/4K3/5PPP/8/8/8/8 b - - 4 55,d7c5 e6e7 g7g8 f5f6,1428,75,100,975,crushing defensiveMove endgame knightEndgame short
nTv9n,2r2k2/3r1p1q/4pR2/p2pQ2R/3P2p1/2P5/8/6K1 b - - 4 46,h7b1 f6f1 b1f1 g1f1,1048,84,93,835,advantage defensiveMove endgame master short
rK1cS,8/p7/4ppK1/3k2p1/8/7P/P5P1/8 w - - 4 46,g6f6 e6e5 f6g5 e5e4 g5f4 d5d4,1150,79,94,5688,crushing defensiveMove endgame long pawnEndgame quietMove
h7v88,R7/2p2kpp/2p2p2/3p1P2/3P1qPP/5P2/2Q3K1/1r6 b - - 11 35,b1c1 c2e2 c1c2 e2c2,1637,76,93,1416,crushing endgame quietMove short
CIjk9,8/pp6/1q6/1P1Q4/2K1k3/8/P7/8 b - - 9 54,e4f4 d5d4 f4f3 d4b6 a7b6 c4d5,1686,81,93,1314,crushing defensiveMove endgame long queenEndgame
t4wPG,5r2/4R1bk/p6p/1p1N4/3P3q/P1P2pp1/3Q1P2/5BK1 w - - 0 36,d2d3 h7h8 f2g3 h4g3,1578,74,92,1472,crushing defensiveMove middlegame short
MUKJO,r3k2r/p3pp2/1p1p4/1PpP4/P1P1PPqp/2QB4/5K2/R7 b kq - 1 27,h4h3 c3h8 e8d7 h8a8 g4f4 f2e2,1198,78,99,2293,advantage defensiveMove endgame hangingPiece long skewer
MpZLR,r1b4k/pp4b1/3p3p/n3pr2/6p1/B1N3Pq/PPPQ1P1P/3RNRK1 w - - 0 20,d2d6 f5h5 d6d8 h8h7 d8h4 h5h4,1980,74,95,14437,crushing long middlegame quietMove
YwlHI,5b1r/pb1p1ppp/1p2k3/8/4q3/2B1N3/P1P2PPP/R2Q1RK1 w - - 2 20,f2f3 e4e3 g1h1 e3c3 f1e1 e6f6,1196,78,91,582,advantage defensiveMove fork hangingPiece long middlegame
5R7Of,6k1/1p1P1p2/p3q2p/6p1/6P1/7r/1P1Q1KR1/8 b - - 4 43,e6f6 f2g1 f6b6 g2f2,1827,76,87,582,crushing defensiveMove endgame short
vZZMz,2r2rk1/2pq1p1p/p2b1p2/1p6/8/P2BBb1P/1PQ2PP1/2R2RK1 w - - 0 19,g2f3 d7h3 f3f4 g8h8,1809,75,95,8198,advantage defensiveMove middlegame short
cPhXc,4B3/4n3/2Pk3p/3p2p1/3K2P1/7P/8/8 w - - 7 41,e8d7 e7c6 d7c6 d6c6 d4e5 c6c5,1105,82,94,1778,crushing defensiveMove endgame long
MTe2R,3k4/3b2p1/2p2pP1/1pP1pP2/1P1pP3/1K1P4/8/5N2 b - - 19 58,d8c7 f1g3 c7d8 g3h5 d8e8 h5g7,1169,76,89,1364,crushing endgame long quietMove
0m9Op,8/8/6p1/Nn1p1p1k/P1pP1P1P/6K1/8/8 b - - 0 42,c4c3 a4b5 c3c2 a5b3 c2c1q b3c1,1444,77,96,4082,crushing endgame hangingPiece knightEndgame long quietMove
l2eLC,r2qr2k/ppp2ppB/8/8/3p1Pn1/2P5/PPQN2K1/R6R w - - 1 20,h7g8 h8g8 c2h7 g8f8 h7h8 f8e7 h8h4 g4f6,1640,77,94,10338,advantage defensiveMove hangingPiece middlegame veryLong
dHDTW,2k1r3/RpprP1pp/8/8/2P3b1/1P1P4/1P1K3P/4R3 b - - 0 21,c8b8 e1a1 c7c6 a7a8 b8c7 a8e8,1222,87,93,1417,advantage endgame long quietMove skewer
ks07F,r5k1/1p2n1b1/1Ppp1r2/6Q1/2P1N3/3P1pPq/3B1P1P/1R3R1K w - - 2 25,f1g1 f6h6 g5h4 h6h4,1657,75,100,1412,advantage master middlegame quietMove short
QYn56,2B5/3n4/4k3/6p1/PK2p3/8/8/8 w - - 3 55,c8d7 e6d7 b4c4 g5g4 c4d4 g4g3,1461,78,93,1430,crushing endgame long quietMove
lTD4j,r1bq1rk1/pp1n1ppp/3p2n1/3Np1N1/3PP2b/3BB3/PP1Q1PPP/R4RK1 b - - 3 13,h4g5 e3g5 f7f6 g5e3,1748,78,92,1961,advantage defensiveMove middlegame short
kfhVm,8/7p/5K2/8/6kP/8/8/8 w - - 5 49,f6g7 h7h5 g7f6 g4h4 f6f5 h4g3,1233,75,96,4607,crushing endgame long pawnEndgame quietMove
Dnnth,8/p5p1/7p/3nPB2/1P5k/r6P/P1R3K1/8 w - - 1 42,c2c4 h4g5 c4g4 g5f5,1213,77,93,1230,advantage defensiveMove endgame master short
QEvgB,8/8/4k3/1P3p2/3K2p1/p5P1/P7/8 b - - 0 45,f5f4 g3f4 g4g3 d4e3,1665,80,94,17056,crushing defensiveMove endgame pawnEndgame short
LPV3Q,8/6p1/7p/p1p1k3/P2pP3/1P3KPP/2P5/8 w - - 5 40,h3h4 h6h5 f3f2 e5e4 f2e2 g7g6 e2d2 e4f3,1982,76,100,789,crushing endgame pawnEndgame quietMove veryLong zugzwang
kLQJm,5k2/6p1/3p2Bp/p2P2nP/Pp1K2P1/1P2R3/8/2r5 b - - 8 50,c1d1 d4c4 d1c1 c4b5,1765,76,94,940,crushing defensiveMove endgame short
mf7r7,r1b1k2B/pppq1p1p/3b4/3n4/2Q5/5N2/P4PPP/R4RK1 w q - 0 17,c4d5 d6h2 f3h2 d7d5 f1e1 c8e6,1306,79,97,29083,advantage defensiveMove discoveredAttack long middlegame
F8mp5,8/pp6/2p5/2Pp1k2/3P1pp1/3K1P2/PP4P1/8 w - - 0 34,b2b4 g4f3 g2f3 f5g5 d3e2 g5h4 e2f2 h4h3,1971,76,89,1206,crushing defensiveMove endgame pawnEndgame veryLong
JTG9O,2r3k1/pp3ppp/7b/8/7P/1P1Q4/PK4P1/8 w - - 2 33,g2g4 h6c1 b2b1 c1a3,1305,75,98,1496,crushing defensiveMove endgame short
5qSkz,r1b1k1nr/pppp1ppp/5q2/4p2Q/2BbP3/3P4/PPP2PPP/RNB1K2R w KQkq - 0 7,f2f3 g7g6 h5h3 d7d5 c4b5 c7c6,1547,75,96,5884,advantage defensiveMove long opening
Zl6Zz,8/1K5p/6p1/8/PP2nk1P/8/8/8 b - - 0 48,g6g5 h4g5 f4g5 a4a5 h7h5 a5a6,1185,76,88,811,crushing endgame knightEndgame long quietMove
aMwQt,5r1k/R6p/8/3NnPK1/2p5/8/8/8 b - - 8 42,e5f3 g5h6 f3g5 h6g5,1757,75,94,7187,crushing defensiveMove endgame short
hItM6,8/p3Q3/1kp3K1/8/1P1q4/7P/5P2/8 b - - 0 47,d4f2 e7c5 f2c5 b4c5 b6c5 h3h4,1505,80,96,7279,crushing defensiveMove endgame long master queenEndgame
RP9Im,8/6P1/4p3/8/3p1k2/8/4p1KP/8 w - - 0 55,g7g8q e2e1q g8f7 f4e5,1589,79,95,26895,advancedPawn advantage defensiveMove endgame master masterVsMaster promotion queenEndgame short
4x6yr,3kb1R1/p7/3P4/3nBK2/3P2P1/8/P5r1/8 b - - 4 43,g2f2 f5e6 d5b6 e5f6 f2f6 e6f6,1553,76,94,1708,crushing defensiveMove endgame exposedKing long
kgV4R,8/8/5Pk1/5p1p/5K2/6PP/8/8 b - - 0 42,g6f6 h3h4 f6e6 f4g5 f5f4 g3f4,1672,74,86,1182,crushing endgame long pawnEndgame quietMove zugzwang
osEa9,8/8/2k2p2/1p6/1K2PP1p/7P/8/8 w - - 0 49,b4c3 c6c5 c3d3 b5b4,1092,87,95,2887,crushing defensiveMove endgame pawnEndgame short zugzwang
J02nw,8/R2kb3/5p2/4pK2/8/8/8/8 b - - 13 97,d7e8 f5e6 e7d8 a7h7 e8f8 h7h8 f8g7 h8d8,1822,81,93,1045,crushing endgame exposedKing quietMove skewer veryLong
Gr1TX,8/8/1p6/3R2p1/4K3/4b3/5k2/8 w - - 2 44,e4f5 f2f3 d5d7 g5g4,1509,76,93,871,crushing defensiveMove endgame master short
YR3bg,4R2R/6p1/6k1/3b3p/8/2P2N1P/1q4PK/8 w - - 2 39,f3e5 g6g5 h8h5 g5h5,1943,77,90,1911,advantage defensiveMove endgame short
Fseg2,3r4/p3r1k1/1p5p/3P2p1/5b2/BB2p2P/PP2R1P1/6K1 b - - 0 42,f4g3 a3e7 d8c8 b3c2,1980,74,93,11953,advantage defensiveMove endgame hangingPiece master short
9MfrL,r7/pp3pk1/6p1/2q2b2/P1p3Pr/5Q2/B1P2RP1/4R1K1 w - - 1 30,g4f5 a8h8 g2g3 h4h1 f3h1 h8h1 g1h1 c5f2,1499,75,93,2755,crushing middlegame quietMove veryLong
L7gd7,8/8/p1Pk4/3P4/7K/7P/8/8 w - - 1 53,h4g3 a6a5 h3h4 a5a4 h4h5 a4a3,1350,85,93,619,crushing endgame long pawnEndgame quietMove
NlDUG,4r1k1/1pp5/p2p2qB/2b5/4P3/1PP1P3/P1Q5/1K5R w - - 3 36,c2f2 g6e4 b1b2 e4h1 f2g3 g8f7,1613,75,96,9653,crushing defensiveMove endgame fork long
zVrO0,8/8/8/8/3k2p1/6P1/4K3/8 w - - 2 71,e2f2 d4d3 f2e1 d3e3,1817,71,94,14885,crushing defensiveMove endgame master pawnEndgame short
aB7Ek,8/7p/4P1p1/1N4P1/7P/1kpK1n2/8/8 b - - 0 49,f3e5 d3e4 c3c2 b5d4 b3c4 d4c2,1845,76,92,674,crushing defensiveMove deflection endgame knightEndgame long
LALqd,3Q1K2/1p3N2/2p1q1kp/p7/8/8/6P1/8 w - - 1 39,f7d6 e6f6 d8f6 g6f6 d6b7 a5a4 b7c5 a4a3,1662,75,89,835,crushing endgame master quietMove veryLong
9btzm,8/1k6/1p6/2pp1P2/8/1rPK4/8/5R2 b - - 0 45,d5d4 f5f6 b3c3 d3d2 c3a3 f6f7,1928,77,91,1930,advancedPawn crushing defensiveMove endgame long rookEndgame
LmeEr,8/8/8/1p6/1R3pkP/2P2p2/rP3K2/8 b - - 1 38,a2a4 b4a4 b5a4 c3c4,1533,77,92,925,crushing defensiveMove endgame rookEndgame short
h2H6y,8/5k2/5r2/p5RK/5Pp1/7P/8/8 w - - 0 52,h5g4 f6g6 g4f3 g6g5 f4g5 a5a4,1754,74,96,4570,crushing defensiveMove endgame long master masterVsMaster pin rookEndgame
xTaz7,6Q1/p7/8/2K5/k7/4P3/8/3q4 b - - 4 49,d1c1 g8c4 c1c4 c5c4 a4a5 c4c5 a5a6 c5c6,1805,76,93,6008,crushing defensiveMove endgame queenEndgame veryLong
7BW5p,rnbqk2r/ppp2ppp/1b1p1n2/8/N3P3/1N6/PPP2PPP/R1BQKB1R b KQkq - 3 7,b6f2 e1f2 f6e4 f2g1,1569,77,95,21695,advantage defensiveMove opening short
Xo2Ie,5r2/pbr2kp1/4p1R1/1p1qPpP1/2pP4/P1P4Q/1PB2KP1/5R2 w - - 5 34,f1g1 f7g6 c2d1 g6f7,1742,76,92,1277,crushing defensiveMove hangingPiece middlegame short
jsWgt,8/8/5k2/7p/PR5K/8/8/6r1 b - - 5 43,g1g4 b4g4 h5g4 a4a5 f6e5 a5a6,1836,79,93,844,crushing endgame long quietMove rookEndgame
sepbm,2k1r3/p7/Pp6/2pp1r1p/7p/2PR3Q/4qPP1/2K3B1 b - - 9 48,e2f1 d3d1 e8e1 h3f5,1177,76,100,1079,advantage defensiveMove endgame pin short
5lq3X,5r1k/2pb2pp/8/3P1P2/1pB5/1P6/3p2PP/5R1K w - - 0 30,f1d1 f8e8 h1g1 e8e1 g1f2 e1d1,1957,75,93,1269,crushing endgame long quietMove
cuegJ,r2q2k1/p4p1p/5P1Q/3pP3/3P3b/1P3r1P/P7/R5KR b - - 0 31,f3g3 g1h2 g3g6 h6h4,1643,80,92,5786,advantage defensiveMove middlegame short
ngBLe,8/8/7K/5p2/5k2/4p3/4B3/8 w - - 0 61,h6h5 f4g3 h5g5 f5f4 e2c4 f4f3,1357,76,97,5966,bishopEndgame crushing endgame long quietMove
MCora,8/5pp1/4k3/pp1p4/2pPn1P1/P1P2P2/1PN1K3/8 b - - 0 36,e4g3 e2f2 g3f5 g4f5,1099,83,95,1288,crushing defensiveMove endgame knightEndgame short
E5oZo,8/7k/4p1p1/3pP2p/2pP1K1P/2P5/6P1/8 b - - 0 52,h7g8 f4g5 g8g7 g2g3 g7f7 g5h6,1538,75,96,6526,crushing endgame long master pawnEndgame quietMove zugzwang
4r0jG,r5k1/p4p2/1p1P2p1/2pQn3/5R2/P5Pq/7P/6K1 b - - 1 30,h3e6 d5a8 g8g7 f4h4 e5f3 a8f3,1962,76,93,8406,crushing endgame hangingPiece long quietMove
k4ogv,1rbqkb1r/p1p1pppp/3p1n2/np6/3P1B2/1QP1PN2/PP3PPP/RN2KB1R w KQk - 3 7,f1b5 c7c6 b5c6 a5c6,1792,81,93,4004,advantage defensiveMove opening short
Ry8sk,8/6p1/4k2p/2Rrb3/4R3/2p1P1P1/5PKP/8 w - - 11 39,c5d5 e6d5 e4a4 c3c2 e3e4 d5c5,1670,76,94,1103,advancedPawn advantage defensiveMove endgame long
xBBCh,8/5pk1/6p1/4p2p/4P3/1PR3bb/1P4r1/3Q3K w - - 0 37,d1g1 g2g1 h1g1 h5h4,1736,74,94,8721,crushing defensiveMove endgame short
H39X0,4R3/8/8/2K5/2P5/1r6/3kp2P/8 w - - 0 76,e8d8 b3d3 d8e8 d3e3,1968,75,97,2600,crushing defensiveMove endgame master rookEndgame short
ytwG3,2k3nr/pnp1q3/Qp2p2p/3rP1p1/3N4/P1P3B1/5PPP/1R3RK1 w - - 4 23,a6a7 d5a5 d4c6 a5a7 c6a7 c8d7,1925,76,92,2747,advantage defensiveMove long middlegame trappedPiece
3YiGm,1k5r/ppp5/4R2p/5ppQ/3P4/2P3P1/PPK2Pq1/8 b - - 0 24,g2f2 e6e2 f2e2 h5e2,1006,76,100,1088,advantage defensiveMove endgame short
BP9oD,r1b2rk1/pp1p1ppp/3b4/3pP3/3q4/7P/PPPNQ1P1/R1BK3R b - - 1 13,d6e5 c2c3 d4a4 b2b3 a4c6 e2e5,1514,78,93,824,advantage defensiveMove long middlegame
g5HHT,8/8/1Q6/6pk/5q2/KP6/P7/8 w - - 3 53,b6b4 f4b4 a3b4 g5g4 a2a4 g4g3,1329,76,98,3000,crushing endgame long queenEndgame quietMove
JiXWV,8/p7/b7/1P1Kpk2/4p2p/2N1Pp1P/5P2/8 b - - 0 56,a6b7 d5d6 b7c8 d6c7,1917,76,87,1225,crushing defensiveMove endgame master masterVsMaster short
KqUm3,r4rk1/3p1p2/p3pPpp/1p2P1b1/6QP/1PB3R1/2q3P1/3R3K b - - 2 28,h6h5 g4g5 c2d1 h1h2 g8h7 c3d2 d1d2 g5d2,1777,76,92,733,crushing middlegame quietMove sacrifice veryLong
PGqv7,8/rk1K4/8/8/8/1R6/8/8 b - - 1 73,b7a6 d7c6 a6a5 b3a3 a5b4 a3a7,1379,78,94,1079,crushing defensiveMove endgame exposedKing long rookEndgame skewer
NbvMF,8/8/p1K2k1p/Pp3p1P/3Pp3/4P1P1/8/8 b - - 4 43,b5b4 d4d5 b4b3 d5d6 f6f7 d6d7 b3b2 d7d8q,1567,80,94,972,advancedPawn crushing endgame pawnEndgame promotion quietMove veryLong
Bm40l,8/8/5kp1/5n1p/7P/5NP1/5K2/8 b - - 21 72,f5h4 g3h4 f6f5 f2g3,1946,85,92,963,crushing defensiveMove endgame hangingPiece knightEndgame master short
jmY2i,2r1k3/ppqbbppr/4p2p/3pP3/3B4/1NP5/PP3PPP/1R1QR1K1 w - - 0 21,d4a7 b7b6 a7b6 c7b6,1559,74,87,510,advantage middlegame quietMove short trappedPiece
agnEX,8/1p5p/p1p1k1p1/P4p2/1PPP2PP/3K4/8/8 w - - 1 37,d3e3 f5g4 e3f4 h7h5,1782,77,92,1733,crushing defensiveMove endgame master pawnEndgame short
5dL1m,r1bk2nr/pppp1Bpp/8/6B1/4P3/5QK1/P5PP/qN5R b - - 2 13,g8f6 b1c3 a1c3 f3c3,1944,76,92,650,crushing middlegame pin quietMove short
tXEVT,6k1/4r1pp/2p3q1/Q2p4/5r2/N6b/PPP2RPP/3R2K1 w - - 2 23,a5a8 e7e8 a8e8 g6e8,1074,79,90,823,advantage defensiveMove middlegame pin short
b50VG,r3k2r/ppq2pp1/2pb1n1p/2nPpN2/Q3P3/2PB4/PP4PP/R1B2RK1 w kq - 1 17,f5g7 e8f8 a4d1 f8g7,1744,75,93,911,advantage defensiveMove middlegame short
g0BEf,2r5/4ppk1/3p2p1/R7/4P1P1/pPp2P2/P1P5/1K6 w - - 0 29,a5a3 c8h8 b3b4 h8h1,1598,76,96,18130,endgame mate mateIn2 quietMove rookEndgame short
uhT3w,3r1b1r/p1pk1ppp/Q1p2p2/5q2/3P4/5P2/PPPB1P1P/R3K2R b KQ - 0 13,f5c2 a1c1 d8e8 e1f1 c2d2 a6c6,1669,76,94,4778,advantage defensiveMove long middlegame sacrifice
uvi5j,8/8/2Pk2p1/3P1p2/1p2n2P/1P2KPP1/8/8 b - - 0 42,e4g3 e3f4 g3f1 f4g5 f1d2 g5g6 d2b3 h4h5,1738,77,96,4222,advantage defensiveMove endgame knightEndgame veryLong
xwdiB,8/6pk/1pN2p1p/P7/2b5/1p2P1KP/2r2PP1/R7 w - - 0 36,a5b6 b3b2 a1b1 c4a2 b6b7 a2b1 b7b8q b1a2,1917,76,93,4078,advancedPawn advantage clearance defensiveMove endgame veryLong
2WrOr,2kr4/pp6/2p1p3/5p2/B1P3pq/P1Q5/6P1/5RK1 w - - 4 32,c3e5 g4g3 e5e6 c8b8 e6e5 b8a8,1643,76,94,3374,crushing defensiveMove endgame long
Hv8og,8/pp6/2ppb1k1/7R/4PKp1/7p/PPP5/8 w - - 4 43,h5g5 g6h6 g5g4 e6g4,1929,75,94,4547,crushing defensiveMove endgame short
duix4,8/4p3/p2k4/P3p2p/1KP1P1p1/6P1/7P/8 w - - 1 42,b4b3 d6c5 b3c3 e7e6 c3b3 c5d4 b3b4 d4e4,1119,88,94,500,advantage endgame master pawnEndgame quietMove veryLong zugzwang
F2GZA,2kr2nr/ppp2ppp/2q5/5b2/1b6/2NB4/PPPB1PPP/R2QK2R b KQ - 3 10,c6g2 d3f5 c8b8 f5e4 d8e8 d1e2,1912,77,92,4247,advantage defensiveMove hangingPiece long opening
X5xBZ,8/3k1p1p/p3pP2/4r3/P3R2P/4K1P1/8/8 b - - 2 49,e5e4 e3e4 d7d6 g3g4,1419,75,94,1640,advantage defensiveMove endgame short
MRx1k,2r1r2k/pp2PQp1/4Rp1p/5p2/1q6/4R2P/6PK/8 b - - 1 32,b4f4 e3g3 f4g3 h2g3,1672,76,94,2293,crushing defensiveMove endgame short
K8Qyo,8/8/8/8/2kp4/4r2R/8/2K5 w - - 8 55,h3e3 d4e3 c1c2 c4d4,1230,75,100,586,crushing defensiveMove endgame short
kfKoo,6k1/1R5p/2P3p1/4p3/4Pq2/1P3P1b/3r2P1/1B2Q2K w - - 0 49,c6c7 h3g2 h1g1 g2h3 c7c8r h3c8 e1d2 f4d2,1890,75,91,1187,crushing endgame quietMove veryLong
hlMyD,8/4k3/4p1p1/3pP2p/6PP/4P2K/8/8 b - - 0 62,e7f7 g4h5 g6h5 h3g3 f7g6 g3f4,1940,75,90,2534,crushing defensiveMove endgame long master pawnEndgame
C632d,6k1/pp3p2/6p1/3P3p/3Q3P/3P1K2/5PP1/3q4 w - - 7 37,f3g3 d1g4 d4g4 h5g4 g3g4 a7a5,1547,75,99,2001,crushing defensiveMove endgame long queenEndgame
ajQnC,8/p7/7P/8/P1k2P2/1pp5/8/3K4 b - - 0 47,c3c2 d1d2 b3b2 d2c2 b2b1r c2b1,1981,82,92,1099,crushing defensiveMove endgame long pawnEndgame
xJYit,r4rk1/pp3p1p/2p3pQ/3b1p2/4qP2/5N2/PPP2KPP/3RR3 b - - 7 19,e4c4 f3g5 c4f4 f2g1 f4g5 h6g5,1416,77,92,662,advantage defensiveMove long middlegame
Nuzn6,6R1/pp2k2p/6p1/8/3P4/5p2/PP6/K7 w - - 0 36,g8c8 g6g5 c8c1 g5g4,1874,77,93,4576,crushing defensiveMove endgame quietMove rookEndgame short
L6veu,8/2k5/3p2P1/1ppr1p2/8/8/PP6/1K3R2 b - - 0 41,f5f4 f1g1 f4f3 g6g7 f3f2 g7g8q f2g1q g8g1,1952,75,88,749,advancedPawn advantage endgame promotion quietMove rookEndgame veryLong
SlJwc,b7/5pN1/7p/4P3/1P1K1k2/8/8/8 w - - 0 38,g7e8 h6h5 e8c7 h5h4 c7a8 h4h3,1609,75,90,1520,crushing endgame long quietMove sacrifice
H3lhS,r1q3k1/P1b2p1p/1pb3p1/3p4/3P1P2/2Q1P3/6PP/RR4K1 b - - 1 35,c8b7 b1c1 a8a7 a1a7,1814,78,92,1346,advantage middlegame quietMove short
g1qh3,8/8/2k5/p4p1p/P2K2p1/6P1/7P/8 b - - 1 45,h5h4 g3h4 c6d6 h4h5 g4g3 h2g3,1938,78,92,1372,crushing endgame long pawnEndgame quietMove
T8HSH,8/7p/8/3B1P1p/4P3/p1k5/Kp6/8 w - - 1 49,f5f6 c3c2 d5b3 c2c1 f6f7 b2b1q,1146,75,97,1468,advancedPawn bishopEndgame crushing defensiveMove endgame long promotion
yEjWL,8/6K1/8/7p/4p3/6B1/4k3/8 w - - 2 52,g7g6 e2f3 g3e1 f3g4,1895,76,91,1529,bishopEndgame crushing defensiveMove endgame short
EMK44,8/7p/6p1/5k2/5P1P/4K3/8/8 w - - 2 43,e3f3 h7h5 f3e3 f5g4 e3e4 g4h4 e4f3 h4h3,1856,75,94,16406,crushing endgame pawnEndgame quietMove veryLong zugzwang
ouup2,3N2k1/bp4p1/p1p3p1/7p/1P3P2/P5PK/6r1/4R3 b - - 1 39,g2a2 e1e8 g8h7 d8f7 g6g5 f4f5,1749,76,99,555,crushing defensiveMove endgame long quietMove
ITYV3,8/8/6p1/2k1p2p/2p1P1bP/2P1K1P1/8/5B2 w - - 0 50,f1e2 g4e2 e3e2 c5b5 e2d1 b5a4 d1c2 a4a3,1522,78,88,2049,bishopEndgame crushing defensiveMove endgame veryLong
jhy4P,8/8/3k4/1P3R2/4P3/8/1K3p2/5r2 w - - 5 45,b2c2 f1a1 f5f2 a1a2 c2c3 a2f2,1649,75,91,1623,crushing endgame exposedKing long quietMove rookEndgame skewer
WzYgp,8/8/p6P/kp6/3N4/8/3K1P2/1b6 b - - 1 50,b1g6 f2f4 a5b6 f4f5 g6h7 f5f6,1737,76,94,1492,crushing endgame long quietMove
472xa,8/8/p2kR1rp/P2P4/3K2P1/8/8/8 b - - 18 58,g6e6 d5e6 d6e6 d4c5,1129,75,94,724,crushing defensiveMove endgame short
Eg7i3,8/8/p7/Pk5p/1P3P2/4K1p1/8/8 b - - 0 41,h5h4 f4f5 h4h3 e3f3 g3g2 f3f2,1815,77,93,3016,crushing endgame long pawnEndgame quietMove
rFyh0,5R2/8/1p5p/4Pk2/5P2/1r1p4/6KP/8 b - - 2 39,f5e4 e5e6 b3b2 g2g3 b2e2 e6e7,1335,76,97,7090,advancedPawn crushing defensiveMove endgame long rookEndgame
IkQTn,8/7p/6kP/1p1B1bP1/1P3K2/4pp2/5P2/8 w - - 0 47,f2e3 f3f2 d5g2 f5d3,1517,80,94,11267,advancedPawn bishopEndgame crushing defensiveMove endgame short
vHFYY,8/p3r1k1/1p1R2p1/3R3p/PP3PK1/2r3PP/8/8 w - - 0 37,g4g5 c3g3 g5h4 e7e3 d6d7 g7h6,1648,76,95,4932,crushing defensiveMove endgame long quietMove rookEndgame
CcolH,3r1rk1/p3ppbp/5np1/1pp5/4P3/2PnR1PP/PP3PB1/R1BN2K1 b - - 4 17,g7h6 e3d3 d8d3 c1h6 f8d8 d1e3,1624,78,94,7599,advantage defensiveMove discoveredAttack long middlegame
PtQlC,5r2/2R2pk1/6p1/7p/R1p4P/p1r1P1P1/5P2/6K1 w - - 6 36,c7c4 c3c4 a4c4 f8a8,1669,74,99,4095,advantage defensiveMove endgame master rookEndgame short
